id,company
99499159-715f-403b-a9fe-27827a4b28f9,Thoughtblab
51793240-77a3-430c-8b97-b604c2822e3e,Tazz
a20672c6-3b22-46e1-87b5-75df1e298aa3,Jatri
5e34aafb-29fb-4649-910f-c516bd34bbd5,Oyoba
b7503f21-07ef-42c3-bc9e-ef75548a6689,Zazio
407cfea2-c3fc-420a-9f26-a733b4309cff,Trilia
a3dd7acf-b3fe-40a6-8f04-083b9bfc736d,Jaloo
8aafefa5-f65f-44bc-b9e0-f5a5871162f4,Fliptune
85e70a76-88de-4a94-9196-0af823cdc39f,Linkbuzz
1b6480b6-8c34-459a-b65e-0bd01e7b666d,Vidoo
6bf3890a-a681-4007-a1e1-65ee766df2d7,Oodoo
992d7249-b57a-423a-90ec-27a1b2cd20a5,Photofeed
a6dbef06-602a-4829-9c83-977115b4367c,Youbridge
62ea5089-a58b-442a-9af4-48bdfad5b9c1,Plajo
8c74a985-e2f1-4c80-a29b-6c584de2248c,Brightdog
25e66543-91af-4d91-9e17-1e3d0b87fae6,Youbridge
6495fe7f-5b71-40e4-bd54-4bb2566ee464,Dynabox
0b523399-0389-470b-b18c-c4e0e0b4ce98,Flashpoint
b7f99406-cbaf-48de-964c-9c6f38b1fa05,Edgeclub
d3311c2b-0226-4f4b-ab9b-dceabf34016d,Riffwire
55134c90-67e9-4a17-ad37-7aa58477ac5f,Rhybox
7d45cc6a-2772-4f76-a023-981b533f4e89,Skaboo
1e8328ce-42c0-4531-aad6-5a194995e5d5,Minyx
ced41338-b35d-4d1e-a6ba-234b3927d44f,Izio
94d7a969-f64d-4ea8-9bf7-9edba3a704b6,Skyndu
5d1bc673-41c1-46eb-be66-6c17b93e243b,Divape
c5d6ba9d-0331-4f4f-9695-475631761f76,Rooxo
4d97e44f-3fa2-4c25-99ac-161f39178a8e,Youspan
0cc4ab9f-0e80-4d99-b43c-d05a6d3e02c2,Kwideo
e5f64933-14a9-496c-bb50-3a8fb0c1bd8d,Yakidoo
b13bbf4f-0184-4545-aeb7-f83352145acf,Aivee
93a3cbbf-b035-4b87-92e7-94fc6816d6c0,Fivechat
4ec986ff-e114-4d86-a919-fed5eaad9dfb,Thoughtworks
5dd65a1c-8f89-4a15-93b3-3ffedfbea341,Cogibox
3e0a9f5b-8a20-4b85-b285-aad86b2c7846,Demizz
3e2de510-a61f-41dc-a06b-17f2425f2475,Fadeo
5be49aaf-af52-4aa3-804d-536a9045675e,Tambee
796a66a1-3885-4e12-adba-b14e874bd43c,Kanoodle
b0cbd604-7230-4d90-b641-5ee60216c07e,Browsetype
ff0a5138-656d-4ac1-920e-a298b7e26f3f,Eabox
dc5580f4-a1c3-483f-95d8-5af144ad2e25,Gabvine
d6c3f4b7-7bd4-413e-a2dc-e0cb4f91f9e9,Youtags
9bcfc2c8-a17d-487d-a5d0-4dcc27596302,Flashpoint
0fc516ee-5675-4ba8-b665-d13edb0d87ca,Gigazoom
3f556ae6-d7f9-47d8-98da-544bf9f85992,Thoughtsphere
bc6a92a1-4e94-4999-99a5-0d53494aea9b,Demimbu
cc620100-0b63-40c0-9d13-95819b918642,Thoughtbridge
b3b15223-c860-478a-8b20-587146678f08,Livefish
2dd44a98-1514-4836-b62b-3f437e9b0de3,Topicblab
f2b6bdc5-a69f-446d-a46e-729b9d637c50,Skidoo
fc96014a-43c4-40cc-bc37-298e9689cae0,Jayo
91ee0191-1275-41cd-be54-5761b8f83d23,Innojam
dd02870b-5ab1-47e8-aff4-2f9bee0355d9,Dynazzy
a227802a-69c8-4576-9fe0-f1de6967d31e,Podcat
a488804b-220d-487a-9756-102f78596092,Vitz
27cfe0e3-539a-4f92-a823-7073f142f41c,Youopia
6c836e8c-38cc-4825-975e-ca9a12058678,Gigashots
69af4108-4d26-4027-bae3-aa6f0c9b0805,Eimbee
f561bab1-8021-4cc7-9030-ec3224f602c6,Trupe
369d1cb1-ddad-4997-aa56-13b51217a178,Oyope
b5e6c6a3-21f8-4a98-bbdc-150bb0800341,Skalith
ba9bad3d-8315-4457-8006-6e55e50a032d,Pixope
801442ee-c17c-40de-a671-bdeefadd032d,Brightdog
e1d640f4-745d-482d-9988-419c988d3b4f,Topiclounge
12a13d5a-4a2c-4c9d-aa5e-784cce8590df,Devpulse
7c0dae16-b63f-4361-acc1-74c10de8e73e,Nlounge
b04f2ecf-1b68-4379-ab86-5fb6deca299b,Lajo
7de8faf5-c9dd-4bb8-ab13-16813b671c57,Einti
b0b7fbb5-9251-4963-9668-3fe2d6d74e03,Ozu
465d63a2-48ac-4159-b45e-03510708bf33,Devify
98ee61c5-d48d-4849-8868-4639010f985b,Quimba
436a81e6-8cc4-43ce-9428-73fd746a0ede,Abatz
6c73b273-871e-4da2-9d0f-dd89b6ec707e,Innojam
386f2512-04a7-4106-8674-950139f15219,Thoughtsphere
e0a9df52-dce2-40ab-b4a7-8b4cea56463e,Wikivu
6f1f681e-6a76-4221-8b8f-de1c0fc46f3c,Photobean
0eedc62f-b1be-4369-a99e-3bc1cf211003,Oba
ed041469-ec38-4761-bfce-4990f64acc65,Wikido
4d080f47-cc35-4b37-a1d7-69b851858fba,Plambee
d518011f-2648-437f-b154-a522ae25b5ae,Avamba
ff6b7a7e-c79d-4832-8e07-6e80518d981d,Blogtag
0e6a4101-59bb-4cd0-bd89-c4083ca5cfee,Shufflebeat
8b14228c-b46c-4896-b4e2-1acc50470983,Voolia
dcdccdcf-68b0-446b-a081-4632804d90b1,Voonte
5c594e99-95ce-4d4a-b848-63c35cd2cb3d,Fanoodle
cefce80d-c673-43c6-807c-731694a3cb23,Lazzy
fe925a8d-8320-4e9a-b7a5-4e2f93c892a9,Skinder
59a831ca-365b-4e7e-a97f-ce8a39e890b6,Oyonder
91150b02-0052-4ca7-bcbf-2545b0380c53,Skippad
6d701915-a360-4d34-8e74-8fe5272353f1,Twimbo
28952c13-2380-470a-a518-a0b8c32e472e,Linkbridge
5bf00dfb-cf10-4552-8a36-434ac4402998,Lazz
5c9c857e-fc62-4248-a7e5-784d40dab567,Babbleblab
e7a9e5dd-4f3c-416f-8459-152e617a5480,Photobug
f89a2065-6efc-43a8-8f38-ba75474aeb37,Tagpad
2a0249ad-9aef-4b30-943a-175b68a92e6d,Babbleopia
35dd2d8b-b32d-4197-b7a6-c48bca602f81,Brainverse
22883ea8-4cc1-4f15-96e3-722803187140,Tanoodle
7e3ef428-dda3-4951-ba69-89bda8bb6ce7,Innotype
0ed00c7b-835d-45ad-a3f3-49e3342d3e4e,Pixope
a7e1b222-bb9f-4f14-89a9-0653e06cebd5,Skivee
a99be7cd-a3d4-4599-b24c-6af64bb4a671,Bubblemix
e6331f72-1ca1-4b81-9131-c8e853c0fd6a,Agivu
b2f9ad64-13c2-458b-9c8b-0c889a80e4e0,Meemm
343fec91-1be1-426a-9229-61dab11bd4bb,Meetz
71defccb-03cd-435f-8f42-83f667541631,Riffpedia
df3234aa-add1-4ee0-8fb4-2f11e8542c60,BlogXS
a782a0c1-edb7-4b85-806c-f6b294c7eea7,Rhyloo
af9d0568-4feb-45e7-95dc-12f151369127,Shufflester
44613bd4-ac13-438e-935e-d78e0f9f355a,Yodel
c352b775-3f64-4e3c-98ad-b7eb73d3f3a2,Gigaclub
8e1e300d-5995-48e5-9b3c-996f915779b5,Mynte
bd67bb4f-1e40-485b-81d5-c0c4abf0ee45,Ooba
713f59b3-5eb8-480e-af8d-3a9283bae088,Oyoba
b7a00dc2-70df-4ddb-818b-159d69d70119,Ailane
81639c02-52df-41fb-bc61-9822cdfdb33a,Youopia
7c963738-f4e4-49e3-9373-dd04cad9870c,Browsebug
4522dcb3-f75b-46a8-9415-c3c2f541be72,Shufflebeat
cc913bb9-4880-4788-8258-9cfe2b236f07,Wordpedia
567158f4-539d-4b44-837f-f1a8d89986c2,Meemm
2575a25c-4a87-4dd2-83d1-50b97c7697d7,Eadel
7d37ac65-fe2a-4c72-a8f9-515b2081d606,Skinder
e408c735-250b-48dc-a4a2-e7fe33a47eea,Jaxworks
2b0713ae-4b25-46e6-8647-1bb3cad7dbec,Youbridge
f8bd5a4b-5e45-465c-b972-a4955092563e,Katz
393e6564-7880-4b0b-a62d-9a32f96ad44d,Edgepulse
ae4dd1bc-d663-43c1-889e-f2368f1d2ffa,Skilith
1eecaa50-8913-4bcb-90d3-4fb455614f82,Quaxo
2cad179f-9f6f-4ab3-86c6-cfbab836ff10,Brainbox
8a5e8671-28be-4269-9e1a-322b7955469f,Edgewire
4dff9eb5-eee3-48c8-b9d3-7b64246f907d,Zoonoodle
d1282dcd-eaf0-47a9-9645-57095e7a12dd,Meevee
28935bb2-ce78-4a9e-a71a-60bbeac99acf,Pixoboo
2e284d2a-8daf-4932-a334-1f7c70c9af17,Twimm
359300ee-abae-4fae-8809-0725e97209ef,Shuffletag
06a65c36-8d8d-4226-88a0-ff0b6d4b0cf7,Voomm
fe0100f4-6b12-4aca-91dd-19e2f5c9e031,Flipstorm
685ee378-32d4-4d3a-a7a3-05c5d7166830,Gigazoom
fcdee27b-cf0f-4d1a-bcd2-6dd7074bb1ca,Plajo
bb1691fb-b520-46a1-8393-4d97ffd94b6e,Zazio
317c52b4-835f-4e8b-a879-11a125893b10,Pixonyx
89fb8dfb-1cee-4896-a513-f6b24d119661,Youfeed
6c137584-a3da-4cfd-9d16-6c897487c2c2,Eimbee
e4644d68-8243-496a-a188-6b4302cdefde,InnoZ
e4eb1b64-1361-4d74-8250-6177278925ef,Reallinks
d426b811-afcb-4270-b056-8c6c4d6e5750,Tavu
cbba7cc0-aedf-4aca-a407-4eee3eb618e1,Avavee
4004f8a3-2646-439c-95d9-1f824e68e1ef,Avamm
50944f16-196f-4ca8-8888-e182df568b9a,Skiptube
7aca3c01-3841-467c-9c6b-c3d32bd9cca9,Devcast
164a8014-5101-40d2-8a97-7d8ccc813a51,Realcube
4187f9bd-1609-4a30-baf5-c817c1260215,Gevee
7f9af41d-118b-48b8-ba55-83c778ff70d0,Voomm
47975947-b4e9-4186-be06-facb2d5c17ef,Eadel
1068e386-d284-443e-803a-a3cc891fbbd9,Bubblebox
ffa1fbe9-b58d-407d-8571-994108b83dd2,Thoughtbridge
e69ee68d-6394-4749-aa87-f6d406312a98,Zazio
9fd9f720-9d2b-443e-899b-d238c47312de,Ooba
d3fe7e64-a63f-42bd-9ef6-2d871d8556c4,Pixonyx
3aee2afe-bff8-4af5-836a-ae96c540ac99,Skalith
8fa2eb87-73cf-44fd-96e6-6a008279d923,Wordpedia
e26bc638-41ad-4147-9887-ada63f5531f6,Lajo
095df7b9-9f45-40ce-a5de-89f18da74613,Voomm
f90e58c9-aa02-401d-b68f-585de75dab32,Divanoodle
e0abab43-965f-47a3-b65d-ff7806473023,Thoughtmix
d889b458-7622-4599-b156-b442b5defa72,Eabox
c1a6f5cf-9e82-4b79-9b15-02503235143c,Zoomlounge
4a68895f-ac9e-4149-8350-9f4b44b86248,Yodel
2a20ff8a-1811-408a-9e42-058fbf8ead2b,Blogpad
8e67f1f3-1b2c-4d5e-a257-4ad389e6d5b1,Jaxbean
9b5ad5b4-f769-4137-8243-2ec14d6b554b,Trilith
b570407a-c4ff-4ca0-9714-19655229b3d1,Youbridge
21897823-ad48-405a-b155-dadcc30faa75,Gabvine
fc54af8d-4250-4981-9d21-a0d78f854fb3,Babbleblab
9676b959-91cf-4521-9237-794e656a23cc,Voonix
30a96961-50b3-4593-bfa4-5af994b7cf62,Rhybox
d1ea5dab-fc74-48b4-88e6-d3d846349fdd,Ntag
3b330843-a853-491b-bd80-23261f23331c,Lazz
b6cced99-d657-4fac-84e4-7a1b882481dc,Oyoyo
750c25fe-b097-4223-b80b-65a68ab7c180,Centizu
b38bec46-9b2f-46de-affe-db29c3226caa,Gabvine
20df8b55-07f6-402d-9e49-4e8cef5e9df6,Fiveclub
72b23617-9959-49cf-b49a-ca8ab4d792e6,Chatterpoint
09ed4634-7779-4b60-82b1-ec9505724bcb,Kamba
a78f4df0-7c05-4a81-a72d-26462c5d2aa7,Youfeed
df2832ee-9de0-4ec4-bd56-25aaa16ce8f5,Thoughtstorm
4f3f236c-119f-426a-9656-09a5f5929e3d,Jabbertype
67e441c9-9865-49c9-8f70-5275783d0cdb,Gabtune
e0c6768c-adab-4aee-a674-c3b653461f7d,Twitternation
048ddde5-d4ab-4288-91c8-e445f18ceab9,Jaloo
ad84f01e-5e12-4320-b948-4b899b57ec65,Lazz
2df23382-3bb6-45c0-91e0-2169cb6ed29e,Realmix
ad359573-f527-4b06-b22f-96a37f6632f8,Gigazoom
969f922c-92c3-478f-8c79-f1ca83e42d45,Kanoodle
f39dc059-f53e-4d64-aec4-bbc591022951,Quimm
02e14620-c4c2-4dba-ad76-6290bc6d0d77,Zoovu
95230bfd-eed8-4bed-a6c4-6689db71bbbb,Meembee
cae369b4-ba92-4a38-80b6-a9fa0941a230,Voomm
68e23667-e561-41fe-8e18-5c3297f20ae5,Blognation
b5c4f02d-8e95-4518-9c9a-beed07da1e9c,Twiyo
c5e4d4df-da69-415a-885f-53d9f696e642,Rhynyx
0b0abcb7-8eb1-42f8-b593-3a4fceed6712,Quatz
6f0cf7f7-3041-4d0c-b522-f0b59a3a29a4,Buzzshare
d8d27290-53fe-4369-9ea7-dd300092eacd,Rhyzio
537d56ef-781e-447a-ab91-ff6a5f7f40b7,Demimbu
43b77e84-fc11-4b48-a6a7-d314f1ebd018,Feednation
93750ac1-3a33-45b3-9eca-49ee7ffcaa85,Meevee
ae8ad72c-9809-48fe-933f-ca4dfd029b2e,Teklist
1b6127d6-fda3-4b60-aa52-69e1ce50fd31,Voonix
4b0b9606-c4c5-4c2f-93b1-8dbf315b9b84,Tazzy
e0dd4098-1e9e-4d97-a782-1c50b4bb6b07,Photobean
e4ba027c-5cd9-4672-928d-98b43a80149f,Photobean
4115affb-3326-4a6a-a77f-fd86625f3812,Oloo
ff09e284-be86-48a1-9d9c-c072561227d3,Rhynyx
1d0a84a8-7d50-4595-9919-65213b35dcb6,Zoonoodle
cefe144a-af48-4f1a-af69-e0aaec27cf49,Jabbersphere
0a252811-dcab-49d0-add6-67efc2868a3c,Fivespan
ad468cdc-73b1-475c-9da1-5fb074ec1035,Yacero
6aaaeebe-a20b-4da7-a940-42a985e36fcf,Thoughtbeat
06e2df34-f48f-4648-b8be-6ac13d20b801,Quatz
782597d4-9ae6-4ce8-81dd-e37941b75410,Eadel
792284cd-817f-4d35-8d79-8393be4dc2a2,Zoovu
e1729e45-7601-4b41-ba18-9176d7c6cbe8,Vimbo
425dd513-416a-4a6c-8d82-75e9ebc316c4,Kimia
3ff028c1-1bfd-48b8-928d-42d365681d67,Tagcat
2d23a240-c51f-4e81-b098-aac31a873dcd,Fanoodle
f74732f0-d0d0-4bd9-9f59-0574dfed96e9,Voonyx
9962f6b5-f6d0-4d89-a2d3-2f249ae4d615,Riffwire
66c30bbe-b4cb-43fd-91a9-71ee19a2a609,Realblab
23c4b4e0-935b-49b9-b25a-4ea508d9c816,Devshare
6084e365-3c4f-4eab-9181-9a7f97a19ec9,Devshare
542bcb8d-aa19-45af-a189-321ed8785164,Cogibox
b27f2df7-7861-463e-900f-f6294944fb14,Skimia
d58c2c9f-f8e2-46cb-96c1-514e75b29bb3,Bluezoom
c1a7af6e-fc98-4601-a6fb-6bf6b605a0bb,Ainyx
d5986963-cdca-41e6-a1d2-578c03a0c5c7,Gabtype
a0886d86-a81f-42a2-bde6-7e8d64030d80,Wordify
dc008164-ebfc-4660-b094-4ec339652743,Avamba
6de43e1d-159f-41b2-8bb1-f41e9ca109f5,Shuffledrive
8b39c2d2-06ba-49ce-bbe7-4712b60e42aa,Dynava
568a0b5c-2cdd-4a7f-bdd4-9a560ba4902e,Photobug
047cd181-38a5-40e4-a432-1d812aaacec1,Jamia
19b288ad-a0cc-42d8-8607-c79d2ae15c18,Fiveclub
cfbbccea-e0bc-4954-80a3-3b2333153d84,Yakijo
7a502d45-f625-4fcf-880a-62eb2b8a33e3,Trudoo
11545b93-d9bc-4772-999d-d4da0adc90ae,Yozio
dcdd959d-623d-46b6-a320-28b5a9a6b7f8,Yabox
57e89ba3-1506-4d5a-a4a1-7d09d1e7056f,Leexo
68574622-3f2c-494a-92b6-1db73754e3e5,Skiba
c0d3fa20-f30f-45e0-a9d5-f36d6223ed77,Lazz
3af03334-8fb1-4a37-b0c4-5beb1369b448,Buzzdog
fda4bf23-cef5-4dd9-b5e9-46b6df4f86e5,Zazio
e1b2560c-7ff5-4698-825f-bedd9739ca26,Browsedrive
5d43d6b4-cfb2-41b7-85bf-6010878b9f0f,Eabox
6eda21ae-41fd-4f7b-9979-c68246b4ed09,Voonix
4e921c40-4114-4a76-b5ad-162641ff32af,Cogidoo
2868105d-b9b2-495d-bcfc-b685bf778093,Devcast
2f1f5a2e-94fd-44a1-afa9-5d8566b9e7c4,Browsezoom
a5f4cf84-0d54-4945-b577-9dfb346289f0,Jayo
53cecb32-6afc-443f-b904-5d7c5d7618aa,Tekfly
3b816115-8c67-4bdb-ade8-959eb820f6da,Brainverse
760faa9c-7c91-4216-b9f2-4b4c3e3f7223,Linklinks
87db583e-cf57-40aa-920a-debeeb0ea392,Oba
77d0d018-0015-4c17-a5d6-66246f24085b,Realblab
01c1e9fc-3180-4bf8-8ae8-f93c795408e8,Yambee
7132aed5-dc9d-4836-8a52-986e88f2a758,Fadeo
4e14c892-f6f7-427d-86ad-b5ff219e8125,Mita
82484cc9-de87-4980-b38c-3173488e29ca,Eabox
c88164d9-8400-45c3-8063-caacb6901486,Geba
c9e1cb42-bd6b-4186-a86b-8391bd20f271,Buzzbean
44e3f15a-773b-4d57-aa9d-c387fc3be9ab,Zoozzy
e0c34f6b-9d78-42e3-a03e-59b5bb096113,Yoveo
2ece2aba-6ac2-4c8c-b826-283a0ef03ef7,Aimbo
c6c4d3ba-e830-485d-9a95-75e4f98f2e98,Vipe
f9ae163b-3399-44ea-b1a2-7841c713dc4d,Myworks
e4d761c8-4193-4350-8e68-edc7c11890c7,Trudoo
da41f1cb-3cbd-47e4-9a39-2bd67003fe31,Realmix
ff2c48c5-8125-46ee-8ab7-577a61057d4d,Meetz
d9d10dbf-b3a1-454c-8fae-adfb3e09121e,Miboo
92374d81-378d-4157-a3bd-c2a69621b6f1,Zoonoodle
0a111413-e152-49f7-8397-af195cf9e073,Tagchat
1c9935d0-3748-4a88-ae66-e76ea6f6c29a,Pixonyx
1fb192c2-2b63-4b85-857e-0ec1b48b692c,Meevee
1ca294e1-562b-4443-952c-2c67bd741b83,Flashset
fdfccf24-5f68-4c56-8753-58829c7ce566,Divanoodle
599e2d75-0623-462f-a8c4-627bebfdf97f,Browsetype
5e30ac84-98a1-45d9-84fb-6acd58f33daf,Agivu
b18f9fc7-275f-4ee0-93f4-92b4ee4c4086,Twitterworks
8a91c029-25cb-4287-bd4d-15beec2e07f7,Eidel
d9dd1d90-cf94-4184-b591-7fac528f0e29,Brainsphere
2d07b277-65d9-4a8f-ad53-74eb814bc276,Livepath
861be0f2-1fdc-4ecb-88a0-7218eacee39b,Devcast
34167953-e459-4349-8400-910e30cb815e,Centizu
14d7ac82-4462-41f2-a061-304ca7384fdd,Zoozzy
fb5941c2-11b1-4414-97fb-8ba7a6e69a45,Avamba
c3b758db-df54-416e-b0d8-b3ecbc66bf22,Lajo
ddaec148-a5fe-4546-a29f-11aa79218898,Oodoo
1df1391f-8a39-4050-b812-ad9cf4902fe0,Thoughtsphere
c95a45dc-6c1b-4403-89e1-17092f2150b7,Eayo
dde1f67a-5df9-4be2-9c2b-c3df79ea3d21,Tagcat
fa4c65b5-c9ae-4420-a5c4-3ea3dc6dfc2b,Tazz
a728dc21-899b-4b41-bd9e-b5e1e26638de,Yozio
f23d0bdc-c78b-49c9-92de-2a26fd0899b3,Feedmix
9486ed4d-e5ab-43f1-a221-5e949ff576e5,Thoughtblab
e16a13d0-922b-4be3-9400-4fb2afac439a,Youtags
2916baa4-33a2-44d0-be41-3739400babaf,Babbleopia
51fd9677-abe2-4336-a78a-7da19fe8a377,Bubblemix
47e86210-e3a2-4e24-9c4c-8c50d092ecb1,Photojam
d3effb4b-dd44-447a-aa7a-27d1b65dfb66,Edgewire
eb68ffdf-71f1-4f77-846b-53c1a38e1bd0,Geba
593977e1-7af4-4df8-ae0b-682dd4539817,Jabbercube
05166bb9-11d9-493b-89da-6dbafca0c62a,Roodel
86b3fb1f-ab19-4b99-a0b6-5471c740a5eb,Shuffletag
613514c4-0517-4203-91c9-a4d2d7e59c3d,Cogilith
dc77c19a-8744-4c98-94ea-ac8270290b40,Jaxworks
1fe7a3dc-1d9a-4707-8450-da6058a4138a,Blogtag
028b78e9-c51e-4d6e-8683-8c5028d120d4,Chatterbridge
d30e72a6-b28a-4dc3-a58b-6ef1166905b5,Pixoboo
3f695b7f-fd59-4267-bff9-87af280397cc,Meejo
bd82158a-2e48-436e-9b8d-5e7811a20a74,Photospace
2252fe40-8246-4139-91ff-a383bf0cb04f,Centizu
6f85d837-92f2-40c1-a9a8-74f105b9b6a0,Eamia
5df680f1-8ec0-402f-9b3d-262105d59b42,Tanoodle
7846626f-3e49-4c9d-85e5-70014ad899e7,Mymm
f2ee47c7-8e49-4cf1-81a7-cda9fb4f49af,Oozz
fdc40332-d390-4579-ac5f-59bdf43f7f3a,Tazz
ba159154-fb58-4e26-a42c-fe9db5e68773,Zoomdog
2024ea2e-2157-4792-a3b8-48eb13f607a0,Edgeify
e9293314-f596-4742-a872-c2cd105dc666,Leenti
59e90291-c094-430a-9ba4-6c932bfcb224,Meejo
2a675b88-4843-43e3-930f-bb4d543973a6,Quimba
08afbde4-7d11-41c8-a855-8716e72cfd81,Agivu
664155d5-936b-4973-ab6f-ec4ef25b33b0,Edgewire
9fb348ff-e3a2-43fb-971f-9e826da9bf97,Meemm
e7ccc9cc-d3ac-41aa-9108-25f9b6273bdd,Vimbo
1de0c179-517f-4cee-8beb-08bcfe30131b,Vipe
4b3d5b44-fd6b-4f70-b5d3-c79c9e2b8eaa,Devpulse
8c47ac67-d4a3-40a5-89c5-d632d7bd656d,Oyonder
09a71c30-df18-48bd-b5a9-4dfae2be3a5c,Feedmix
231afaeb-73a2-4d9f-afef-6bb1526969cd,Quatz
0843c0fc-d292-41de-a45a-8ddf4adfaf57,Omba
18415f3c-1180-4bab-b446-2c81787f1004,Blogpad
9e87e5ca-0fb7-4e23-b388-a8188f2bdecf,Thoughtbridge
c94733bf-9982-4825-b72e-57a02f00d666,Devify
51c005b7-6599-40cd-80d5-c4d4d54ddd7f,Linkbuzz
e12e865e-1e9e-4516-8a97-e057674e3265,Skalith
f3a3f79f-ae3e-411d-a3e8-82760a61835b,Thoughtbridge
ab3f3d7f-4270-456c-a7cf-465cb37a502a,Yadel
f9e17e4a-b085-41d5-971e-d436d06fc0cf,Bubblebox
90389f2a-e51c-411b-89c4-4d4778126e35,Quamba
e647a738-9c05-4d39-82fb-4267c85929ab,Realpoint
700a4f53-333f-4359-9c56-b9e37051411d,Yakijo
4da3e8f6-5a10-430e-8407-e2c21ba30ae1,Edgeblab
3d7f1424-650a-4de8-958f-c914b725a13a,Meezzy
dc2a1753-e1a8-4c4c-8c92-3bde036ddb96,Divape
afb42fc3-6206-42fe-aeba-74c295468c96,Skajo
2cf8dfb1-d66e-4ae3-a2d4-3d9a03f02224,Lajo
15bad4bb-6d81-4089-9827-a360938af535,Katz
b8b2f931-9c1b-469e-a5f6-2b441c44f815,Skyvu
40a29f03-6db1-4376-9c4d-a9d052c21868,Skalith
2e81b736-4e9c-4d6c-8e29-30fb0efdd443,Yodel
d50782c7-5a4e-47a8-b6dc-ac7b583c4fd8,Brainbox
9985e378-7c26-4360-81be-d61470c1720d,Dabvine
1e693985-8a7c-44a0-929c-b6f43e68aeb8,Meevee
679575e1-54b4-47f3-8f1d-930f4ced15c9,Vidoo
0942d9a9-131f-4b8a-bea4-32dd0b52be30,Edgeblab
b850bc95-e56d-4c54-8a57-078b71c68a63,Divavu
04624390-e3e9-420c-8758-c55b6ac4fc97,Topicstorm
779000c9-eb90-4e58-9bae-1db099a89a4a,Quire
a04888c8-3b60-4494-94c9-2f4e6a9bab9d,Gigabox
25be4cd4-d26a-456e-9571-f4169b2497c0,Brainbox
99ae521b-cc3a-4012-97b9-f2e443c92042,Janyx
7205f4cf-5832-4b0d-957f-cc56f5fb641d,Jayo
88e87570-c550-4e5f-ad32-9dc2f26b3768,Thoughtbeat
23081338-1c40-49b3-acb0-4844d71f9699,Tagchat
31333ec5-ad08-4406-8190-43ded447fb9f,Browsezoom
5745f32b-72d3-4f50-a243-71a2954c9215,Aimbo
64ef0492-c34c-4c8e-9990-301ae8599172,Bluezoom
9757241b-0f69-4ff0-a7bb-2da056c7faae,Skippad
56ced576-2efa-45ab-bd60-470ec046ff70,Skinix
d9cd6284-61ed-4f15-8af4-3ddd27d9f28b,Jaxnation
b1349381-3df2-446c-b4ec-f8ca64400aa0,Skimia
d8a7e453-2be5-412a-999f-ab9c727404fa,Topiclounge
2ede3936-b282-427a-adcb-16bf96761ced,Yakidoo
9862b7c7-9bc4-4318-bfdc-decab5cf53cf,Divavu
a570b59d-3ec7-4455-ab35-9aac9bed44a9,Yakijo
49e07d78-bcb3-4676-81a5-a030c17b03e7,Topiczoom
5285278d-20ce-4122-95b5-a07b562d2d94,Tambee
496695d4-405b-4388-bfff-5212f92c4771,Thoughtbeat
83bc5dd2-68b6-40fe-995b-ba417abee1ff,Divavu
e0e31b95-6163-4c1b-8b51-d9aafb00633e,Trilith
ef048d6d-6030-4914-a4f6-c2a97d667c76,Zoomzone
5272408f-9e75-4f7e-95d2-41726ecb09da,Jazzy
4c645b7e-949e-45be-b855-aa97565920f3,Wikizz
91e37715-a7e8-4a5a-a88b-9687c6850308,Photolist
0c77f41d-c50e-4324-a818-bc2d7243159b,Devify
682a23e8-9477-4878-9bf2-9224187188fe,Zoonder
b24207ce-37bd-4a4d-8ad5-1342f70b6fdf,Leexo
64271e66-20da-483f-bde5-aa52fc77ae7f,Realbuzz
00142f67-d998-44c0-8714-8bb04accb528,Kanoodle
7d49f2bb-dfd5-4802-a1db-a1548744cc77,Eire
a6190489-589c-48d9-9bcb-f8f8d0caf206,Flashset
ce886e2f-8630-46d2-b2c3-bbf794ca7edf,Kwimbee
627ec519-f6b8-4307-8208-7c28f384347a,Twitterlist
d5902f57-8ffc-43a6-9b7f-c130b2c4d8f9,Youopia
2c92d082-839e-44bc-87c3-a4b3e465c6e3,Zoomzone
b0e9c7bf-dcf6-48eb-9636-609cec55c849,Jaxnation
ba75e750-91ef-4e30-be6f-1d3692069a9a,Yata
9434f768-6efb-4c23-8f54-eebed9071f42,Flashdog
fc34c69b-7faf-4a1d-b859-8d56c5cd1c67,Ooba
43b7063d-bc06-4341-8c96-419663efac2d,Zava
3fd2c2e2-71d6-46b2-bacb-c5add2fd34ce,Photolist
3d8e4b1c-0c7d-4c2f-bab4-84d534c10677,Avamba
51869425-08de-4227-9310-f2f3a0c19b7b,Dabtype
c945a366-4d58-4b51-a98e-1bc042953a7a,Zoonder
80ef601c-a9d2-4e62-a17b-584bf52effe9,Mybuzz
360d4eca-e335-493b-8315-e29b766b71af,Zoonder
52bbe4eb-ce53-401a-a6cb-d6b3721acc36,Wordify
a3e4075d-6139-4027-8a38-aadd4cce7255,Yamia
0b740fe6-6b87-4a5d-a04b-efc590d55a1b,Eidel
a5671641-3926-412d-ba8f-27bcb5a7498f,Jetwire
96ad4884-b8ae-4aa7-a8b4-93f38baea79b,Skyndu
3418b7a8-3c80-4487-8bb6-1857cf7afcf0,Yozio
a9109f9f-7d9d-45fc-b7b0-14885f284d9a,Photofeed
dddc67c9-449f-4e38-a665-b372b1da35cc,Twinder
67c1b666-c0fa-408e-82d6-e3fefd480248,Thoughtsphere
0c7f22a4-0305-4ead-b8c9-8a289cc1db20,Voomm
9626783a-8ec7-46ac-a8c8-3a7e4af73375,Zazio
8620e0df-0ec2-401d-858f-c0037bda80ad,Pixonyx
dab56ef5-faea-4fc7-91c0-fac8dd0472a4,Roodel
5acecb00-2ec7-4f00-b013-21788b8b9483,Eire
b89da14a-4c26-4511-b502-630a563de161,Jayo
f683a702-fc22-44a9-8ebb-94480ded65a2,Agivu
4b90fdc8-cd2c-489b-91ab-f62d48738274,Yakitri
e4679e54-edf5-47f4-858e-3aa1a0043728,Jabberstorm
df751786-3c44-4d76-8090-b017bab6a85a,Brainlounge
d94fded4-ef5d-4d68-8d0b-54147d48507b,Youbridge
99fa1daf-788b-44c9-bf73-7b937877c845,Latz
f2ddb90a-c66d-4a9a-95c0-e4caa191b476,Rhybox
45298fc3-c922-4359-90db-8f79068467fb,Thoughtbridge
786ee168-67c3-478b-813b-a107f41bbc8b,Jetpulse
6307b9fb-7407-447b-b972-9068db1638ae,Twitterbeat
08b1f27b-58c2-4837-a65d-1965f024bf22,Oyoyo
6a929bc7-6a90-4f62-8616-16c2687402b9,Realcube
576f8740-b042-475f-8908-989d05102da3,Fivespan
8246fe05-97bf-4f38-beb5-92ab1c96c34f,Feedbug
d92457b1-14c0-4793-8060-b1c171d99660,Thoughtsphere
1d2e571c-9962-47cf-b615-0f3be67af980,Nlounge
05ed10ab-3c47-425a-8074-5aaf3b2bf55c,Realcube
0df2179e-5891-4438-a638-874dccf110e9,Browsedrive
66881664-87e5-47d7-8e70-04c6c5a7dada,Gabcube
f62aae0e-6d80-4b8c-8dbe-6f43d76e1321,Kazu
6452efa3-ce91-4c55-953b-31ae4fd0e25a,Skiba
53272570-1676-4c0b-ac9a-83d32e0f44f1,Gevee
a88d7bea-9496-4853-a25d-a3c44f41ce9a,Realcube
e1bcb6d4-88b0-4c0e-8789-d202c042f35f,Fivechat
418d95a2-2250-4502-b257-1d0b5dcef10c,Eare
17e54c88-6ed0-4b51-b9e8-188e90797333,Twitterworks
73f9e8c1-4290-48ca-b98e-95223e508737,Jabbersphere
eea5fe90-db3a-4c39-8913-f61cc77b9a24,Skivee
8383ec00-abef-410f-aaa5-fe5507613258,Zoozzy
cd740fe4-c7c6-4e73-a47c-0222b98ed1a1,Twinder
b7d4c2de-d158-4807-8dd3-c9316d352e99,Centimia
851ab795-0faa-43d2-b677-6e6003f170c6,Meembee
f8a79228-cabf-40c7-a687-707c60c5b0d4,Dabfeed
d5f10f67-15b3-4025-b87b-67cc371a5059,Aimbu
ebe67054-8d4a-4e56-8226-d0fa6a18699b,Twinder
b0ca8a34-2d51-464b-bc8c-17de4a1d8f3e,Kazu
d29e3241-b9be-4ae4-badc-40164702be39,Voonte
f135df5b-e2a6-42e0-ac00-4474d25a9d15,Realmix
f60beb6d-835b-451d-9695-84784c612cb8,Vidoo
e3a7b141-434c-42b4-9788-65033e569373,Voonder
6e05b5c9-9ab6-4179-bb7e-554d7e613230,Plambee
42c48201-f313-4365-8cd0-798e0ac16390,Riffpedia
5192734e-ebf3-41e7-8ca0-6ec4491df879,Twitterbridge
c76beb82-5bc7-4744-b6e4-0b9ff77c646f,Mita
230147d8-6d07-47fe-b256-f0b05c552810,Midel
aa8e710b-0817-4abb-885c-2140d9a5fcc8,Browsezoom
9fcc63e4-d96f-4ac8-a162-fce5b75faa6d,Feedspan
aeb7e989-4374-4144-a743-8b110d36552a,Wordware
dd9ce7ee-8cf0-445e-9bb3-67b107ac57ca,Dynazzy
a54c5d4b-e50b-4f6d-ac15-78a99f13516f,Yakidoo
450a5604-0835-4a4a-833b-358b1c4ae43c,Zava
5c5cf94e-41fa-4ed5-99ea-2f43b9bbca53,Twitterworks
7a37f0a0-81ab-4fcc-9b82-0c4b0ba4d21b,Tagcat
e78e7ee5-4cd2-4efa-8086-3c7304810368,Skaboo
3d4046c6-5009-4c24-8c00-6f27a4ee73e8,Divavu
85f731cf-b082-4a60-8f3b-e48bde0979cd,Rhyzio
5b3ab2fd-2872-4717-840f-6837099c291b,Buzzshare
b49b773d-b703-46ea-8f13-afd97cce200a,Kimia
70df08e4-feb5-416e-a3d6-b26c0c960dc3,Yotz
2f9b13c8-45d7-49a4-82a4-93c8c08579da,Quaxo
0c501bc5-d03f-4ff7-9f94-7ad9d261eafc,Trupe
3679db68-1378-42ad-b9a8-a2e26396d35a,Jayo
52cad133-2d87-4a70-9884-5601b257bf67,Quimm
1a87a981-714c-4e83-a59c-423fb812d81a,Livetube
ec7f7ed5-51ae-4cbb-a116-dcde5039d2be,Topiczoom
848867b9-fce8-478c-b118-a7696340efe5,Digitube
4555c9f5-18c9-4b40-8e72-4b0451450bdf,Voonte
5084730a-a730-4d08-adc1-8d4603ba2a0a,Midel
92617f97-529c-4ae4-9632-4490b962f286,Quatz
a2cfda96-e41b-4713-b77d-3083a0fcee12,Oyoloo
bc86457a-5c5b-427a-86c6-c9336d84844e,Roombo
1f256088-a347-433c-8b31-462de7470e00,Livetube
bbdb8108-a381-4cac-8e6e-4a63a2ce98f5,Realcube
18a4e051-d4b5-4cac-a5da-d63fa2765735,Gabcube
c1819ac8-f632-49e6-9758-5088394a35d2,Pixonyx
74a6ab22-f476-48bb-9863-486609eef05f,Voomm
d2fca2e6-5fc2-49d2-b101-bbf3f82d0474,Twitterbeat
e0005a24-a1df-4ffc-9eb8-e46afbbecee5,Devshare
fb2c8bcd-afac-4bf2-b18c-0395bd128604,Tagcat
844c6ff8-bb6c-4933-9a51-a3644e7ff2c6,Plajo
3f1f0463-77ee-4d9b-8d21-c301a6e3cdbc,Buzzster
508ce434-9c85-4d53-a1b4-5477d1ec6313,Voonte
20680b7d-db7a-44c0-8486-f8bd17a4808a,Eire
d8ead15c-06f9-43c7-bb48-deecffd58c5a,Kayveo
8766ad20-10a2-4d27-bd00-b5756f3178ce,Ntags
4124f9b6-6830-422a-a98d-47ff26eddf3b,Trupe
cef7445c-d948-4a12-a900-330d50d68b09,Fivechat
e011718a-8319-4f8d-aa37-353f1e0923ab,Browsetype
388d6ad0-eee6-4257-8bcd-4b989fb78fa6,Fivechat
b69eb54d-9bad-4314-8c1c-eb4d2509aa0d,Jabberstorm
d9bbe200-f808-49af-8117-b1650324d52c,Devshare
5d455ba7-b619-4343-a96d-2fa954380ec3,Vitz
b553fbc4-4892-48bd-a72d-a843aaf5762e,Mycat
66ddb6f7-c966-4c60-8d7c-5c80fdd22257,Photojam
eaa4851f-f2ec-4486-b122-cd4c22cf8cad,Flipopia
ae6dfcf3-c8f3-45b3-99fc-21b30c8a708d,Podcat
ed5caed6-b933-4d97-baa1-f2454ffbebfe,Ntag
94304a00-c8f0-4a12-be0d-622ae4d31b02,JumpXS
a6980083-80b9-4b5b-9fa1-59ca7a518e9f,Gigashots
baa2c936-7e96-46c4-b9ed-ba77d391d49a,Zoozzy
7aa70cb4-4df6-422b-864e-b1e9ee6b1db7,Skidoo
9b2440af-198c-4fcc-b7ff-b56e9dd2bca7,Meetz
44f3e485-aea3-44b5-a613-fc20b0e0de48,Camimbo
9cc93264-03fd-41c3-a238-d261ffaa6c4c,Tagcat
fd8f1a8e-9e86-4b72-851b-3eaa645b0d62,Pixoboo
515c635b-8184-44c7-93fc-d4ba8c79d727,Meezzy
1f965a89-86a5-467b-b302-4018af0588ee,Meembee
e14e6828-70f0-4532-bc06-a28c22c18793,Skaboo
7b3cc69c-624a-4089-976b-7b1c128c016a,Fliptune
f15827a1-c16c-4a71-b7b1-4e65408a1550,Tagcat
1614d71f-5d97-4a15-93c6-75524ad9c966,Voonder
90b70bb6-5703-4eed-b14e-76554b0e5bea,Devpoint
f3c320f5-282c-4f51-b8b5-fe218665734e,Tagcat
e35924a8-d39f-46e5-8810-9542a7ee7ae1,Yabox
ddf61463-57ae-4b39-985d-308b7ac2df1d,Topicware
98614612-5cba-468b-bf91-d6e7148fa276,Gabspot
ecb9ebac-8b4b-4936-8b61-fa2fcebf745d,Quaxo
d5527d3f-1a46-4384-a96c-a4b59343e1d2,Roodel
8b3dd065-29d4-4210-b526-4a5c925eae7c,Realbuzz
205fe758-5cb0-4736-80bf-26a0904fa89f,Skynoodle
b3d9e606-9377-41d5-bbac-ecb82a0b851a,Kwimbee
d435e392-5cdc-489f-909b-0f1063737fd5,Trudeo
e7b15ae0-c57e-47fe-beb6-59d2f23f8923,Photobean
ad86da1a-09a1-44cd-a928-e833affcd9f3,Gigashots
0673699a-bcaa-44ad-9998-048db322e4c0,Meeveo
c4f3865f-e7ba-4d7f-9c26-1f63ca358612,Twitterworks
36efebf9-6890-4e7d-8f39-02f6033da613,Meevee
e6804586-db18-46c0-9e41-9ebb2ae6a720,Brightdog
2389c4ef-0a0c-418c-a28b-6603035fe3b7,Divanoodle
cdcb3fd7-d925-407a-bddd-a6eacc39d6bc,Browsedrive
3806136d-7877-4c9d-af0a-98087dc409f1,Buzzdog
afaab352-3ee8-4f6e-967b-c512b2f24be8,Skidoo
a78366c8-9904-4264-9af3-8abed3fb4ec9,Rhyzio
b99d1c2e-38e3-42bb-8916-a26d9cfda73a,Realblab
317795fb-5fec-4d00-9664-d3da5341001d,Blogpad
8e904fcc-a583-4437-8f47-8de7b23a2c5a,Flashpoint
cc9ea69e-bcab-4400-bc77-fc1dad2054fe,Minyx
d98190f1-7dab-4b78-9905-ef3e8e22042e,Skyba
5c0618e0-8710-43a1-aadc-c3ec4337b052,Tazz
9abe6670-2460-4bf5-9575-c602660d1254,Brightbean
842b6357-0bfe-4aff-97a0-3b27033b60c1,Eadel
c02a1ba7-0da0-4ce7-80a5-9e09b037c531,Skinix
456c9cfa-8334-4bd3-9ef2-65f09d7a9e46,Rhynoodle
f4e717aa-5c6e-48a4-929b-d9fa90986690,Feedfish
8d288b2f-890b-45f9-a285-d1927224f901,Voomm
b393a82a-39aa-4f3b-9d57-28d0627e8fd6,Gevee
feb1138a-035f-4616-9035-c0749d579c41,Twitternation
c890930b-7209-4be0-877a-9215e31d9cad,Flashpoint
a819e5f6-f799-4e0a-8fb0-fb12c3836fc8,Blogtags
1f8df908-7227-4b5c-b0e6-b8fc2c815803,Devpulse
6ca314b9-b969-451e-8053-7c2a2242970c,Dablist
8ae84d35-fd62-4d5a-be44-2c9fa88602c4,Vidoo
ce67854f-20f2-4aac-89ca-dbfcdc16d53f,Roombo
b5b8c022-9e00-4327-bc42-d8b03feda271,Wikibox
82b5ca2a-1e26-4b47-bbd0-bf2f613dcd7e,Gevee
0ba52f56-3e9a-44be-b1ce-5debb7922760,Demizz
b47d30dd-960c-4b81-90bd-57e0f004d654,Feedfire
536ef2d4-3645-4fa1-acaf-23a3f17db805,Eazzy
20fdd788-0e4e-44f5-833f-f099d393404c,Innojam
5fa6062c-ccf2-4000-a611-b3be69df5cc8,Skimia
90019a39-3bbf-4301-8e71-02e5271d3abb,Mymm
43594fae-fe71-421b-b14f-02c89707a6bc,Thoughtbridge
99d481f6-db7c-48b6-aac6-9533c4e18233,Leenti
22c078b6-558d-45bc-bebf-f189c458f801,Oozz
f8aedaa3-5fbd-4ea5-bea6-b748d6a07c44,Babbleblab
c92cde28-245d-462b-a8b3-195fe561b4cb,Voonte
24910ac0-0426-4606-884d-053799f681bc,Skippad
793ea040-97de-4e5b-8b5b-3024f9377bb2,Flipopia
c8d94230-1349-4895-9a73-ecf267bd9980,Blogtag
1c773a29-cf33-4e61-a72b-1ec3c62dd9f3,Devpoint
d81502d2-d968-40f0-a6e5-183bdc651f4c,Jamia
33da7e88-e257-4060-9939-219b66f4eea6,Twitterworks
11447e69-0046-4b85-8272-7b2208a6bc45,Zazio
c3b7d41f-aa05-4536-a399-8ddcb3d31bcb,Lazzy
51c92567-855c-493d-9d2a-40a2b9410812,Twinte
c56d239f-033a-409a-9bf3-cd4f701bac48,Lazzy
16fbecc8-8c83-4ced-b32c-1854c9ddbcf4,Edgetag
bc57355b-3350-4086-9f4c-cfa80e2e1669,Centizu
d18c7723-284c-4097-a331-ea58dcf09ca1,Quimm
490972cc-d7d7-4095-8a5e-0b29d9f1e73c,Skiptube
56958075-d3c1-40a0-8770-ee4af0c2d4ba,Dabtype
35a7ae24-9a6e-4827-b08e-6e5200935df5,Oyoloo
ac7bc62e-f96c-467c-8c1e-0045ec452cfe,Bubblemix
210bdb0d-b258-4f61-9c6a-f8a96212400c,Fivechat
8b6b65af-e615-4951-98d9-6e0e2ccb1ff5,Twinte
3d8050c6-8b93-41b9-a639-cb8cc699c074,Twitterbridge
a04d1f21-3304-41e9-89f0-889a5f621c02,InnoZ
5e2caa65-e954-4bdf-8bfc-f39da4315ee5,Zoonder
5e927c38-3225-45ba-9696-50293d26cffc,JumpXS
91578fd9-15c0-459b-a035-31f05d80a5c1,Wikibox
b47b8fcb-5a22-4ec1-85b4-25dab225d31e,Gabvine
df3f217e-2a40-48fc-804f-1490944de4ea,Livetube
41a5cc55-035e-4797-93d6-18fddf2c746b,Dablist
54188c32-ba13-4e56-8a59-626164f59784,Livefish
78e32398-747b-49e4-beb3-f8e53a57f539,Quire
67e4ca74-298b-491f-81ad-16854d966042,Skiptube
f1450b59-be6d-4bcb-b3e9-cca152d6ef81,Linkbuzz
d47dc344-9b7f-474f-996f-70964c8cf33a,Quatz
cfe6c9b2-f5ab-4b55-bdc6-e4ba45b1fa2e,Oyoba
4dd306ae-d4ba-4b54-b081-9d09e5d78d91,Rhynyx
4fd2fd73-60c7-4602-875d-9ae898061cba,Voonte
8429399c-7446-468a-a88a-6fdea46a138f,Trunyx
0de5ca08-85ac-48ac-b5e8-f8a1b46c1fd6,Miboo
64e97d27-194b-41b6-8e33-3f3380d31520,Muxo
7bc0e543-1432-435d-b77a-92fa1a1bd2e2,Browsedrive
c6ecffa7-89c2-4731-b9ba-6b4428d2f603,Bluezoom
a1a55473-198e-4981-b65d-913e6b6cab6c,Trupe
7f829807-dcf1-4b6c-b3b8-3489bcbf16db,Vinder
2892c698-b3c7-4b8f-8bc9-606ad8cdff9a,Innojam
663c4938-f7a8-4afe-8251-ea4117302d0c,Nlounge
219c7f4d-0869-42f2-bc3a-6a90a3c7dba8,Zava
a2ad33ef-bcf8-4041-9851-c6a2ddd1478e,Mydeo
81fb09de-06f1-4bee-a462-583ffd1ea89c,Avamm
2b32c2de-5265-40ee-a3b5-211c58fb9e75,Edgetag
323043f6-d2d2-4d53-8a9b-01c277377592,Oyonder
b4031522-59f6-463b-a2b0-87a799834267,Buzzbean
309f90d8-a5a5-4f01-b6f3-33b83f93d4ce,Flipstorm
1b25bda0-c852-4f5a-85de-db1bfa11c080,Babbleopia
167d19a1-225c-4560-add7-41bca34e39cd,Bubblebox
2e477793-7198-4c0a-ae9c-4e8b77abcb8a,Bubblemix
bfe1ef6b-b524-4475-9417-811359077763,Skibox
47850fd0-ee9e-4851-a9c5-45dbd0104c9a,Blogtags
dc4048f5-e5b2-4036-874c-e01e529c7625,Vinte
92533f15-111a-4b8a-a19e-732bdd62a4ac,Blognation
25ca5400-5ef1-429f-a706-bc09da0a9ed9,Bluezoom
e8dd4582-4f1d-412f-8843-d417e1f0abcd,Demizz
d9c14f24-e4db-4a04-b85d-c96d84153647,Jaxbean
9f1aa593-4f92-425a-b3c1-5b5e4d2966a2,Lazz
5df1d053-0f9e-41b9-a4d8-6806ce9460c6,Browseblab
a4d1175f-d789-4384-99eb-424c058b31d1,Devbug
b1203d52-b4e8-4f97-a379-16da5ba10d29,Meeveo
ad295837-ea04-49a2-9f21-15c2b6d284a4,Fivebridge
b41614b8-5531-4a7f-a00f-e75637477291,Realbuzz
4c655e24-bb39-43d6-bd2e-89360bd3b38c,Zooxo
32ec617a-c016-42ce-9946-298a8d50f0b7,Abata
c0b2e13f-caa4-415b-908a-c9646ce0ec77,Gabtype
cbb7b03e-82d7-4c27-b666-c4c874f50cb8,Meejo
061f4269-e134-4ee6-be8b-c4db107735a1,Flashdog
f47ec361-9667-495b-beb2-09e348b654c0,Photofeed
26735b07-849c-466e-9f11-0a143f8d49d8,Gabtune
e018a2c9-9f98-4597-a415-fd073a8fd795,Yakidoo
d91bbb40-a645-4106-8225-abb6d0020cc7,Feedspan
0debcb64-811b-43ae-8cb3-6c3d4802da24,Talane
a44944b1-3b11-4463-bb2e-2eb473e6549d,Fivespan
3244687d-19b9-47a4-81bc-d5964955aa18,Einti
c91be366-55ae-4181-9f2f-c6c4f2e35442,Dynava
0924a880-1a93-4cd4-ad50-44022af5309f,Yotz
8a93b00f-757f-442b-b43a-20060cdcb22a,Oozz
53e79028-d84d-416e-b521-0403ec2221e8,Ainyx
771edaac-f873-48df-bfb6-1d1a677b0f39,Buzzshare
58d87d7d-d4a7-41b2-a2be-95a5f83823e6,Oyoba
027bcda4-9252-4cae-8dec-c8afe8c41104,Linkbuzz
04c5c2c6-1adb-42f9-a5f7-a0e61ca005f7,Eamia
5065bb80-c16b-43bc-9e76-d97cb0424950,Bubblebox
a693f6c8-a57d-4500-9c99-ba6caa8cae21,Dynabox
c17e50f2-a6b3-4438-87a5-ff09a7cc02bb,JumpXS
1f0d4aff-2b5a-4191-881e-117d5ee2b642,Brightdog
61297fc5-5a77-4a2b-a4a6-54c4b22e21a9,Yodoo
02b44737-2651-4da0-8d9d-847639848ee5,Eazzy
5ac6a495-9419-4f64-8762-dd1b28c5351d,Yadel
ce30d075-70f4-4b12-8010-736d33822619,Dynabox
fefc1031-5c69-4336-8afc-4325a6ee768c,Zooveo
4a7f2db3-d8dc-4d36-8a75-8a77bfc6e135,Quinu
9ac7efd3-62f3-4e4c-a3c0-f5a84a896e61,Oyoloo
566c90a4-99f3-47bd-85d2-a811635c37ec,Jabbersphere
f18b9118-4c43-41c7-8a20-67fe1102c17e,Geba
b405dee2-18b2-4f07-b634-5a57ae992b93,Jabbertype
89329984-d4f3-4e3d-9769-a8b284cf504a,Tazz
93d39ff7-76c9-4a56-9f69-6a54797453e4,BlogXS
5d661163-d357-4ff1-a490-11d9f5fcc9bc,Shufflebeat
c8f2482d-51da-4a8f-9e03-576295c34b6f,Oyoba
b9bf031f-38ea-4dc4-9b57-3318688f77e2,Eire
b356e8e7-03fe-4101-be15-16cf7c4dcd08,Youspan
c369f345-1cd9-4884-8631-653e26acfaad,Yakitri
f0c6e6fa-5e16-4972-ae9f-9302d3b03c17,Dynabox
0e5e556a-0e37-4c0d-91c8-7507142d24b1,Zoonder
d19a463b-7ae4-4842-9769-e154cd5fbddb,Myworks
9c81162b-7ebe-4548-9d74-f9de69de54da,Voonder
c6813c74-fbf6-4c2c-a788-8c86a9959a20,Photobug
f09537cd-b43a-4a6c-8ed9-3ee050c04362,Skilith
be363c73-4e98-4a94-a7fb-5ca40e0ce50d,Eazzy
832592bb-8b2e-4f3a-bb93-41f3d98ab895,Aivee
2a226ff0-0fe1-48b1-97f8-d87f9c2166c4,Meemm
26ac77dc-cd1a-472d-b597-dce5a6707cf8,Viva
228c5755-6548-484b-ab0b-9e0bef933c8e,Rhybox
c7f7d6ee-64d5-4e8b-9f15-983158efb342,Yacero
630e9dca-39cb-4c7a-9083-a0fd5ab02202,Twimbo
c1b36826-1e6d-4664-a288-b55c5c2d3756,Flashset
237176e4-4912-4a3f-9248-d33056145379,Riffwire
741304bd-4747-4a0f-8b71-7f5d8dc3f739,Mynte
2473e065-92f3-4991-b543-ca219b9c9e03,Topiclounge
76df617a-01b0-412b-9634-45769614c25e,Lajo
ac7a98b9-adc4-4932-90d8-f9cbf241a5cf,Vinder
89e59fdc-6c4c-4b60-be19-ecf05733be65,Jabbersphere
b9a34c22-c648-4f5f-aea6-bf734be7566d,Wordify
037d6f41-e2d6-4b97-8b10-3b44851baa5d,Demivee
2b180605-a62c-481b-8c20-c38b4f3d4247,Gabtune
e63b5d4e-5e16-453b-b5e5-fd9a8f4a74d8,Jayo
9e1f0660-019d-4cf4-bf21-01eea18e9a05,Skyvu
d490f22a-ca9c-4515-bd54-b8e5c4bf8df5,Youspan
baf94dfd-e1e7-4e46-b975-d70881359ad2,Fliptune
36c03a40-9c55-4166-9678-b3cd0508b4b2,Voolith
5b9d718a-4c6d-40e8-b21d-2783a12029ed,Quinu
f5e66ad4-0b52-40a1-b53c-c75dd9411486,Thoughtsphere
43da46e9-ba11-4f10-8e22-714c1e841e9a,Demizz
cf26c970-c691-4d14-be77-39fd89801607,Feedspan
01c8d568-46c8-483b-bd9d-c436467fcb51,Topdrive
72bfc6ba-14d2-4a70-b26f-273dcf0e4b88,Skiptube
5034b333-5f40-4825-b53b-c76367d484af,Quinu
650ffdf5-de09-48c4-a2de-2d2e88a17c81,Thoughtmix
fdd520f8-e8f4-4b7d-8cea-38e157845b41,Ailane
54ff61a3-e32f-4b2b-8648-30d62d74e2fa,Wordware
f072a632-2826-432e-8cfe-459030f7972b,Zoombox
78588107-5b8d-4ce6-963c-8e6d1c379b24,Zoombox
a27afd15-d052-4836-b52b-1d748a42c6ba,Eayo
ea04efcc-1b27-496f-b4ac-5cf1463b3223,Yambee
fd77fc9f-1ff3-459f-83a0-8e8863430bfd,Yakidoo
1cc06059-2d20-4d00-b253-04e553bf0087,Voolia
0c4cf7d4-3615-4dbc-a4c2-b4a1ac28f710,Dynabox
8edea94b-0fdb-444a-935b-5035fcaa62e9,Eare
7a23a47a-f31b-4b95-adec-6892efb8b044,Vimbo
d3bf7869-4f5b-45e5-822f-91d382722279,Demivee
8bf6fd5c-ccd3-47af-b38b-a5190ba0bba9,Wikizz
63dd48d4-3465-4230-b1c9-dad32036c13d,Oyoyo
039d1ef4-d9be-48e8-ba35-3f36f511efee,Vitz
4b7df2d5-12f1-4845-a70e-e08c84e89b92,Twitterbridge
a6a691a9-1407-4bd7-9980-42003f4d72b5,Centizu
c438ed52-1499-4b05-8699-1eba305dfd71,Youfeed
3772a021-b377-4992-b7c9-08628d756cf5,Tavu
07a2281e-ad10-4006-8a02-c9d3305b4645,Kwimbee
20929e81-fa42-41a5-be53-3b221cf5e854,Podcat
e0ef356c-5820-489f-90a6-3638a263eada,Devcast
2d32142f-e969-4c76-b5df-74d1e4054f23,Meevee
6ceca7f6-9828-4079-bc15-3143dc3fdcf0,Browsedrive
92a1c08c-4f6d-4917-823c-9882dd55c692,Devpoint
9f76ffce-5b09-44b5-9597-a74cd78e4fa3,DabZ
1cb45c91-93d2-43f8-a746-0cbfc431ec76,Jabbertype
5dd15471-0fc1-475f-a1f9-f3d9ab4c05a5,Tekfly
6082df86-c685-4ecd-8366-1d97807f1881,Abata
fbd8be3a-3d4e-4441-9195-8e0dc2486c0e,Devbug
0d5fb79f-e2c1-403f-9017-0db809b46d58,Youtags
3a98a504-c8ec-40a6-8b2f-c522b3a7b2b6,Ailane
cc1cb35c-2cf0-49b4-a1f1-0e3d5634d4f5,Fanoodle
8db4c06b-bf68-4653-92d6-c99c448859a0,Wikivu
8520231a-9917-480e-8312-1e2aaa07dcb8,Kare
3dcde90d-6f45-4a8c-b47f-4dcb884969d7,Viva
f8cf5c39-e096-4176-addf-f045c6dfec68,Tagfeed
e88958d8-8a11-4d50-b067-1e3d1da0a86b,BlogXS
1ece251d-5095-4250-bc06-1edd224a2b79,Thoughtmix
8309eaef-bd20-4abc-ae00-48777e63f40d,Dynazzy
6546a3d2-0267-47ce-b428-44f780e47eac,Aimbu
2993d4d0-6d13-4a68-8026-484c0676eaa5,Skajo
510e7a49-8f81-453d-bdbb-0733e695154d,Wikibox
45122676-224c-4e6b-9d22-5807af1a102b,Dabtype
4613e0cf-5aae-4b0c-b373-283875759505,Agivu
1a6440a0-5b6e-4bd2-b066-f41c5de2de2a,Wikibox
56c4ff60-a86d-4da4-9bd8-ba361f66798d,Yacero
eb50d909-0441-4c22-a48c-3cae82bc3abc,Zoozzy
70cfb7f8-e2b2-4258-ac62-343eadb921d1,Dabvine
7013ffc2-fb5c-4a06-a8a4-4dd3ca84bbd8,Wordify
935a705d-100d-4578-bc19-48ae5cd10340,Cogibox
9e091809-da32-4d0c-bc1c-e792d7c1f1b7,Avamm
23fa961b-2b23-43e6-86ce-f3e5924056f3,Minyx
3eb65076-886d-4194-8ba3-067123a5b06d,Livefish
53c10d56-e9cc-44db-b664-27c3a106ac03,Dynabox
407e42ed-9832-4a25-bb54-e956f5a5cd17,Youfeed
986634ee-4c1e-482b-abb3-d0ede650185b,JumpXS
071cc052-0af4-40a1-81ad-1b8d73773018,Mita
897b999f-8fb3-4a7e-81ca-9abf3deb51d0,Vidoo
d9bb377b-7575-4d9d-a255-bfa7c3cffe76,Eazzy
e5a5a62d-7fbf-48a3-b423-1fc258857e09,Meezzy
97fe377d-d35f-495f-93ce-1d8e83687b87,Skyvu
7e1d7730-12e3-4aa6-bb90-ef7206e5b12e,Cogilith
ad948853-58d2-4b3c-92c8-b815fe36ed73,Edgeblab
a58bbb32-7714-4b80-b4a3-15c9be9c906d,Yakijo
a37bbbb3-f61a-46ac-a325-d9a5e7bd697f,Eimbee
63708f83-8bb2-45b8-96cf-8cf9b2f98e37,Thoughtsphere
c80d344f-e959-4a56-a969-56b17900c9a7,Rhycero
750a70d1-20a9-406f-827c-685ef9ee8e97,Twinder
4e8a279e-3580-4e86-a964-7cac62f0e891,Thoughtblab
df61f2b0-2dd6-49e5-8d2f-627ecf98c064,Meevee
e10cf25b-46cd-4663-948a-e1bfc4296b50,Zava
e6903af4-c0e1-4578-aba5-50c3d395d495,Voolith
3cc2829a-2d04-4232-91f7-5ae782fe175a,Livepath
a61ebf38-4753-4cde-a203-8479ed511d08,Oyoyo
c6727185-5b99-4aea-ac6c-9e8b1a4ec496,Blogtags
6feefedb-512f-4d49-9c4d-fade25a7f6fe,Meezzy
df893875-416c-499c-a48c-5719844cfee6,Tambee
0f6ab4ef-1982-461b-b9b6-58c703b85973,Jetwire
bd5fccbe-9178-4b79-972b-9f7091ee25b9,Pixope
2c2f4706-9d59-4ffc-8586-0470a0609a2f,Cogidoo
bf296b05-6a7f-4b4e-9f74-e2bd1fc7f5a2,Pixonyx
0fef9de2-37f4-4ca6-a2d3-19894f176c8e,Buzzshare
61d277b3-a16b-44a1-b7d1-17069d3df2a1,Ooba
2f5d35c8-e02c-406f-864a-481f3694cbed,Buzzshare
682ec91b-6bff-4c91-9c2f-720802bf129b,Zooveo
ce232e06-e56b-4f7b-be0e-f1f6d043c268,Pixoboo
95e289c0-73ed-46cd-80b0-01b19193ff60,Kanoodle
1601564d-3aae-4f96-b430-8965bd576bed,Kwimbee
aaf985d3-69dd-4888-95cc-48f8476c2a2e,Bluejam
5af3009f-5d4e-47b7-beab-2b288264b248,Topiclounge
dda09c37-6f39-4d33-8f93-1d8d8bf9fb42,Voonyx
183ca02c-a97e-48cd-b022-a2671ca31f91,Yadel
1bfc2536-83d9-4cf6-a539-5f28fb05875a,Edgetag
512bf99d-830d-4b91-9ff8-703cd5ed3cfb,Oozz
73022d40-98f9-4d03-b74f-34fac7efebfc,Kwilith
346aa2a7-cbba-4f6d-a7cf-f0aadd65c23e,Zava
882451b2-f33e-4867-b938-61439a776a0c,Yambee
6d608414-c954-46f8-aabd-fb3eec42c85d,Fadeo
133f8a64-8353-426e-90fc-d6dcfbad785e,Mydeo
68353298-17b8-44ab-8a4c-3ea929b878ed,Yakidoo
1158f840-db5e-42c7-9825-a79cbb278a0b,Quire
1734eaa2-540c-40f2-872f-01fb882219b7,Zoomlounge
0596e144-cb5a-40de-8aa7-1ac11ffe014f,Eabox
c9e4ca17-c7af-4d2a-bc2a-4228ecebdfc1,Wikibox
12fa069f-01a8-4ea3-a6a2-24075e7fd265,Wordware
dd0effff-2fc8-46bd-9c7f-22bcaf55750e,Centidel
7a5dcb45-bbe2-43b0-8a6a-bd1226bd1688,Babblestorm
80b9d838-6838-488c-a994-c142a5a52388,Wordtune
749f77f8-d081-4072-b36b-9bbd34d06119,Pixonyx
15cd5424-03d4-44a0-87a0-c15999e61ebf,Zoozzy
5e022f68-c24b-4702-ab1b-98825a6ed49d,Flashset
3500033c-4e3c-455a-a290-8aad5d9264aa,Youopia
a244a409-ecc7-41a4-b898-0be83a0ca4bf,Vidoo
48c78c4b-8456-4643-88ad-373381b4369e,Zooxo
99682014-f185-409a-a42e-ff07487e3c8d,Quire
194b0171-90e3-4d58-9dca-729cc71036ad,Dabvine
143cdb2a-2c9a-4c67-bcc5-946aeaedfacb,Skibox
ee582e60-8980-47f5-bc54-29bc57ed585b,Skinder
603f20b1-e3ef-4ad3-bb78-93213aae29d7,Twitterworks
06a08747-56bf-40a0-9121-c932a5b235fd,Jazzy
730aa50f-c339-4ec7-a905-f108646c8a42,Gabtype
8b329073-fba4-4ac0-9dbe-716aa84d9ba5,Oyoloo
c62d1251-20a8-4aa3-99a4-f7022e853071,Youspan
c12e4b19-457f-44c7-b833-fe248d4de3d0,Twinder
63807f46-9774-4a83-bcb0-1d023a8c6ac7,Gigashots
c95c6387-28a9-4d5f-ad82-c155962f7228,Gigaclub
3ff0420c-8290-48b6-8fa1-e1e0ed1e7fd1,Meetz
635cd2ba-e2a1-4e2b-a469-24cd147ed97a,Tekfly
a25407fb-b216-4541-8139-aacd448eaa1d,Youtags
4a573010-399b-4af5-a825-8a249a4805ab,Youspan
6a60c1b9-8475-4e0c-bc1b-b90d80d7a984,Mycat
a2b135e1-567f-4fd4-a0e4-8216cf56aa47,Oloo
f69e27bb-9405-40ff-9715-f47298546958,Omba
1b4e6db0-cf84-4906-9552-a0f7758fbf1a,Skipfire
6fa18a34-448e-48fc-9bd0-4e1b229a2e12,Oyondu
b65e2c79-4390-402a-9d5d-9753a7c42959,Vinte
a870f26c-1af4-4127-b804-660809aa9d99,Flashset
66b7103e-a98c-4354-a876-76ae31885a60,Photolist
125a84c0-3302-4d63-b195-6c16c9c5c999,Avavee
bdd90f71-57da-436e-89ad-d2ea726cdf35,Feednation
c0b8685e-cc3c-473d-b1b9-8613cce7a641,Brainlounge
87158b81-7b05-43da-b926-17dc95cba0ae,Buzzshare
21e003b2-2f6e-4cb2-ae13-638f67f9e579,Skinte
1615733a-589a-4676-b8e2-b2573a65d6f7,Livepath
2d361bba-7f20-43c3-bbfe-4c2b33079a90,Oyope
6c9f1969-c009-430f-9bed-90472ea298d7,Yombu
f0896b53-0db8-4f62-85c9-cdcfa97bfcae,Layo
ab2fc967-fc5f-4ecc-b09f-d63621461985,Zazio
064909e4-f797-4dfa-8fe6-ccf02bcae01e,Abata
7ac5bbbc-af86-4082-a46e-a3a52503c3b8,Blogtags
f36c259b-028b-49be-b08c-10f9a6369ed6,Wikizz
81163e94-7c5a-4cc7-9385-a1734136a7bd,Eazzy
ad79324c-1abf-4a2f-a364-a2e066e1d6b1,Jabbersphere
24208e69-0b8b-47a4-9790-dc407b7e646c,Lajo
65e0686a-c4b7-4fa1-a6f1-30758e80560f,Eire
48b8336a-11f9-4c95-a349-afefeae3b0a6,Buzzshare
6a9d9c37-16a1-47c7-ad2c-a3075a73c5fa,Janyx
1508f5f3-b760-4e15-b2ec-d1c9b31927ba,Dazzlesphere
63510ccb-9ecf-4236-8694-2d19df992738,Mydeo
8f238529-f095-40f9-bee7-fd33a72ff449,Fivechat
1521bccf-e1f4-4d65-bfaa-07502688fec7,Yodoo
c122822e-c0c5-4ab8-8e27-da36343fdf34,Topiclounge
323eaee9-8b6f-45c2-9a06-537033019f72,Realfire
dd73362e-2433-45ee-aeb9-4903c741c598,Rhycero
f2d531c4-ad11-4af2-9755-9f8204f8d583,Eire
c08ec507-3c10-4a9e-8a1e-686411c354ef,Gigashots
5c337d5b-8b9c-4c06-9c6a-619d6b454fde,Wikizz
0e02da0f-cd43-44b0-936e-f98b3e651dc9,Muxo
e6cb6867-cf48-4086-a294-5ee96c863f5d,Edgetag
a2524ad6-88c5-4959-9b14-39f65396a75d,Agimba
782eca87-7ea7-4226-b058-8f70c915e18c,Brainlounge
03f832f8-14ae-4d6d-8250-73dba2349470,Youspan
9079fb81-8587-4150-9688-c9cf09878041,Vipe
cba38687-85f3-4607-ac2c-d040c4087baf,Realbridge
b7791f0c-f970-47bb-abda-bf2ae1af47a4,Livetube
cfb1c9c5-f9c6-4323-b220-36f5214037ee,Edgeify
b871f913-a915-4c7b-968e-1b8b9e6b5949,Skinix
2507c60c-b6cb-4115-9d2c-78c7d34d57e5,Edgepulse
9eec209f-6ce7-496d-850c-dc6c8343f792,Flashpoint
1748c624-7d6d-4eea-9e5f-f22e3d2338a5,Plambee
3a69d3ea-d8e8-4657-bdb0-a3a96cc2d5f4,Podcat
6dd30482-82ec-4d18-9966-c7e2fe328f0f,Skaboo
823caf81-3e3d-4d05-b8d9-c152d7284713,Realblab
5ff42a20-d9d9-4de2-b8ea-2515c4790bf6,Ooba
41919027-7041-4633-b9c7-9ea8bce01580,Linkbridge
d22f6560-18e9-4ae0-a622-8dc579423334,Geba
510d750f-1032-405a-886f-cff205e5b2c4,Photobug
f74e8450-f801-4b0a-8c04-78a17598a14d,Agivu
ee9c8e98-1e83-48db-a1e3-d7af714ca3eb,Devpulse
4abe6548-1c21-4f3e-a59a-395c47664a2e,Edgeify
f5993728-6ed3-4303-8e33-ab04496714a7,Quatz
50a6c348-1b64-4f73-9f7e-84ecd121223b,Oyope
513f1232-7b5d-4ea7-8f0f-3b78162792ed,Meemm
6c2fdaaa-44a7-4a85-8ad7-2a63c0968d80,Mycat
e714d2e6-5b0f-498b-bdd6-1178f320a932,Devcast
13fd1b7c-58e8-4d82-a5c7-b22edc3b2ce7,Oyonder
0c29bdf1-6293-4b40-aa1a-d3629f349a92,Trunyx
b04262ce-9dd4-4b3e-bc88-ae3e098b32b4,Quatz
10e9c2a8-c9b6-4828-8bfb-6d7dd7103b72,Babblestorm
8d19d5c1-a80b-414a-a3cd-a3bb3e25e466,Podcat
92902f2d-89cd-44d0-88af-400442a000f7,Oyonder
155d3137-29c9-403c-8f76-bdc3d799cbbe,Skynoodle
0fc07c8d-a156-4e28-b34d-f89dea914bb7,Jatri
3799036b-f70a-4f22-847e-62db1033b445,Nlounge
3dabe75c-57ff-4693-bd04-aa8c66f45c09,Livepath
ad0d142f-0970-47de-bd56-9e82daba81ae,Tazz
47aabe5f-9a22-4e96-94de-d33c61b58343,Fliptune
ef62c8a8-b3a4-4312-83d6-02cfd9ecc482,Dazzlesphere
7e5e0c42-85f6-47bf-85e3-eabcbd15a7e0,Skippad
9afb8f76-3b40-45aa-a219-fad35a0187d7,Livetube
a0dc077e-bc38-4bcc-949a-c1ab4bdc1f29,Brightdog
7b7415c4-1707-4be6-88d5-9f96da09a660,Tekfly
62f1c9f9-f392-4aa9-af73-afa668d94950,Bubblebox
308bcbfd-3eef-4c60-b84c-b0dcfd577259,Centimia
1422dee0-f0b3-49ee-a225-c9160070ff70,LiveZ
54423b4a-691d-4dbf-907b-8e5540eb0b42,Tagpad
02789388-67ec-4461-8b3a-30a92a919c5b,Realcube
db073f0f-8287-424f-a6fd-b4aa3aaba988,Tagfeed
7cf49357-9ed7-44c3-a5b7-831f41785d66,Pixoboo
7ddba5dc-e855-4f82-926d-5500ecf1b032,Feedfire
2dfdfa43-566b-4f02-8a5b-6bd6cbf3360e,Fadeo
9a2ab50f-0853-4214-91f0-3fc53930bd34,Voolith
254d8e85-76c1-4b89-8c4c-7e8eeaf017fc,Trilia
8585551c-0d40-4b62-88a7-1ae7987b3c91,Flashspan
1727058f-631f-4952-925c-dc030be0d580,Trudeo
3a7c8eaf-406b-4ef8-9dcf-180d2173d7a3,Abatz
84b73a30-7c71-4029-a439-4796f4539c02,Abata
d5fafd38-9529-43aa-b1f6-3b7a0508baee,Linklinks
cf991cca-2930-447a-a182-9f8124040d8f,Voomm
0c970d14-740e-42eb-bf18-7e5a6680788e,Realmix
056e51e1-47f8-46b4-8126-027df167306b,Realbridge
6ebe5d26-770b-46e8-b3d3-a132bfa21e0e,Agivu
064b58c6-8789-4e9b-a745-6c59c5d68f26,Kaymbo
c9aff6c0-27af-4a5f-91a9-925616aa4fad,Yacero
33db73ba-bfa8-48fa-ba3e-3c166b295203,Oyope
56acd1de-7d1e-49b8-b825-ffc62847f8fb,Oyondu
a304aa7b-362b-4dd6-ad05-8c953eef6175,Voolith
8006b283-6745-4900-8afd-5878a5c903ba,Quatz
3f556406-3e87-4528-b0b3-22f78f05559c,Jaxspan
53af5abe-69e1-4c17-827a-14f041027280,Mymm
1dd258e2-418e-4e9f-8634-87983bb001c6,Topiczoom
f449046b-edb8-4c0d-af60-9cbe3e80b63a,Zooxo
6cae6a71-bedd-4fa1-951e-7759d61c58cc,Flipopia
5d42a366-1182-47c8-b6ab-3b3ebdcd982d,Kwilith
ac500a08-539b-40c2-b606-431c1c4228c7,Fliptune
48a00030-5238-425f-8d27-6b6019a285e2,Babbleblab
d8e48a3e-48cd-45b2-9a62-74385f86fc57,Yakijo
363310a5-8c6e-41f7-bba1-55beb33d496d,Jabbersphere
9b820fe4-4142-4202-ad30-4157d71b32dd,Buzzster
9f6006e9-c46b-4c33-bf12-437e2259cb1e,Gabspot
198176fe-10c6-4387-b03e-96f2da51eade,Voonder
ad0017e2-2cdb-42dc-9ca4-17ecc025dbfb,Vinder
44afd1c3-4ad9-433f-935f-6f45a5f2dd92,Oyoloo
a202940f-9a3d-4ffc-9f45-4e46772d2a03,Browseblab
e0e47a4f-a2a3-41c6-af14-b7196b583b79,Roombo
4d83dd1a-690c-4a57-ba07-d721bb4c146d,Quimm
25854e1a-4e84-4886-9088-4e459198dba5,Wordpedia
