id,name,number,city
4e706ffb-754b-4a22-93e3-92ef92cce08d,Drama|Sci-Fi,1,Jutiapa
43a429cc-4387-4337-96d5-b3970a47a7c3,Action|Comedy,2,Tunis
ba9c8b8e-2918-4d31-a056-cd04478ccf9d,Drama,3,Ladner
8346212a-80c1-45fd-8aae-9e0ffe70a931,Documentary,4,Garahan
eb1ac07a-32fe-4383-98f5-10961d3c8732,Action|Drama|Sci-Fi,5,Ševica
0aef2a30-64c3-44fd-bc6e-8ee0347c51d4,Adventure|Children|Comedy|Drama,6,Vermoim
fd6c8338-4044-4c70-845c-eb98c050f448,Action|Adventure|Animation|Children|Comedy|Fantasy,7,Yueyang
de06c103-05a5-4f53-872a-b1bdc73e6f0b,Documentary,8,Kivertsi
1e292fba-ac83-4386-b37e-a7d84fdded8e,Comedy|Drama,9,Xinghua
f6fa56dc-eb87-4703-8ed9-19c3c9c5f260,Comedy|War,10,Palanas
33dc8048-29d4-4884-93c0-edcf5f0ed3a6,Action|Thriller,11,Bosanski Novi
19b287d2-e85d-4153-981c-cfe65ce4ddb3,Drama,12,Pleshanovo
33bb4c34-0237-4997-8e63-b192348156b4,Comedy|Horror|Sci-Fi,13,Gastello
0abe28c9-d01d-4326-8bda-56a1279cd562,(no genres listed),14,Hainan
5c5b1ce6-8aa9-498e-b035-ca14a134a1f5,Drama,15,København
e33cdbeb-6401-4e74-8347-596bc68e326a,Drama,16,Hobaramachi
f29f5b4a-70c7-4d65-9843-d74d52700ada,Drama,17,Jalupang Dua
5c569422-ebb2-4166-93bb-96baaa19125c,Comedy,18,Gushi
27614362-00d2-42bd-94c1-965fe2ba5267,Comedy|Romance,19,Igrejinha
2aa0fa13-936e-45b3-a45b-19ff6ba105f1,Comedy|Drama|Romance,20,Sukodono
ab8338c1-9a1c-4489-8505-59b8efdfe310,Adventure|Romance,21,Qingyun
861121b2-139b-4a56-9add-5fd49a152ee2,Drama,22,Nam Som
a7064760-916f-4a89-8475-f363a6ca35a2,Adventure|Drama,23,Ambositra
cae2b5c7-cbc5-4413-bad5-da6d0b6bdb49,Comedy,24,Lezhu
c0854400-b122-42f9-aa58-858a7858d2cf,Documentary|Sci-Fi,25,Nanyang
9a05d683-71c4-42d3-acb3-2776741a71da,Fantasy|Horror|Mystery,26,Muke
9540073c-60b3-41e8-a8ae-d0c7ef4c6593,Drama,27,Duishan
2b7aa56f-0a88-4a06-a288-379989c46b76,Action|Fantasy|Horror,28,Miskindzha
e6b71758-6af1-4f8a-9514-f835a0109bf1,Action|Crime|Drama|Thriller,29,Yanshang
3142597d-90ac-4354-a1f8-4311f8dd1248,Comedy|Romance,30,Lipin Bor
4e6cd14a-6b01-4f45-bd97-4b3221a7fd7c,Drama,31,Tanza
c54a4f18-bba6-4cf9-ab05-335c8619417e,Comedy|Drama|Fantasy,32,Bai’e
35d36960-f6de-432d-8b8c-fa7d026f6255,Drama|Musical|Romance,33,Hikkaduwa
929fad7b-a9bb-4de8-98ea-e8b938a08584,Drama|War,34,Orizari
89ec1fee-9fe0-4d7c-bfcb-2432fe492c20,Action|Drama|Thriller,35,Oslo
008c5e8b-079b-4d15-844c-13a4c3df33ac,Comedy|Fantasy|Sci-Fi,36,Caopie
08e3ed0e-ec98-406b-81ed-e3578896fef3,Drama,37,Sankt Andrä-Höch
4b9ce03e-80c6-47f5-8f08-11241376b98c,Sci-Fi|Thriller,38,Nikinci
609a7c71-4bb2-4608-8eaa-b9dc43708567,Drama|Romance,39,Pithári
8ae793c0-ea74-4d06-8c3f-fdc96245907d,Comedy|Romance,40,Bezlyudivka
54d7c11b-3186-4a99-b003-c40d68dcf36f,Documentary,41,Doujia
1aa581a7-3c44-48e6-971b-5ca02562cdd8,Drama,42,Becerril
c8eb9597-9aa6-4033-b878-e31aed6e5db6,Action|Drama,43,Bastan
f27b807d-9d33-49b2-86f6-b0d5526de3d0,Drama|Thriller,44,Vykhino-Zhulebino
9d3bd528-5dac-4d90-9c21-a345b7d102db,Comedy|Drama,45,Grugul
85db2645-e9b4-42b1-976b-3bc4bc4a3992,Comedy,46,Sousa
d27db43e-6a7c-47f4-bc68-4b84db088867,Adventure|War,47,Xincheng
56bad57f-2c8b-4129-b683-4153877d0c1c,Action|Adventure|Sci-Fi|Western,48,Tall Abyaḑ
87032c97-9fce-44d9-b17f-0d81f9472b85,Action|Comedy,49,Shaowu
fccccb71-d8a2-41b5-8a82-34e2ffd4af3c,(no genres listed),50,Maloma
a6182830-84fb-48d6-8aa0-2ecfeaec5255,Drama|Romance,51,Novi Travnik
7583b19a-7b24-4105-bdb1-64f29aab57a0,Children|Comedy,52,Costa Nova do Prado
0ae99c35-9c10-4578-8c08-0e2d6c708d5c,Action|Adventure|Comedy|Western,53,Sāqayn
61739a15-28c2-441c-9f5a-a125699bc480,Action|Adventure|Thriller,54,Gongdanglegi Kulon
17ce2579-db07-405c-bef3-b12bdb676517,Drama|Film-Noir|Musical,55,San Felipe
a2c23aed-5ae9-46d2-a327-bf2971dde897,Action,56,Ligang
3892812e-07c6-4667-80f2-8ef80f09d98c,Adventure|Children|Drama|Fantasy|IMAX,57,Tagiura
526627ca-df57-42ac-b4e9-2cefb12da13a,Action|Adventure|Thriller,58,Tuscaloosa
85710edc-c8e4-4661-a3cb-bf6fb0a8a363,Children|Drama,59,Al Finţās
bc1021c0-1c7f-4489-9640-a7152b0faecd,Animation|Children|Fantasy|Musical|Romance|IMAX,60,Shiliting
0074dc79-0cd8-4203-919c-f6559ca016d7,Comedy|Drama,61,Prinza
40a5b323-b41b-4992-b25a-f07829aab2aa,Comedy|Drama,62,Haitou
db5a22a7-355a-4690-91e8-a3d097406493,Drama|Western,63,Odivelas
b76f7825-03a2-400a-a202-8035477663b9,Comedy,64,Gajah
e56a20f9-9c8a-446e-871f-7f05a3a890c1,Comedy|Drama,65,Aiguo
88a4bdf0-47d0-41c4-af6c-c0c9b5c384ab,Action|Drama|Romance|War,66,Jeziora Wielkie
f1a0342c-a42e-448f-b6fa-b6629b146407,Documentary|Musical,67,Fāmenīn
ddb30441-7e34-4dd3-b124-3ff68f17aad5,Drama|Horror|Romance,68,Dijon
3f678397-edbf-4ef8-87ef-77d5cd6cf589,Musical,69,Hesi
eb98222b-5d6e-4b1a-9136-77e1498b804c,Crime|Drama,70,Rîbniţa
b5af67be-000f-433b-9cfe-54e91eb47096,Documentary,71,Surulangun Rawas
b9d1aa0b-98f4-4422-bff1-486341b04f3c,Comedy,72,Garanhuns
7a564045-a032-4b89-836c-1648d3c2a15f,Crime|Horror|Mystery|Thriller,73,Zhicheng
a3312bf8-5c5b-4ef8-b102-d04b222f1aba,Horror|Thriller,74,Ha’erlong
cc2f5543-29f9-43ce-9ccb-a8bf5eb14c3a,Horror,75,Maguan
e09b23f4-c1dd-445c-bdc1-7ab63c2c7458,Comedy,76,Ipojuca
25f961ac-a412-4c32-8804-768f96be71ae,Drama,77,Youwei
b599363d-5f9e-4196-a34b-617effb6ab07,Action|Adventure,78,Anuchino
dcd47968-7897-49aa-9a07-e6d4e8e0d6c7,Drama,79,Santa Rosa de Aguán
0545517d-c5bf-44e4-97f4-d83de3016f78,Comedy|Romance,80,Guoxiang
0cf39bf7-f8a8-4a60-be09-afcdec4c9993,Comedy,81,Daping
74615719-46ea-4b50-aae9-c163b852e2c2,Drama,82,Banyuurip
fd4ed6e9-4f6f-42d9-b182-a2e88cb468f9,Horror|Thriller,83,Krajan
5b73b1e4-952e-4c18-bb63-200a9035e77d,Crime|Drama|Thriller,84,Kiamba
110c66d9-54d1-4048-9317-9d2fb2d59c5c,Comedy,85,Bolian
71a7151f-3bfc-4d4f-a677-41ef81167987,Comedy|Drama|Romance,86,Wuxia
f31b41f4-aa8f-422e-9f8f-67c922791a54,War,87,Słupsk
59106edd-3509-4a44-807b-9f99fea556c7,Sci-Fi|Thriller,88,Qanliko’l
1d80e5e6-cc00-4fa1-b1e7-137cad119401,Drama|Thriller,89,Mansôa
10496da8-34a9-4fd0-b098-b63cdc6abf1c,Documentary,90,Brades
c742c171-0063-42f1-b902-745141a71ada,Drama|Romance,91,Krasnodon
40ad846f-dd8c-4437-b29c-8ef4842768d2,Drama,92,Itambé
ceabb74f-8e2e-448a-a0cc-c40de96af12a,Crime|Drama|Thriller,93,Valašská Polanka
5aeed3d2-b5f4-454d-aa35-a4e050158396,Crime|Drama|Romance,94,Yege
946a426e-d2fd-430b-9cad-d8b84a9ce264,Drama|Horror,95,Rawasan
3dd9e074-ea45-48e9-8df9-002373d79f17,Drama|Horror|Thriller,96,Xiacaoqiao
21019a55-7af5-489c-95c1-abf8c7d26e7a,Thriller,97,Lleida
09d36855-a580-4915-8397-2da37ed84428,Comedy|Drama|Romance,98,Krajan Gajihan
2b2f4dbd-465b-4a19-94ad-15e4d7d59971,Horror,99,Kokstad
b8815f80-11df-4820-b9b9-97fb66c77ff9,Comedy,100,Gading
37f24a8c-5e30-45cb-ace0-e4548dd54447,Crime|Drama|Mystery|Thriller,101,Nakhabino
70ddc71b-9c67-4bcf-8723-d09a06a557a0,Crime|Drama,102,Krajan
ff14a357-cf84-4f10-ab68-902e36ff3ff7,Documentary,103,Tangguhang
bfe9eaa5-31a6-4e85-893b-416f131aee22,Drama|Thriller,104,La Oroya
159037ae-72cf-4cbb-b608-6e7f1b7fd13e,Drama|War,105,Qianwei
67d9e251-85ad-4d6d-be8d-3e364f5c5991,Adventure|Western,106,Neebing
b383ad3f-bb83-4451-9c4a-d5cc8ad93e1f,Adventure|Comedy|Mystery|Western,107,Ai Tu
ef53e422-a027-4639-9897-e5d3b1606867,Drama,108,Miguel Calmon
00ebd651-a381-4a5e-9222-4456b3f40920,Action|Horror|Sci-Fi,109,Natu
2d8bd2e4-856a-4b36-a1c5-52b5906f2d95,Action|Adventure|Drama|Thriller,110,Kobiernice
e0890452-6fd1-494e-a3c7-83522dda4ea8,Children|Comedy,111,Vimmerby
80c584cd-1304-4270-912d-db9e82e51b65,Comedy|Romance,112,Kemisē
25d4cc94-934c-4b8c-a069-132cdf487e7d,Drama,113,Āzādshahr
88224404-f73a-4708-95ea-cda69b6b6b1e,Action|Drama|Mystery|Thriller,114,Müllendorf
10c375b3-622d-452d-b3e3-b1decc2533c1,Drama,115,Zürich
4b3c75f1-bd96-4f96-bb15-cbae00e31360,Crime|Drama,116,Starobin
15ac8493-eb03-4851-ae13-a8d532c8dffb,Action|Crime|Thriller,117,Huiyuan
2e19c9c9-288e-48f0-b657-3cdb71a47200,Comedy|Fantasy|Romance,118,Bánica
05511655-edd8-4dd6-847a-310bd031560b,Drama,119,Hailin
2643beb4-6199-4c07-9a0a-081a496b2997,Comedy|Sci-Fi,120,Qiaobian
0216f665-c105-42f1-ada6-cb375c94f620,Comedy,121,Mamara
a0257ce5-caf6-43a0-8d22-013b15622355,Action|Animation|Horror,122,Longfengshan
0d2fa7e0-dc1c-4f71-aae0-45cb8a479218,Comedy|Drama|Fantasy,123,Shangsanji
0e673eec-7f43-4e7b-80b4-d8ce6e4358c6,Drama,124,Weiting
58e873db-ec1e-4a49-bf35-5f7c4dc2a876,Comedy|Drama,125,Roblin
7f95767f-4503-4806-a0f9-2c2ab1f4b426,Comedy|Drama,126,La Gi
f18008d5-b825-4a43-8534-5d9cc8f7a43c,Comedy|Drama|Musical|Romance,127,Santa Ana
19e18426-4285-4d5c-8eec-15b1f81b3f49,Documentary|Drama|Mystery,128,Rivière-du-Loup
4fca93c9-3437-40b4-82cf-576085ad8cb3,Comedy,129,Bidbid
6eddfe4f-4efa-48e0-a486-81e266c89acd,Documentary,130,Moulay Yacoub
404570f9-1024-41c9-88db-ddcb711721cf,Drama,131,Konstantinovskoye
c3e47c25-8336-440a-be11-40ec4adc943c,Western,132,Rîbniţa
460cfa2b-ceb6-4cd4-8c84-d617b4a38bb3,Comedy|Drama,133,Rochester
a66abbdf-e347-4743-af61-1a6f0fa86c53,Horror|Thriller,134,Venlo
318b0260-438f-44e7-a096-a91d8aa8aa5f,Drama|Romance,135,Wielbark
bd5dfe27-225d-4f6c-9046-94014e93fb60,Drama|War,136,Pedregal
527b5243-e8d5-4b7d-a599-c107add87379,Documentary,137,Concepción
616f0833-89ac-4497-87bc-e84436236a20,Animation|Children,138,Yinying
7122580b-6ffd-45bf-9b92-31d9180fb3ab,Action|Comedy|Romance,139,Lydenburg
ee3066a9-5757-4f52-919a-79b241ffbbcc,Documentary,140,Żarki
ce101966-88f5-4b93-bdc8-8b1383c76280,Comedy|Drama,141,Halmstad
baf96bbb-1c71-4d7d-9183-f776bc937ef7,Drama|Romance,142,Bieqiao
cbae3aa6-15e4-4796-8a5a-8061d17d0aea,Drama|Thriller,143,Xinshidu
f79f5f05-05ce-4e17-af33-a54e67d809f2,Comedy,144,Marbel
fb505f5f-f490-46f3-a6f4-1bc712becfdf,Horror|Sci-Fi,145,Taoyuan
839c62c6-da64-4fb2-b0f7-314988830253,Adventure|Western,146,Baima
92312d09-88db-4ea6-9bbd-17bb8e4f7816,Crime|Thriller,147,Vila Alva
fcb441cb-4bb2-4ced-a49a-02af11f4f424,Drama|Romance,148,Varnsdorf
b4379fdf-5d78-4f6f-99b4-8eee12b92606,Drama,149,Ceranów
c855f3ef-bfe9-46bb-8ba7-11a24954b103,Documentary|Drama,150,Kramators’k
bd6390e3-02cd-47f8-a9b2-e6df44f7442c,Adventure|Animation|Children|Comedy|Fantasy,151,Sölvesborg
a8cb78b5-ab1b-4f18-91f4-995de5f48f84,Adventure|Sci-Fi,152,Shimorskoye
3b223e3b-e51a-46d9-9eac-e75c60d75d66,Action|Adventure|Animation|Fantasy|Sci-Fi,153,Ikang
50b35bf0-d5c1-4a57-a23c-48303052dfbb,Drama,154,Svilajnac
ab499e7b-4463-498e-ba94-ca9aa722875c,Drama,155,Donghe
9b30ba93-6957-4bf9-a79c-9d22543d16a8,Horror|Mystery|Thriller,156,Denver
e6c4311e-e6bf-4af6-8fb8-23c114d32447,Crime|Drama,157,Jugantang
3193fb00-baff-403f-9102-213629ff4737,Comedy|Romance,158,Sóc Sơn
907d2beb-8d84-44f8-8075-935551d266e8,Action|Drama,159,Carmen
a7c09f6c-80a5-415e-bcaf-266e0028141a,Drama|War,160,Bafoulabé
948e00ca-70c2-4d44-8b91-c6dc907c4ae5,Horror,161,Ban Phaeo
4c89a64e-5d10-4a9f-a253-7c110e23c17e,Crime|Drama|Thriller,162,Łodygowice
1ad560c2-a2c9-415b-9460-7a339e6d370b,Crime|Drama,163,Nantes
2b103154-8daf-44f8-adf8-943786070ee8,Crime|Drama|Mystery,164,Bambang
3a0d49d1-c3c9-4569-aad7-63d603a275b4,Comedy|Drama,165,Semampir
f308d928-54d7-4df5-861e-96b79e543332,Comedy,166,Tanjungampalu
19621af6-33d6-4195-83b2-1c4ca1218630,Drama,167,Ban Ko Lan
b7b09c79-58c8-4bb9-98ca-72f5c298a618,Musical|Sci-Fi,168,Sadananya
33e0bb2b-797c-4ee5-8466-c17e1dd849ce,Animation|Children|Fantasy|Musical,169,Nerk’in Getashen
1b76a25f-f429-4750-a0a1-894a9e1381ba,Drama|Thriller,170,Vypolzovo
e526f08f-5be1-43ef-a1a1-d520c87b283a,Children|Comedy,171,Karangasem
5e09ce68-3110-463b-839c-a01fc41e796a,Comedy|Drama|Romance,172,Maikawada
f8ed6e8b-dbf1-49ff-8818-73a5190d188e,Crime|Drama,173,Amuñgan
c5240db9-3566-4290-83f8-2dacd93f1a9f,Documentary,174,Oslo
1e19cb21-1823-4070-8042-5acf2d223ad9,Action|Adventure|Comedy|Fantasy,175,Paris 19
e89efdcf-b4ed-41c5-aa04-cccb3dbf64b7,Drama,176,Port Glaud
654898ac-670b-4f54-8dad-414d65caf754,Comedy|Drama,177,Vernon
9ffa5e0b-7da4-4550-91b0-99d26567a44f,Comedy|Drama|Romance,178,Krajan Joho
41211f7a-b28e-4767-b016-b5d2412d35aa,Horror,179,Maguan
1e1fd871-0165-4991-b795-5377b8a38298,Drama|Thriller,180,Benito Juarez
39acc32d-19ed-4daf-a09e-09b7f6e29579,Comedy|Romance,181,Sísion
359decbd-6a56-4b70-986e-a639113b7782,Documentary,182,Ardino
509ad0d1-8d45-4b95-b2b8-3d3eb0aa94ee,Drama|War,183,Örebro
f5408859-1e6a-49e1-85ac-36195f80d054,Crime,184,Wanhu
51c25a10-6b91-462b-91aa-d358db4b4db7,Drama,185,Alto Río Senguer
466f6de5-48e1-447b-9276-aecaddd8d229,Comedy|Drama|Romance,186,Empedrado
17cba4be-2a57-49a0-acde-553b02f4a512,Documentary,187,Karangkancana
ea21c0af-81b9-4f00-9270-04343dd076eb,Comedy|Drama,188,Ambar
92b09675-a75d-45d6-9658-b51df7dcb377,Drama|Thriller,189,Tsovazard
7fb7894c-ad06-482e-83ba-16cb8722a894,Comedy|Musical,190,Amnat Charoen
973e6f41-c6be-4e57-8076-d90a684ffc96,Drama,191,Saint-Priest
6bb41168-e0de-49c2-a4fa-f0cbcd3dadc3,Drama,192,Sandakan
41449f7e-39b0-4c9a-956f-2df0498d51b3,Action|Drama,193,Xiamazhuang
412134dd-bc6e-4f47-8631-64d70b2a790e,Drama|Musical,194,Nový Hrozenkov
527f3253-c097-4656-8d13-9c30c5f9f84c,Drama|Mystery|Thriller,195,Sherbrooke
3c7fa5a2-382f-42dc-8f5d-d7e22da32868,Comedy|Western,196,Huillapima
2d3cfbc4-8f20-47a9-8b31-b31e05b735f7,Drama,197,Bayonne
3af72e35-da30-4e72-8594-9716abd46fd4,Drama,198,Wąbrzeźno
572b8c52-f6ff-407c-9649-ff6434cdc61a,Comedy,199,Tacoma
a7746393-61f4-4720-8ef0-34a9e21793d5,Drama|Thriller,200,Jinshan
0e6c5f1d-2ccd-4566-b4d1-e8ec0571db01,Drama,201,Asquipata
574fbdcb-cc25-441d-8b3c-78cea9100b73,Documentary,202,Xinjie
642cf47f-f108-44ad-a05f-4fa5b53cbfa2,Drama,203,Ambon
c909ce73-e01d-41a6-a500-10c77d31fd28,Horror|Thriller,204,Bhairab Bāzār
0b9a8d98-6489-4ee2-8d8f-90b7b3c03c7e,Drama,205,Härnösand
46d804e6-d58b-42c0-add1-40c10e655e02,Comedy,206,Borlänge
45eeaeca-26e0-496b-b26a-6b717fccc7e6,Horror|Sci-Fi,207,Sundbyberg
c0e733c0-34c0-421e-bf94-f53f78346770,Action|Horror|Sci-Fi,208,Laraos
667b93c6-a8d3-4825-91b7-34e58af330f9,Documentary|Horror,209,Tilburg
f798e8bc-0cdd-485b-9cb8-6019c238e613,Action|Comedy|Crime|Thriller,210,Comilla
0b2b05b2-0013-493b-a213-80ec959fc40d,Comedy|Musical|Romance,211,Akebielidou
97f765a7-42fc-4149-9de4-7dfc2dda6c1f,Drama,212,Luofang
8d359235-b919-4b61-8492-6c78996bfa99,Drama,213,Villa Atamisqui
6ee2dc16-19f2-4fcd-bbff-c8cfb522d52c,Documentary,214,Nankang
9db60b6b-ea0c-446b-bbe9-ba43412c93b5,Thriller,215,Silute
21e6c679-07a9-4f23-af0c-273a24eda462,Comedy|Drama,216,Teófilo Otoni
ae0b609a-0be0-45e8-ab86-5adeef62ac9a,Action|Horror,217,Machado
7689db83-a1c5-499f-ad43-92bd2294fab8,Comedy,218,Kedungbacin
253ee653-4e81-4c5e-969e-76480ce40ac2,Drama|Fantasy|Mystery,219,Tigarunggu
3c5c8969-0474-490c-bdf1-1b3f37793fb3,Crime|Drama|Romance,220,Kosonsoy Shahri
0411672c-3c64-4619-8e4d-b17e65369546,Drama,221,Sovetsk
b345511a-186b-4134-94c0-e5d1d50f21fc,Drama,222,Bal’shavik
862b2c9e-ace4-4dd7-b82d-767a84ad948e,Children|Comedy|Romance,223,Ostojićevo
4c9ff43a-0230-4e59-b008-8d61f27249a6,Romance,224,Hondo Valle
62358c4b-d967-4525-9af1-bc29c27237c4,Action|Adventure|Thriller,225,Babah Rot
c08ab785-f653-4f3f-8b9f-57a335ce9d9d,(no genres listed),226,Buganda
5c9dda8d-201f-4ce5-b382-03ecc1953590,Crime|Drama,227,Abdurahmoni Jomí
958b0220-f74d-4cac-b357-e19a74a31795,Horror|Mystery,228,Kulotino
175c8086-8349-43df-a61b-f6a56be7017c,Adventure|Animation|Children|Fantasy,229,Kertasari
18baeeb4-1eb7-4ffd-9a2f-f557102dd5b7,Documentary,230,Fengcheng
65e60432-bed9-4540-97bd-ab8cecabedb4,Drama,231,Huazhou
fa3948bb-42da-4d5e-bd30-5194ff2e844b,Drama|War,232,Alkmaar
249ca221-bb79-4c6f-8e96-dbbcb880f14b,Drama|Film-Noir,233,Billère
4fbde61f-265c-4903-9ac8-2a2d86493d48,Comedy,234,Pustomyty
d9abfb71-aefe-414f-a073-2d530f1b306a,Adventure|Comedy|Crime,235,Funes
bfa63c15-5cd9-46a0-b84f-fd9453653673,Comedy,236,Sundbyberg
49aa7aa1-23ac-42bf-bc8d-47986431d220,Comedy|Romance,237,Šabac
6bac2652-4123-40e9-8743-e3626fb0dbcb,Comedy,238,Lepoglava
f192ce96-ac02-4810-a490-87e583f4a231,Crime|Drama|Mystery|Thriller,239,Puan Selatan
746b6b6f-bca3-412f-b541-630d5cfd3e61,Drama,240,Lebahseri
f88e8399-e3b1-478f-bad6-4f38b9775775,Comedy|Romance,241,Tanabe
d014eeda-a3f6-4a23-9449-13eec7ef48aa,Drama|Fantasy,242,Yuanjue
400e9b16-d274-41c9-af9a-c21bc913688d,Comedy,243,Isla Verde
b03e8fe4-1773-4c73-a82d-4c21f045be33,Documentary,244,Périgny
a88f40a2-6cd3-40a7-a00a-151ec50c2089,Drama,245,Mondokan
e07c913e-4d54-43ab-818d-82c432f095f8,Drama,246,Dachong
a2845538-9689-4a3f-90e8-fa533e38f0fe,Documentary,247,Stuttgart
6d47be0a-c1ea-4002-94ed-69830818f87d,Drama,248,Talpe
8fbd07a1-cabf-4c0a-9ecf-75c97b0adc0e,Sci-Fi|Thriller,249,Bergen
6ef2aced-abbb-4eea-91c9-669970bbaa4b,Drama,250,Sasebo
1a90220a-c3a8-48b5-80ab-fc81363e2ee0,Action|Drama|Thriller,251,Port Nolloth
daf75e30-a032-43fc-b1d3-943963bf485f,Drama,252,Agenebode
57b34fe6-591d-43c5-a1e5-8de9f15a0988,Comedy|Romance,253,Yaita
8d0a7a2b-cee3-4790-bc6f-b5d377fa9ac0,Adventure|Fantasy,254,Karlstad
bbec1a5d-1bc1-4a12-bdf4-9f8118e80b8e,Comedy,255,Casablanca
c6b4581b-5738-4d64-8ed3-e99e7394107f,Documentary,256,Dongtian
daa00eb9-ee78-46eb-9e8b-496e43c272cc,Drama,257,Turus
a3ae5af2-df09-44e6-afba-2d35c296d2f1,Comedy|Crime|Thriller,258,Junliangcheng
1e7bcfdc-53e0-4671-9900-ef0b723d574b,Comedy|Drama|Romance,259,Minneapolis
a8322ffe-ded6-49d7-baa7-db2e2575d6fe,Comedy,260,Bayabas
de7a60b5-7247-4e0e-811e-ca88823918a1,Adventure|Animation|Children|Drama,261,Daliyuan
01d71eb5-5733-4191-b3e5-7ff45c72cb92,Action|Thriller,262,Fushun
f511938e-a65f-4b28-bd06-2e84f4d830ac,Drama,263,Qalqīlyah
c43289ce-82fe-446c-b841-e8e8135efed7,Drama,264,Ake-Eze
a46b467e-f90e-4bc0-9be4-0b2a25ed24a8,Crime|Drama,265,Niños Heroes
d641cd3b-6715-4029-b295-c7363f5927c8,Animation|Children,266,Chlumec nad Cidlinou
6d456189-6f7a-4761-89cb-ea3112b12c6c,Comedy,267,Kungälv
41189d30-a950-4b0b-bb13-45d9dcb6a5bc,Documentary,268,Maojia
aeb333df-733b-4841-8b8e-f14591c0ba84,Drama|Romance|War,269,Tīrān
7636c97a-dccf-4862-970b-02ef12d38854,(no genres listed),270,Windsor
c5182e2b-bb33-4886-8717-893b84097482,Drama|War,271,Xuanbao
ea4980f2-c856-47ab-a684-2cd781c4ccba,Action|Adventure,272,Panadura
056abd50-adea-4e87-8919-5b9bf6c8deda,Adventure|Comedy|Fantasy,273,Chincha Baja
406c4b6b-9303-4efc-a3ba-1e36cf3a8890,Documentary,274,Cieurih Satu
0904efcb-b6fb-4201-97b0-a8f1c4a64c3d,Drama|Fantasy|Romance,275,At Tawāhī
df6829e9-18c8-4b3a-a130-2732674590ef,Crime|Drama|Thriller,276,São Sebastião
807b91e2-941c-4428-83ef-edc4efeabcca,Comedy|Romance,277,Bílovec
34425f6e-792e-474d-b795-fc4ba990b6ba,Documentary,278,Valdosta
4366ec43-b3a8-47ce-b89c-81aec86288d9,Comedy|Romance|Thriller|Western,279,Ochakiv
7ff91585-9287-4898-b550-ae2c5bfd8407,Drama|War,280,Kulonkali
87f7e1a7-1015-434f-97a1-ffba9c5b33bd,Comedy|Sci-Fi,281,San Ignacio de Velasco
4108fb7d-2a52-414e-bbd8-98f6a3f10f7c,Comedy,282,Agara
1d4ca75f-5cbd-46cc-b491-308c491d4a5a,Drama,283,Duli
d3cc4102-9a70-4d32-9f0f-d259251ecf9f,Drama|Romance,284,Czerniewice
30b46b61-4b43-4ae9-91a4-4d019cfa3f3b,Crime|Drama,285,Bueng Samakkhi
ffa373d6-76e4-45b5-ae4c-566cb89adc8b,Animation|Children,286,Guadalupe
44210027-6364-4496-a683-bead0c54684d,Action|War|Western,287,Trondheim
33e16ecf-41f5-4bc3-a5db-e2ce409d4875,Comedy|Horror,288,Ayía Triás
9caab050-408a-4a6e-a37f-093a408f74ca,Comedy,289,Sîr ed Danniyé
d99f8ff5-bcf6-4818-a287-5553cc1774d8,Action|Drama,290,Lydenburg
b8eb3a13-1b64-49c4-a3c2-11fed69cc459,Action|Adventure|Comedy|Crime|Drama,291,Remscheid
84081560-56d0-45c8-92ab-043e63450928,Drama|Western,292,Ciherang
bc4f024d-d5f8-4a08-8a45-9526fb327344,Animation|Children,293,Belz
03852b57-b817-4e1c-89a5-37977b6abc5f,Action|Sci-Fi,294,Spassk-Dal’niy
f5467653-8438-4030-92b0-33fa277cd4a4,Documentary,295,Zhushan
6e7ec72f-4ae3-4831-b40f-af3249dbfe53,Adventure|Comedy|Musical,296,Tenggina Daya
447399ae-e2ef-4609-a9e4-ee86df3ebee5,Drama|Romance,297,Peña Blanca
36ddb691-ce5c-443f-8389-0394dc650a62,Action|Adventure|Comedy|Documentary|Fantasy,298,Kotes
6577445c-6204-4a46-8354-9c879877a778,Comedy|Drama,299,Katwijk
a47558b7-8ec6-4a43-92f9-392ecbe5c14c,Children|Comedy,300,Kamālia
7a396bcb-ce6d-43a6-b4d7-3b31c46e13f7,Children,301,Quiaios
ca584591-ab7e-4297-8699-9ace503cab40,Comedy,302,Obukhiv
cece85d7-dde9-4e6b-bc31-036ea4326c74,Comedy,303,Bibis
34a3f624-fa13-4826-8a09-2b5fe94b1d80,Comedy|Drama,304,Klášterec nad Ohří
d2b4d13d-fe8f-4b69-9f9b-1397483884dd,Action|Drama|Thriller,305,Rūjayb
25d168e4-a06f-42e2-acb1-36df903c84bd,Drama|Romance,306,Slavs’ke
b93b0941-628f-4b8e-8d91-e05b15994a50,Drama|Thriller,307,Nürnberg
837b0195-0cb8-4862-9645-cc31045564f2,Comedy|Drama,308,Xiaoguan
edbafb37-6dfc-4758-88d7-5bc25857acc2,Comedy|Romance|Sci-Fi,309,Tugela Ferry
1631c27b-174d-4216-b21b-bab1559b2bf1,Comedy|Drama,310,Hafnarfjörður
f61b7561-812d-42fa-8b83-667e4e3e8e63,Comedy,311,Gamleby
eb647ccc-35be-4584-aa87-ab7fae6d8b0d,Comedy|Drama,312,Balading
ab5dd90d-3f65-452b-819f-86cdc1bd4edf,Drama,313,Huacrapuquio
e686fa55-fb02-4d70-bf18-bd6149d7a7ef,Action|Drama|Thriller|IMAX,314,Сарај
57f5f04f-6b3d-464e-8d4a-9d951468331e,Documentary,315,Tola
d5c99212-f417-416f-8567-7045198adbce,Drama|Romance|Sci-Fi,316,Soissons
4f644ebb-15bc-4366-b5e7-8ec84b406b58,Romance,317,Załuski
04d587d7-2220-42f6-ae1d-3cddd686aebf,Sci-Fi|Thriller,318,Kefang
b5330a12-dd09-4164-9e98-46fed519f602,Action|Comedy|Crime,319,Funafuti
6355dc17-c8d4-4151-bb18-eac855642bca,Drama|Romance,320,Campos Gerais
62d4adc3-6e76-4727-8fa4-529d831c873e,Action|Adventure|Drama|Sci-Fi,321,Larangan
92ec4585-2f5a-4842-8a12-b617749ba972,Comedy|Drama|Romance,322,Libertad
5e65302a-bbea-471d-b677-2a4c087029e9,Drama|Mystery|Thriller,323,Madaoua
65de53a7-0373-4192-aa34-c7f026ecad17,Documentary,324,Tampa
cf3a5626-2aaa-4953-8423-1a2705a02e0b,Drama,325,Mercaderes
823b1092-317f-493a-8406-056c55976f1e,Comedy,326,Belize City
88cb8456-52e0-4a27-b228-5e6df4244554,Action|Thriller,327,Limbangan
fface8b4-c44c-4935-9099-1cd4a4bcf437,Western,328,Santa Rosa
583f0391-074b-4f22-a5b9-7a07e9000a7b,Documentary,329,Roanoke
1cea41c0-24d3-480e-8edf-2c64787c43ff,Animation|Children|Comedy|Musical|Romance,330,Đoan Hùng
1d2fb34a-da2f-4fe0-9524-77788d634680,Comedy|Crime,331,Pasatan
f3bea438-9025-42d3-b95f-23d96bcd25f2,Western,332,Bartniczka
1df4be06-2b99-4517-aa30-c92dc9657852,Drama|Thriller,333,Dallas
9123ec99-48f4-48c3-958c-f2d9dc6be29c,Drama|Romance,334,Mölndal
d6529a93-3c53-4dd4-b055-e41057fa078a,Action|Comedy,335,Al Hoceïma
09c8ce75-ae26-4d57-8fd4-337a9b3455ff,Adventure|Drama|Sci-Fi,336,Novopokrovka
63143c37-575d-4ae7-ba96-cfbebf6b66f5,Documentary,337,Amherst
6c23d264-16fa-4612-a1aa-7014175592ae,Comedy|Drama,338,Imaichi
54c16108-4001-4678-b04b-82667218dc6c,Drama,339,Pajagan
125074d7-62ba-44bb-b3b2-727dea2960f4,Crime|Drama|Mystery,340,Prado Siongco
07d78760-e296-4771-a54b-c17b3fadefa9,Animation|Children,341,Murów
f0c69321-aaf4-4091-9e66-f1e9555b3ee2,Children|Drama,342,Myadzyel
6444b8f0-c460-41d5-9d6e-ec7bc0c99caa,Action|Adventure|Comedy,343,Sopla
332399c3-376f-4749-ae02-0e4bb5711044,Comedy|Horror|Thriller,344,Verkhnya Syrovatka
a20335ac-be6f-45c0-86b3-f68825d196a6,Comedy|Drama|Romance,345,Jangas
b06fb3e1-838f-4681-b9dd-82dc2b847751,Adventure|Drama,346,Kuching
1957021f-c80c-4ad1-ae37-98285dc5159f,Drama,347,El Limon
b0e9fcb6-3208-4b3b-8fc7-a71f869d7097,Drama|Romance,348,Heilangkou
5e482862-8694-45bf-ae56-3ed2c3a3e554,Drama|Romance,349,Cinyasag
96a757e0-fcf2-40cc-9f1e-1bf197e0e4e1,Crime|Film-Noir|Mystery,350,Ngroto
23bc8ae1-2e6a-4ff0-a632-1b4a3c25d8df,Drama,351,Qiaoyi
e9f00f26-9fd9-4578-9e9a-c1abc5da6592,Drama,352,Kotlas
64eade7c-eea5-4130-a9a5-9872660bec1e,Adventure|Animation|Children,353,Billings
978b0c15-e750-4545-a0b9-15d3d56e5bd8,Drama|Fantasy,354,Trinaterra
e0c99257-eacd-4644-9a6f-7cfabdf6b8df,Action|Crime|Thriller,355,Yongle
fce10592-a6b4-4f20-80f0-65ceb372abb3,Action|Crime|Drama,356,Ikryanoye
3b51c86d-f9f7-4b79-85e7-062d0d72399b,Drama|Thriller,357,Kavār
bb4825da-2950-4ada-aeda-4444a4d54bee,Comedy|Romance,358,Mellieħa
9ec40430-e519-4f4f-96df-31fd2d2eba27,Comedy,359,Kyaka
1eac9659-c137-479a-8030-6f61aace9169,Drama,360,Vári
37be6969-1353-4df4-88fe-e85b367daadd,Horror|Sci-Fi|Thriller,361,Nabunturan
74d3760f-150f-4830-9200-275c5b0cbdbc,Action|Drama|Romance|War,362,Põltsamaa
06a89e9f-1539-4c11-ad98-ee26792a8e81,Action|Crime|Drama|Thriller,363,Longshan
28c84570-af2b-46c7-8fe2-463588226272,Action|Adventure|Fantasy|IMAX,364,Salamnunggal
5960932b-b19c-47af-bf80-43b2fab534d3,Action|Comedy,365,Begowāla
76eddef3-d243-4deb-870d-e21f62807e15,Horror,366,Saint-Quentin-Fallavier
1f178ea4-a058-43a6-8bea-76039bd04d73,Comedy|Horror,367,Ḏânan
67c00611-6c8a-49a5-b81b-366ea3e05550,Adventure|Comedy|Sci-Fi,368,Tirhanimîne
6d4ff2d2-f34f-40f2-aa5a-79d070d277cf,(no genres listed),369,Saltsjöbaden
b4275b32-e3f9-481b-9177-a0eb4d61427e,Comedy,370,Masis
71310a9e-43d8-460c-8bbf-7ea556bb6506,Drama,371,Hucheng
7038b023-2759-4a2e-9e11-aa258faaf104,Drama|War,372,Rawasan
5bc3c9b6-d839-4a58-aa4c-b1b54baf9247,Action|Crime|Drama|Thriller,373,Trinidad
0076902f-7912-4886-a393-8b93e45aa3d2,Drama,374,Huxi
df8c7668-e865-420f-b61f-c6d715e9cadf,Thriller,375,Ciénaga
42eee1df-dbb6-4308-846c-95aaf411ad58,Action|Thriller,376,Kebonan
510317f9-14ca-4e3a-9372-bc2f5010acb0,Drama|Mystery,377,Oxelösund
c01a3fdb-83c0-4625-9856-2ccdb7a33ec1,Drama|Musical|Romance,378,Songnim
aef0f278-3a64-48d3-99fe-885177607245,Comedy,379,Tavricheskoye
882b0d16-d110-4894-b5fe-bbc493c06524,Adventure|Children|Comedy,380,Marjayoûn
84444899-1ca1-4e7d-a540-8587b2ed0782,Children|Comedy|Fantasy,381,Ash Shaddādah
4bb91405-1ead-4361-b0f0-2a661406e845,Comedy|Drama|Romance,382,La Esperanza
65c36348-4615-46db-a195-f2f3d777c903,Drama|Horror|Thriller,383,Dankama
0c16885e-1bf6-4cc0-a06a-e18bfad7e08a,Adventure|Animation|Children|Comedy,384,Xiexiong
5021df33-383b-4685-9080-b0c1fb1e1c34,Drama,385,Pital
3bb5a741-ebaa-49a5-982b-70a80e9c0d0d,Documentary|IMAX,386,Viangxai
0f08366e-22e7-4fab-b64d-09f8774b4e3b,Comedy|Drama,387,Maae
57a5e67a-a84d-4696-b7fe-03c95d2ac579,Mystery|Sci-Fi|Thriller,388,Salamina
1ad11d34-3329-4d80-9beb-a559952e4d0e,Drama|Horror,389,Saint-Étienne
22481e0b-6809-4c09-8311-c520f598e5f7,Adventure|Drama|Romance,390,Varazqān
f746e194-800c-43fc-a900-b904442d0f43,Crime|Drama,391,Cisiec
f8d948ec-a3f6-438b-ad15-bca7b0832acd,Drama,392,Oslo
1a9e45ff-0d80-4b79-b478-853510b31549,Drama|War,393,Tlatah
cd97b428-bb0b-491d-a602-eca7110e456b,Drama|Thriller,394,Raszowa
9723a6b5-4105-44fe-80d6-0e589bd2eb94,Comedy,395,Dulce Nombre
fe253911-ae21-4ed9-af1d-c72766961fd4,Drama,396,Guleluke
9dd8ddf3-6c41-4b66-8b02-1a830aae071c,Comedy|Drama,397,Potet
aab62b4a-a1c2-4201-88ff-e7246e141654,Drama|Romance,398,Yanwo
f00ec79a-5fab-4a00-9f59-253ebaf8e5c9,Film-Noir|Thriller,399,Rio
95a9580a-7509-4d55-b4d9-53e59bdad58e,Comedy,400,Uppsala
42afcd62-f00a-4e73-b77a-a5c05b5173d0,Comedy|Romance,401,Paphos
e57fdf7e-13c0-4bd3-a35a-5b2e41661b10,Comedy|Drama,402,Mouzourás
fc830332-d779-4a90-adbf-2721df4d2cf1,Horror|Sci-Fi,403,Ereira
0c845aaa-7205-4c96-a6d3-91b5604117c0,Horror,404,Coronel Suárez
cd94fa47-af4b-4f4c-b37a-e59035cae504,Documentary,405,Lapa do Lobo
2050c73b-a62c-4d95-a002-b83325b5145e,Action|Adventure|Documentary,406,Khvānsār
8f6b625a-8fe4-4f2f-a002-7e4d22de9b85,Adventure|Drama,407,Karlskoga
692749ed-5fdd-4b5d-b986-6520c1f339c9,Adventure|Children|Fantasy|Sci-Fi,408,Bagansiapiapi
04fe2765-4ea4-42cf-85bb-84e95d37f3ca,Crime|Drama,409,La Poma
9f3770f9-aa34-40c6-9563-915311dbab73,Comedy,410,Daveluyville
094a9138-451e-407e-95f1-7f602fc59078,Comedy|Drama,411,Morden
82d8cf1c-c884-4610-bd8c-e1253398e704,Documentary,412,Krzeczów
80d73fad-1643-4635-a4fb-b3d029010ff0,Adventure|Fantasy,413,Tchintabaraden
01887c95-37c1-4f14-ba83-825196eb02aa,Action|Thriller,414,Sindangrasa
4ad752a8-8eaa-4bb1-a23c-39e0067d9100,Comedy|Crime|Drama,415,Sadar Bazar
c49a0111-5571-4920-a552-3fd1a534c6fc,Horror|Mystery|Thriller,416,Wenceslao Escalante
2ade370f-704c-470d-bbd2-d63e35a8ce7e,Comedy|Drama,417,Pouébo
bd3eb1d3-7bd7-476d-b047-b7442f4bd8ad,Drama,418,Laiguangying
fa3c8a10-b5ec-47f7-b960-c8faabe4cce9,Drama|War,419,Tyukalinsk
c3128ec4-c239-46c3-83f1-6d60f93c1bdd,Comedy|Romance,420,Saint-Avold
c9d7c11d-b7a0-46f8-9096-cec7b832cb57,Sci-Fi|Thriller,421,København
22a0561f-6777-4b17-8ee8-c88b3cca6390,Documentary,422,Campo Quijano
6933588f-0ccc-43c9-aed7-a8b238d34c79,Drama,423,Port Nolloth
4954953c-8f35-492e-8b75-c68ff2ac8c8e,Horror|Mystery|Thriller,424,Tanshan
6a5c3140-ca69-4e81-b214-eacc408ebbda,Horror|Sci-Fi,425,"Coruña, A"
a97e6c04-7692-4b85-a1c0-a31a45d549b9,Comedy,426,Gaopai
ff5ac26e-e402-47de-8b2a-f1e816b125a3,Drama|Romance,427,Settat
5d5e9673-cbfd-4e75-a4c8-5191644d592f,Action|Crime|Drama,428,Tobol
c4b5ba53-29d0-45d2-a380-e2dc4f63d1e8,Drama,429,Hualfín
d04cb0b5-97b8-4beb-a75e-f2fa570cb776,Drama,430,Ełk
d56aa124-745a-4384-9bad-56bb0be7c935,Comedy,431,Chama
b1b9174c-06ed-46ee-a230-f595979c2aa7,Animation|Comedy|Drama|Romance,432,Hekou
f463606d-25ae-4f63-9846-ed15589e156c,Comedy|Drama,433,El Bauga
62af526a-60cc-4d1a-ac4a-8ce850d0a716,Comedy,434,Newala Kisimani
235af8bd-9e14-478b-924e-798639eba9e0,Children|Comedy|Fantasy|Musical,435,Jonquière
0438db1a-845b-4bf3-a7b4-10abdb274e88,Action,436,Zhuangbu
74630c0e-a2ee-4146-804b-4f346a350e16,Comedy,437,Kuala Lumpur
59a550bc-2bf7-45dd-a094-490bd8ae97df,Comedy|Musical,438,San Isidro
999b608b-4528-4816-8380-31e1f26cd0d3,Horror,439,Kurungannyawa
f5270989-ac51-41f4-a6ec-365d579b4735,Adventure|Drama,440,Entebbe
2b3c6537-c42c-41b5-bbc0-0b1e610bf04e,Action|Adventure|Comedy|Sci-Fi|IMAX,441,Troyits’ke
d015af31-ba59-404d-8b2e-ad2f84ce98bb,Comedy|Drama,442,Pivovarikha
b6a53bf1-b3e5-4719-9b3a-38cfb88a27e5,Documentary,443,Pelym
16c69b73-ffc6-4fca-8324-9f9947e1047f,Drama|Romance,444,Velké Meziříčí
7fac07a7-9514-4752-8d54-d116f077fc41,Thriller|Western,445,Nurota Shahri
d8429c53-abc2-49cc-b347-7fae7c1f0a32,Comedy|Drama,446,Bukal
0321ff03-e0ff-457f-9ab9-aa353cfae20f,Documentary|Drama|Musical,447,Rengo
6e2c2f39-ee47-423d-9ac9-316c5c87d084,Horror|Thriller,448,Costa Sacate
5ad441c1-a65e-425d-9705-840bdc38cab5,Crime|Drama,449,Locminé
781b7ba4-2abf-402b-b5fb-ce895874486c,Comedy,450,Huazhai
1d11da76-68da-409c-bfca-bbe34dcd2d2d,Thriller,451,Orlu
e708e9c5-e10e-4f02-8770-d79b4d03fcea,Comedy,452,Egindiköl
92a9d9bb-22b6-486a-8d32-544d3267c448,Action|Drama|Horror|Sci-Fi|Thriller,453,Borovikha
55d61568-ad6e-4ba8-96c6-c061bb627896,Action|Comedy|Crime|Drama|Thriller,454,Penhascoso
fcb70de8-ce40-4d5b-a391-b80fe9e39186,Drama,455,Carvalhais
ed6b4f0e-7dee-4535-bae9-3e0c404ee51b,Drama,456,Vodnyy
74276fab-8ab2-44dc-8813-c3e8cb2e0bd9,Horror,457,Seririt
54440b03-0e47-49c2-b7a6-8befa86a1a60,Comedy,458,Oymak
dbaaeca2-498f-442c-8e2f-532aee5d5648,Comedy|Drama|Romance,459,Skalbmierz
1af51c83-d281-41ba-8e7c-a4b21d21a06b,Sci-Fi,460,Orléans
3bb73beb-7874-402e-bbac-b61f368c7e44,Comedy|Documentary,461,Heyan
2096f2c2-8f2a-40a5-a905-eba39f9eabd6,Drama|Western,462,Wan’an
a3e95273-ae46-4355-a5dd-2d568a0087b2,(no genres listed),463,Älvängen
e8c0352e-99ea-4655-b2b8-01ef42092f85,Action|Adventure|Animation|Children,464,Samamiya
cb06667f-ab62-4082-bd1f-654839f7eb98,Action,465,Pacar
398000c8-9fc0-4ef0-a2ab-d289b2b11f0d,Action|Adventure|Drama,466,Rubik
dc1528ae-1435-468b-9992-87ca8c170551,Adventure,467,München
fdb77445-ae18-4de8-8ad5-46a8eb1b3bf0,Documentary,468,Vanves
881b1ce0-9f03-483d-9e85-75d5a11ec8ad,Drama,469,Nchelenge
68686b2d-5bad-4639-86ad-80f9ac37262f,Drama,470,Muara
a94f2e8a-6922-4178-a6db-8d508c9e75c7,Drama,471,Novoaltaysk
87ab64a9-6aaf-41fe-90a3-5e452a2b280a,Drama,472,Ōmihachiman
b6427c93-ebcc-4ba0-b1f6-7bc2d85a5a59,Drama,473,Rochester
1586ba25-f984-4925-ae5d-a9f579f83641,Action|Adventure|Drama|Fantasy,474,Xi’an
4cdac1be-f8f1-4e7d-b31c-ad754c5c6e7a,Drama,475,Bantogon
2ec23f61-a519-4cb0-b6e4-b1213b4cd356,Horror|Thriller,476,Norrköping
14685fa4-783f-4126-a562-6485fceba97d,Action|Adventure|Sci-Fi|IMAX,477,Gilin
2d6a214b-042a-41f3-8c34-9ccb4331cec9,Crime|Documentary|Drama,478,Tagana-an
5848340d-b5ba-4ebd-9e2c-4a600c20c6d2,Animation,479,Catungawan Sur
cc16af7b-1c0f-442b-abb8-c3dd2e0a5208,Comedy,480,Billère
7511e837-42f6-43e4-94c6-532ca44ba301,Drama,481,Metapán
2ca484a6-4106-4ccb-8471-87225cc033f7,Drama,482,Hullo
8733b9da-bbfc-464e-a0bf-10f99c14d4c7,Drama,483,Inglewood
73a0d985-7fa1-4548-b26f-7c421003da45,Horror|Mystery,484,Lezhu
6a6c1a0f-fa1c-4386-9fa1-6b3a189107dd,Horror,485,Miguel Aleman
597a5b2c-4482-47fc-8e65-293b7bc956c4,Comedy|Romance,486,Pucheng
b06185d6-9b73-43a5-adfb-de3fbaac1e5c,Comedy|War,487,Jalālpur
f5f4d8fe-52b9-43b8-a45d-d2b4a9acd0ca,Drama,488,Indianapolis
7d00a6af-1799-4f6f-92ca-b24a8249e2cb,Action|Comedy|Crime|Romance,489,Tongouson
aed72df1-67b8-4552-8d45-809f768004ac,Action|Adventure|Animation|Fantasy|Horror,490,Giporlos
0ceab98f-e256-43a0-b60c-894720648bd5,Comedy|Drama,491,Pondohan
815a5d89-ac97-4456-8684-77a35d0f10be,Action|Comedy,492,Liboro
abe358bf-0230-439a-8648-0d2432cf2ad2,Action|Thriller,493,Satovcha
508a9973-e255-46f0-8255-a164bb7c3366,Adventure|Comedy|Documentary|Mystery,494,Libas
c7e88b55-2a6a-44d2-9864-ec29c4dd182e,Action|Adventure|Romance|Western,495,Xinqiaohe
df22cd8e-6a70-4d64-8924-5887da926b30,Comedy|Drama,496,Yenangyaung
1db4b0d0-d8ef-4499-9e00-c9a98c6a41e8,Children|Drama|Romance,497,Lille
b3721092-eb69-435e-83b4-82deba24883d,Comedy,498,Budapest
119064e2-f3f5-42fd-b12f-9f02fbf56031,Drama,499,Baiyang
ed297520-54ad-42fd-b9f2-ad1f80746716,Drama,500,Jaruco
f232c275-38c4-46bc-8395-c0b46a3a7c69,Drama,501,Penalva
bc28d6b0-f192-438f-8143-9001ceb59e6f,Comedy|Sci-Fi,502,Katy
522b89dd-c553-4f4a-86d7-2b4f6a110397,Documentary,503,Velké Karlovice
c7717c31-e792-4a12-a10f-99d244890c51,Drama,504,Shangtuhai
0a3cfee6-4f72-4d2e-9865-30e0e3c8b3f8,Comedy|Drama|Horror|Thriller,505,Berbera
c09c9f53-2cbd-4fcd-87ba-319ea2dd01fa,Comedy|Drama|Romance,506,Liren
768e992b-34ff-4506-a1db-eef9bf9c223d,Comedy,507,Fengcheng
7e279fd5-2783-4e19-97f7-8e4cc022a1d9,Drama,508,Saint-Jean-de-Védas
b82cebf2-edb3-46fa-bb8c-b89df1538b90,Drama|Western,509,Aoqiao
00881fe6-a0ef-48c7-95f3-a48f1b0baf62,Drama|Thriller|War,510,Somba
e490a534-2871-4b2f-9891-3ab32266bb60,Documentary,511,Krajan Siki
458f67f4-5073-41d6-876e-1aa82a4fe6b8,Action|Drama|Thriller,512,Parlilitan
a7b6cc3d-673b-47b7-853e-23a4f0b378b6,Drama|Thriller,513,Denver
2f6d12dd-b132-4a98-bb0b-58ea452d412e,Action|Thriller|Western,514,Nong Khai
4c1df3ab-2c62-481d-b02d-e6898977e571,Drama,515,Machetá
88819c27-76b7-4af6-a7e0-2f1096671d18,Drama,516,Rzeszów
5e995bb0-1c53-4e53-aaa8-bf8106da1b00,Action|Drama|Mystery|Thriller,517,Yasothon
61f1c780-8f6c-4d34-af31-015db8d7aa52,Action|Adventure|Drama,518,Dërmënas
f2b5c9f3-8d39-4e97-b4b3-1dacfe69a3b0,Drama,519,Saint-Brieuc
53304df7-862b-4e0a-a2e5-b714aed724b4,Documentary,520,Solec-Zdrój
f7e3996b-0d65-4ff0-811f-c3819443df8a,Fantasy|Horror,521,Bejucal
b3b9b689-9724-45e8-b5e7-d5ae18b461a3,Drama|Fantasy,522,Al Khirāb
30f03ac1-23d7-4836-a5e7-e04de00297fa,Action|Sci-Fi,523,Colorado Springs
79db755e-2af9-42f2-8ad8-74164e262c8d,Horror,524,Laoshawan
d4d20745-e8d6-4e2d-99c4-ddec6b055d2b,Documentary,525,Ragay
cf13c0ba-0f5c-4899-af24-a668fb8f1ae0,Drama|War,526,Suita
b7560501-e680-4614-b0ff-855e13792a4a,Action|Comedy|Musical|Sci-Fi,527,Shkotovo
2b343c86-81de-460e-a825-4351ef503fee,Action|Drama|Mystery|Thriller,528,Mīrpur Sakro
603d61c2-8d20-4e80-ac88-9017237ace33,Comedy|Drama,529,Normandin
ce73363f-4058-4808-a768-4de5f535cccc,Comedy|Drama|Musical|Romance,530,Kedungcangkring
f70ebfcd-1c12-4580-b4cf-e09a57b88d47,Horror,531,Makoko
55101e34-5308-4e8e-b223-2fae35cc18fe,Comedy|Drama,532,Alfenas
0b8662fd-c27b-4461-a268-05ac94af4730,Documentary,533,Flora
8e30b77f-15bc-443c-b6b0-84a21399d258,Drama,534,Costa Rica
6e684da1-fb52-456e-8ba5-6d909c7a102e,Comedy,535,Pamatang
bbc7c62f-edc0-40f1-9297-60e172fe15fe,Action|Horror|Musical,536,Komorní Lhotka
08857a04-7a33-4f02-ac61-02c8cbd94f96,Comedy|Romance,537,Xincheng Chengguanzhen
e53c8c64-dab0-48ae-aa5a-93090747247e,Drama,538,Khok Sung
c9b9f342-98ca-4275-a81c-a869b20b0197,Comedy|Musical,539,Würzburg
b6172481-a362-4da6-8133-9bdc3f29b896,Adventure|Sci-Fi,540,Tokār
abb9359e-30fa-4813-98e8-2d7c6b800f64,Action|Adventure|Animation|Children|Fantasy|Sci-Fi,541,Kaynardzha
9cb412a5-ee58-46c4-8810-d7d355f76834,Comedy|Drama|Romance,542,Senada
8ff48521-33b1-4a9b-9200-e5f303d40eab,Drama,543,Krajan Dua Padomasan
aeb43be2-85e3-4d77-a04a-d24b1ce3e551,Comedy,544,Jembangan
51940b3e-61c2-45a2-93e5-4a5764d598ef,Comedy|Drama|Musical,545,Yantai
bfb3f8d4-c8ad-43be-b563-82b01dd540c4,Horror|Sci-Fi,546,Dinahican
32101307-29b8-4b2c-b438-1e34774643e7,Documentary,547,Крива Паланка
df6a27a7-2f8f-4a7c-978a-40b673e192f3,Action|Crime|Drama,548,Liugong
aecfc7c7-3a99-41bf-9a4d-e1ba82bbfee4,Comedy,549,Montevista
172f200d-0905-4df9-a754-c1ce0355b631,Comedy|Romance,550,Mandal
d4c0e0db-cd3d-479a-a27b-7cf706ca52d8,Drama,551,Oceanside
103b1253-6df5-47c7-b713-67d84ac40c7b,Children|Comedy|Sci-Fi,552,Kunting
2ee3f4cd-cbd0-4a54-ad10-a5f840677358,Documentary|War,553,Phoenix
99d52654-104a-4c2e-b262-773c53c59d37,Animation,554,Yantai
681d524a-8096-4b8c-a92b-9497075cd6a5,Comedy|Drama|Romance,555,Qincheng
15b039f0-62c9-40bf-8474-f45965d23f46,Drama|Romance,556,Fuxing
cc041efc-b73f-4716-af90-896a054843b2,(no genres listed),557,Bowang
5e178037-778a-4bde-b330-a548148fbf8a,Comedy|Drama,558,Bendan
8af2d667-8846-4843-924a-dee0f0b466c3,Drama,559,Kukës
0a58df04-0dac-4205-872a-404ec3cd860b,Documentary,560,Laoxingchang
ff5e8adf-fc81-4ca4-9217-bc9f39b68ad1,Crime|Drama,561,Malino
ac2cb35c-1a8f-4574-af47-b28242203272,Horror,562,Dome
f3067f9a-531b-4bbe-bc7d-3f7fd475f964,Documentary,563,Issia
e90dec1e-6213-4172-984c-d59b0bc6878a,Drama|Romance,564,La Ferté-Bernard
bb4c83b1-ffa9-4fb0-b665-488bdd2e5627,Drama,565,Bečmen
9f85898d-39eb-424e-bc72-db5b7678f437,Comedy|Drama,566,Calaya
273e78e7-c226-4432-a998-762bb42488be,Comedy|Crime,567,Jilong
a2f7e22d-6628-47dc-ad89-d7e2ed1e3e4a,Drama,568,Tongole
36c39609-c389-41d1-baba-488abe45d713,Crime|Thriller,569,Kaiyuan
4c378be5-2ef7-4e3b-9797-0d4fde3181f3,Action|Comedy|Crime|Drama,570,Hualin
f9e31440-5265-4b99-9e23-e3b1efc855ac,Documentary,571,Biryukove
f8b5c35b-912f-438d-8dd8-2243b6be124f,Children|Documentary|Drama,572,Nikolayevka
d6ec7f8f-d310-484a-9d67-6fc64df20751,Adventure|Animation|Children|Comedy|Fantasy|Sci-Fi,573,Yaojiaji
bde8eb40-2dd9-45ae-9395-7b516edc28eb,Action|Drama|Thriller,574,Sobinka
ec11460c-b01e-4478-b07f-2887a1f9fd8e,Comedy,575,Librazhd
f88bae70-d569-4a98-9905-f280b80784fc,Drama,576,Luorong
1ccf90b2-8e03-4960-bd67-201f5a289b07,Comedy|Romance,577,Al Mazra‘ah ash Sharqīyah
b63fef26-8cd8-442c-8205-6b53850fae33,Documentary,578,Mayo
260519f8-0875-41ff-852b-3e2943c6537d,Comedy,579,Gaobu
0dcb8df4-557c-479f-b149-420bca2b3b17,Action|Drama,580,Granada
d0f63cb3-4111-4ae9-8dde-07cc6d917679,Horror,581,Všenory
774c6886-c52e-4322-9bc1-01c5e755fe2c,Crime|Drama,582,Le Mans
a979a2b7-82d7-45a5-8e91-3430f694ba3e,Drama,583,Harrisburg
67956b30-593b-4338-9a2e-e6def8a39942,Horror,584,Obršani
66c3b9a4-342e-46ea-9395-6706a50b1710,Drama,585,Patong
480a4ad0-99e9-4fb9-96ef-0c05e8709db7,Action|Sci-Fi,586,Tbilisskaya
626494c5-7d27-4077-b8c7-947943207ac9,Horror|Sci-Fi,587,Wanfang
e3e84d72-3536-4c31-ac33-a24a15d00c30,Drama,588,Carhuamayo
4b74b69b-423a-4714-ba58-ac13a188ee5f,Drama|Thriller,589,Houzhai
3e28d12e-0280-4d57-979f-d5c3ed064ffe,Drama|Musical|Romance,590,Slavgorod
ab15c280-cad3-4980-98e6-61c4d7d21b03,Drama|War,591,K’anak’erravan
b2979cca-eeca-4910-b30f-d82da868ad48,Thriller,592,Swiętajno
ed5424d9-1747-4d09-b13f-bdee160e54c0,Drama,593,Gorzów Śląski
c1525bda-c45b-4fa0-8b3f-bf636bc83245,Thriller,594,Besançon
f864dfbb-8da1-445b-8b86-6301854a1d8e,Documentary,595,Toshloq
518f14b8-7954-45ab-8263-487a2a2c1902,Comedy|Romance,596,Al Bahlūlīyah
57bbec94-82c8-4673-ab99-07b84bb718a6,Comedy|Drama,597,Zambrów
26dc1611-3eff-4a1a-a312-771698dca0b0,Romance|Western,598,Kinh Môn
a4b7c9b3-d2ce-4948-ab8d-6b72ab845ff8,Drama|Romance,599,Hirakata
3b57716e-efe6-4889-8156-48f6474c27b1,Drama,600,Talisayan
8810cb96-9efb-4b94-83bf-96879f8e89a3,Drama|Romance,601,María la Baja
3bc6a179-2109-4083-b94d-62c391a194f0,Documentary,602,Ouani
56492d25-e946-49af-830a-96f6aeec2d20,Drama,603,Marčelji
a8e6279a-73f7-4543-8507-8abdeec6bb6b,Drama|Romance,604,Klos
c62af723-569f-4388-96bb-72a5dbebfb45,Crime|Thriller,605,Masingbi
04cde19c-f6a0-4d4f-a294-27631693c8c7,Drama,606,Bromma
23a177ac-2b48-44d8-b06c-341b143ab4fa,Drama|Romance,607,Kičevo
e6f2fc58-a854-4560-9f50-6c19c082dae8,Sci-Fi,608,Jembayan Hitam
32430715-23ee-4950-a32f-3fbae934a6b6,Action|Horror|Sci-Fi|Thriller,609,Chandler
80ccf6b2-d3ae-4d6a-b631-0656e129a666,Action|Drama|War,610,Norrtälje
6998e59a-4d64-4fc7-9248-c1b368de8878,Drama|Thriller,611,Papágou
1603d3de-ef2b-4915-b1c9-04dde76d4534,Comedy|Mystery|Thriller,612,Suai
0ad83bd1-ea9d-47ba-911c-b57f6bb3bc07,Drama,613,Yono
f82a8c66-e8d0-4f21-a32d-86826831b8e1,Drama,614,Lesozavodsk
f39f0161-8b32-4d8e-b5bc-4c83a27a52a7,Drama|War,615,Pniv
f4c31b2d-d036-4122-aaf8-f9fdcb0d3789,Comedy,616,Nesterovskaya
94914b32-73b4-491f-8af0-bebb476f20e9,Drama,617,Masarayao
70103c75-23b9-48c7-b2e7-5ae1e4518848,Drama,618,Goussainville
d6d2f8bd-b74a-4be8-9216-2b7182f4522c,Drama,619,Axioúpoli
e0d13e25-c669-479a-b19a-c1ab40c7ba63,Adventure|Comedy|Drama,620,Tahala
99bb772e-e7df-4cf4-a24e-e2403322fdea,Children|Comedy,621,Vermil
7dcfec3d-26fd-4aa0-952c-0b0ce04de7b2,Crime|Drama,622,Lurut
0b4d1e2c-6fa6-4fe1-aaaa-e068d24c64a4,Documentary,623,Bochum
87998bf7-e84e-43c7-a9e8-a7ac2271685a,Drama,624,Bojano
ad451ece-cfa1-4d1a-8329-13d9e8de08aa,Fantasy|Horror,625,Soisy-sous-Montmorency
5403e842-aa29-4fb7-bdad-fd6b6af3fa16,Comedy,626,Starodub
53de453b-982b-421b-a452-032f9b5702ca,Crime|Drama|Thriller,627,Piedrancha
98842848-bbbc-4a75-b5a9-308ba441d2ec,Comedy|Drama,628,Beverwijk
ab4ba562-6513-45a1-bdb7-8ea2a20984e8,Western,629,La Seyne-sur-Mer
cf8e0468-abd0-4852-85e4-d0d1f2f24cae,Drama,630,Genang
9b5a63f6-4c21-4a2a-8c76-b301dded5fd3,Drama,631,Ciputih
b5c6f381-81e5-4ac3-9ede-c95e9624860c,Drama|Thriller,632,Caen
d5af581c-6337-4078-b32c-bdeeb6887ae1,Comedy|Romance,633,Shums’k
60228a8b-4af1-433c-bf08-40af3a500e7e,Documentary,634,Chavão
11254e0c-daf7-4fdf-a689-43409f0f595e,Horror,635,Matatiele
ed8889ab-ce25-41db-8244-be4680a3c7fd,Action|Crime|Drama,636,Kuznetsovs’k
23100664-3cec-4eae-b03e-36fc570c8625,Drama|Mystery|Thriller,637,Matou
c9bfe53e-4e34-413c-901f-1298fb037e75,Comedy|Crime,638,Shushicë
3b91236c-3493-45f4-9a1b-fde9575212b0,Drama,639,Lagoa
da237fa2-47c8-4739-94df-eada63784617,Action|Crime|Mystery|Thriller,640,Manzherok
e0cbdae7-66ae-4a85-b926-267a388cd9e1,Comedy,641,Saint-Quentin-en-Yvelines
dbea0f2c-e7a7-4e1e-a8eb-2c61e3c8af32,Comedy|Drama|Mystery|Romance,642,Kitamilo
49a6ed8c-0587-42e6-ba3f-4cb9aba85430,Horror|Thriller,643,Mabai
6a2b053b-74c3-4020-973c-e0e40fbe1e81,Action|Adventure|Comedy,644,Kujama
1be421e7-a07c-4a81-87c4-6e186ae7bd2b,Action|Fantasy|Sci-Fi,645,Montpellier
a61e9872-8640-4bc7-bb86-e5e9a8e6f4c6,Drama|Mystery,646,Shuanghe
fface401-3cf2-4678-a1e6-03da9a84f43c,Children|Drama|Fantasy|Musical|Romance,647,Is
28f208dd-c247-4c4e-8305-e48dacfc6230,Animation|Children|Fantasy|Sci-Fi,648,Maragogipe
0f667ebb-63ff-4d5a-a002-b9f1530e02e2,Action,649,Cipesing
29595c0e-9a76-4e27-a691-faa520871201,Crime|Thriller,650,Sauga
cf78c693-6262-4aff-820a-aaa0ba2916b6,Horror,651,Porto União
f17fc82e-1213-49b9-b83d-870c17e17ec6,Adventure|Comedy|Sci-Fi,652,Aksu
de98b961-d959-40f2-b64b-8e81f829dda8,Drama,653,Chornorudka
3a50f1db-b453-4211-930b-e2b8992c8b8d,Crime|Drama|Thriller,654,Imperatriz
d53cdeb2-90d7-42f9-ad6f-044a52dfee9f,Adventure|Drama|Romance,655,Lamawalang
60208d41-cb02-45a4-b695-dfab3395a37b,Drama,656,Rogóźno
b2398d6a-3af6-4b2d-a383-fab14229c8fe,Drama,657,Henan’an
09c96e28-c46a-4801-bfcb-96cffdb92761,Drama|Thriller,658,Boco
5ea1898c-aa46-48d2-99aa-069374a86766,Drama,659,Andongrejo
a6d0771a-57cb-4792-bc57-0c2c14ffcc59,Adventure|Drama|Film-Noir|Thriller,660,São Leopoldo
c5f03d35-55ae-4661-9c88-c2849ae435e9,Documentary,661,Karlsruhe
45d9705d-23d7-4d68-ba44-a3b7b4807d0c,Crime|Film-Noir|Mystery|Thriller,662,Nyanza
b05511da-2455-48f3-9b56-c0bed2774eec,Documentary,663,New Orleans
52278c85-3313-4c43-b77c-5c8c7e8c14e4,Action|Drama|War,664,Piedra Blanca
50930a7a-e145-45ed-bd99-c836a5f46069,Action|Adventure|Comedy|Crime|Romance|Thriller,665,Escada
8eb056be-5f62-471b-b28e-968b15cee4f5,Documentary,666,Quận Sáu
476fa648-33ea-4262-85a3-33390eeea0ef,Comedy|Crime|Mystery,667,Jiangnan
0cf3904c-139b-4e1c-8af3-08a2104231b8,Drama|Fantasy|Thriller,668,San Pablo
7c1f63ea-f2b9-4f14-a443-b3a84a9f4347,Children|Sci-Fi,669,Belo sur Tsiribihina
40a3e89a-e1b7-4a13-8d0e-2dbec60f2bc4,Documentary,670,Bukid
c937c144-2e6d-4052-9432-8b0c742d13a6,Action|Adventure|Fantasy|Sci-Fi,671,Ifanes
ac48613f-6c75-4efe-a188-1a8c0576f673,Documentary,672,Villa Verde
870773cd-54b8-4e4a-84b3-7d50a92af90d,Adventure|Children|Drama,673,Kongsvinger
de3e99f2-a26e-4a3c-aa4d-0428e33cb329,Drama|Thriller,674,Quintãs
3cd99f58-49b3-4889-a711-8031834eead8,Documentary,675,Segezha
4dc2fa85-25f8-48d9-ba95-dbe9e3b0f78b,Drama,676,Timbó
93fe6c55-6dd1-4b1c-9e1f-36eb5d979c8f,Drama,677,Sūq ar Rabū‘
98d9997d-5f8f-4707-b525-d3617f786cf2,Drama,678,San Agustin
8e3e42fd-00b9-4418-b42a-0c8d5a060aa6,Adventure|Drama|Romance,679,Port-Cartier
d2fff02b-1b32-45d7-bad7-8e4c3696901d,Horror|Romance|Sci-Fi,680,Desē
38b47862-c932-4e3b-b646-6159f3633102,Drama,681,Dongshangguan
0c726476-38cc-4012-84e1-b60d3748443d,Comedy|Documentary,682,Lindavista
cfcb7d84-09b1-42ce-9638-c8d91c5c376f,Action|Fantasy|Sci-Fi,683,Mentougou
d0e8c396-b9be-42dc-a9b3-8ab317594a38,Drama|Romance|War,684,Norrköping
740acb37-e925-4f7a-a4b0-a4e1da6a72f9,Comedy|Romance,685,Mimbaan Timur
caae2409-ccf6-4fa1-b888-7562f760eca3,Comedy|Drama,686,Balaklava
d21d6884-7d65-433f-8da1-19cfa3cb7a5e,Comedy|Romance,687,Agalteca
dc5cc3ce-3df4-43c1-9dc2-47f6110b989b,Action|Animation|Sci-Fi,688,Bokino
f8c9a383-1d4f-4af2-ba35-96f00c77d114,Thriller,689,Dohār
5fe5b3ab-5cb1-4ec3-83e4-116380b3b619,Comedy|Romance,690,Pjanići
6e703eb2-aabf-4a9b-a571-abccd426883e,Documentary,691,Ramenki
dff53d36-0f6b-47e6-8fb3-139ba669f453,Comedy,692,Timbiras
82a4dee8-76fa-4ec5-918c-182492e10c89,Comedy|Crime|Thriller,693,Lexington
50cdb4b1-23ac-4dd9-a803-435b30416020,Comedy,694,Hwasun
9c59c853-1fba-4dcb-b75f-b795f9919a96,Adventure|Drama|Romance,695,Kemang
22dbec4a-31f5-415a-ad71-e13fd516b230,Drama,696,Mainit
8034bc6e-6493-4b98-89df-e9ee9b65cd3a,Drama|Romance,697,Gunan
9acb66c0-e00a-406e-9aae-00af56f6fe32,Documentary,698,Ulaan-Ereg
278e8358-8de7-45ab-b80b-1676df6a5bd5,Comedy,699,Tassin-la-Demi-Lune
b110ee43-aef0-497e-bf96-f4cd6a945de5,Crime|Horror|Mystery,700,Békéscsaba
4378550f-a182-46b2-934b-b7e669f7e4e2,Comedy|Crime|Horror,701,Kōriyama
7ce1a1f8-d4a3-4b69-8def-9c8b9929f240,Drama,702,Bressuire
bf23b0d3-969d-4b8a-b0d8-8170e4eab394,Action|Crime|Drama,703,Leuweheq
f88a374c-7db3-4d93-92d7-294cdda5a848,Comedy|Romance,704,Rizómilos
81498961-7b09-4c08-b5ba-870bd20d3015,Drama|Romance|Sci-Fi,705,Beisijiazi
20c84e12-cd26-4c34-bc8d-dc1adaf970e4,Action|Adventure|Romance,706,Orzech
344d7039-1e16-44e6-9c3e-328a0e0e7864,Adventure|Thriller,707,San Jerónimo
92960868-779a-4238-8a86-fe001158f317,Animation|Children|Comedy,708,San Lorenzo de Esmeraldas
c19b019c-5cce-4885-a45c-528a8d954be2,Comedy|Drama,709,Phuket
45515ee3-013d-4226-a1a3-68f5d585e4d8,Adventure|Comedy|Crime|Drama|Mystery|Thriller,710,Morales
45fd3e9e-af99-40f6-8b31-ee6c80f0c513,Mystery,711,Longxian Chengguanzhen
57250024-ad38-4f5e-973e-9dd8f79492dc,Drama,712,Xilanqi
3923a6b6-22e7-43b5-8f9d-d3462492fda9,Drama,713,Tapado
7d4bfa83-4425-42b0-a844-6da1209d1acf,Drama,714,Hongxing
d874b299-585e-4a1d-a0e7-12f590871281,Documentary,715,Pandakan
1a41e8eb-8d53-4808-8989-730bb2303322,Comedy|Drama,716,Lianghe
508b3319-69cd-49c6-af61-25f1f29c3186,Action|Drama|Thriller,717,Changsha
916678ea-057f-4c78-abd5-e0184d5e7caa,Action|Drama|War,718,Famatina
dad989ff-7de3-42f7-83e5-496efcd0e904,Action|Horror|Sci-Fi,719,Presidente Dutra
534095dd-aca0-464e-8e7f-8ab43952dcf9,Documentary,720,Huitong
706de26b-012e-4813-aef6-34d62e349aaf,Drama|Romance,721,Beira
4f140ffa-0984-42db-8f81-019b69f640ed,Drama,722,Vista Hermosa
64b31f0a-1110-4fd9-8a61-7b430ae8b07d,Drama,723,Cusapín
6fdeaea3-0283-46bd-a52c-d37f06c27572,Drama,724,Medeiros Neto
1d11f2a8-434f-47e5-8408-0eb43c72bb6d,Drama,725,Mranggen
049e9c13-30b0-4c3b-94e7-6decdf456fc8,Drama,726,Sangzhen
670895c2-ce44-432a-af3f-5e3a32a42393,Action|Drama|War,727,Shilipu
6e589a5a-853b-415e-80f9-090187a2c6ba,Adventure|Drama|Sci-Fi,728,Sŭngho 1-tong
2686abff-6d18-4775-a8e3-c10f4a2f0dcd,(no genres listed),729,Hekou
2c9eb419-01fe-48f6-834a-6f8d8a2eb903,Thriller,730,Yaypan
a251f3c3-d65c-4f9a-a7f8-05f1394de451,Adventure,731,Yongle
c19698da-78e7-4460-abd2-2b07a3058c9a,Comedy|Drama|War,732,Mosjøen
9a2bfb85-dd75-4165-aa83-e998019f3c07,Mystery,733,Porto Velho
7b6229c1-5c17-4d3b-b34a-682cfb9c44c7,Comedy|Drama,734,Dayr as Sūdān
7ca08526-e6e8-420b-b529-b91bc7c16247,Comedy,735,Baruunsuu
8fa7c990-1edd-416d-a13b-a6480e95ddbb,Drama|Thriller|War,736,Aduo
3e882216-1dd7-4194-ba37-25f82a594064,Drama,737,Puerto Galera
b5be6e75-7cb3-4781-ae26-22be96b7872f,Drama,738,Los Fresnos
03941683-1013-4198-a561-c9b6f8c83175,Comedy,739,Ladner
44555eb7-c64d-4eff-bdee-c1d4ef20e7c8,Comedy|Crime|Mystery,740,Buckland
73f479a9-0251-450a-9d45-80f6451b53e2,Horror|Mystery|Thriller,741,Cisiec
24a40a53-2ff8-4e5d-b80d-d01eb61bd2d7,Comedy|Drama|Romance,742,Hexi
bf881ee4-26c5-4e56-8627-9b792313470d,Comedy,743,Cariaco
515d1b0c-1a42-453b-abc1-12ca6736f28e,Horror|Sci-Fi|Thriller,744,Kristiansand S
046f7897-334d-4594-9eed-0c8c83c1f79c,Comedy|Drama|Romance,745,Casal das Figueiras
2decd198-fb05-4e71-9152-2786a512c05c,Action|Sci-Fi,746,Iroquois Falls
369babbe-f86c-4558-b105-40fe24211876,Sci-Fi,747,Meaux
6bc19a31-542d-41ed-8173-ed0ab88ae68b,Drama,748,Corzuela
75483911-3b34-4f4d-baeb-f770e4101957,Action|Adventure|Animation|Comedy|Fantasy,749,Pulong Gubat
6654b5da-8057-46d4-97a6-16958fd84eb4,Drama|Thriller,750,Malalag
1011088b-1b0b-4aeb-bc8a-20e2795573f3,Action|Crime|Thriller,751,Kuryłówka
31e4fe06-9eda-44d2-8902-9353c79962de,Crime|Documentary,752,Ranilug
2ffbd483-5855-40df-8498-87da60a574bd,Documentary|Musical,753,Patulul
be7d91a4-5583-4b85-ab51-554ffc182409,Western,754,Lukou
2e8aec12-45d7-4031-823a-a513e043e8c6,Drama|War,755,Cové
3049166e-07e9-4573-b8e4-7e6435ee1a6f,Comedy|Drama,756,Dayanggezhuang
d2bd97e8-879d-46f6-beca-5be2406d84ce,Comedy|Drama,757,Worcester
e95c9de7-029b-4be7-bb72-abdfcdedd3e8,Action|Adventure|Drama,758,Casilda
9ede5bba-e154-4cc5-9e5a-3941edd3ccea,Adventure|Drama|War,759,Xiangyangpu
58e28338-5c1d-46e7-877f-1eb47bb9c1b7,Film-Noir|Romance|Thriller,760,Željezno Polje
f909bcf8-11fa-4241-bff9-57a11d37defb,Drama|Thriller,761,Água de Pau
3004ce4f-350e-4972-b662-02aee97983eb,Comedy|Crime,762,Raposos
dc3e01f0-3957-4e16-baea-97ae4c934e75,Children|Drama|Romance,763,Ganyi
a611d919-ece9-4869-bb1a-40db6eb82d26,Comedy|Romance,764,Longbo
234566f6-1e91-4897-be91-ebbeb0b6fd19,Drama,765,Lidong
442cca4d-6828-4f6c-a0cb-9306a1263ac2,Drama,766,Zhangdian
436d4f28-89a8-4ea2-ac09-56e261446478,Drama,767,Ucuncha
721ea2fe-0c94-42e0-888a-e569d707a01d,Drama,768,Bueng Samakkhi
eb434b82-d2c0-406e-af88-6687e2ee6214,Comedy|Romance,769,Jargalant
68bc1548-ef6b-4c25-a88a-77fe009fdc4a,Drama,770,Spirovo
199145ec-8adc-4eb0-99f9-5bf209b34e14,Adventure|Animation|Children|Comedy|Crime,771,Jieshou
9d822c01-40fe-4a30-b97c-460a3c28cadd,Comedy,772,Protección
ece5e7e3-1d5d-4376-89bf-5f46cd53f747,Comedy|Drama|War,773,Delft
5498d985-56f4-40ab-89db-673240062c5f,Documentary,774,Sahnaiya
b5541cab-9e3f-4326-a232-3be9ce5874a0,Drama,775,Xianlong
30d98cff-1684-4bed-b53b-4ef83e7f30bd,Comedy|Musical|Romance,776,Vilela
30c2911a-cd7a-4e8c-9d82-a8a4f0f36cfc,Crime|Thriller,777,Shixiang
6300d83b-cec1-4f86-88ca-c16e74ae2723,Comedy,778,Santa Ana
ebb4ff35-27d0-4f9d-804a-9430413bb974,Animation|Children|Comedy,779,Pul-e Sangī
2390b534-8dea-473b-b7f8-23be15284fe5,Comedy|Crime|Mystery|Thriller,780,San Jose
3096ff8c-3347-424d-b7c9-694164c25475,Documentary,781,Bogotá
5e2fe69c-e09e-4345-8f9b-c5d22a54aaa7,Comedy|Romance,782,San Marcos
84f75e28-24d1-4dca-bce5-6e6a34bf5a8a,Animation|Musical,783,Jalupang Dua
63ae107a-1b58-4b06-a024-be38921f2876,Drama,784,Zubří
dca2cd1c-64ea-4f67-815e-53fd8ddd7485,Comedy|Musical,785,Rote
8956c7d3-af8d-4ca0-8065-8c54c173a897,Adventure|Drama|Romance,786,Bogorodsk
090b730d-00b1-4c04-8230-29c667982e64,Drama|IMAX,787,Saint-Égrève
f1c37835-91d4-4b10-a1e1-30c8ef010b6c,Drama|Romance,788,Kasli
024687da-3c66-430b-b295-a1fe76f9fd01,Comedy|Crime|Thriller,789,Ichinohe
83c68125-02fb-4a82-80c6-38540ac1e790,Western,790,Tiwi
23aeaaf8-21f9-4831-9aab-e0cc50a07748,Drama|Fantasy|Sci-Fi,791,Hotsk
1ff852ba-3088-438f-a505-aeba76011343,Comedy|Drama|Romance,792,Aconibe
1cb9ecb9-f001-4d37-8525-bcfaa1fe93b3,Action|Drama|Thriller|War,793,Torino
7335ed92-9b7b-414f-bc24-b1372ab022fe,Drama|Musical,794,Nyköping
cba2231e-2f56-44fe-96cf-64007048f297,Drama,795,Dafundo
0f6e8373-f097-4175-876d-5a6077fadf62,Comedy|Thriller,796,Abóboda
09e16f50-9c2d-4d1a-a2c0-35ba3ba35e63,Drama|Romance,797,Itaporanga
ea6873e4-40a0-4845-b021-b39605db9b7c,Drama,798,Luthu
de582ae5-44a2-4207-922c-32c92269a805,Action|Crime|Drama|Western,799,Montauban
f7eff182-3442-4a4e-86cb-2b7143349b4e,Comedy,800,Maoshan
08644eeb-21c8-4561-8acc-501435057e7d,Horror,801,Santa Cruz
e850b26e-564c-4dfe-b345-bad513dfe39f,Action|Adventure|Drama,802,Denton
315d0a39-1193-4109-b9b9-ce4f38cabfe8,Comedy|Fantasy,803,Longcheng
5eba638a-c425-4845-82aa-ba858f56d6b5,Comedy|Drama|Romance,804,Sabnie
d895ad31-17b4-47a7-a783-6d7b94eada70,Drama|Romance,805,Xizhong
b4c72048-530c-41f7-a51e-edcce13108c5,Comedy,806,Sergeyevka
0a847d8b-a4eb-4661-a7fd-6c4a1f4fef89,Documentary,807,Lüfeng
9dcca8d9-0802-4df2-aa7b-dcfe902e01fd,Crime|Documentary,808,Moro
3592dd59-2641-4f55-80a4-91044e0d7126,Drama|Romance,809,Picoto
ec9e2874-f76b-44e2-b371-0ea2955f5f91,Mystery|Sci-Fi|Thriller,810,Jiangzhou
f3dfc5fa-e545-4809-aa48-2826ee531476,Drama|Romance,811,Cofimvaba
4ce32e29-559f-4945-8043-1c011ea52f4f,Comedy|Drama|Romance,812,Khantaghy
233b8189-9dc0-41f5-ba82-230eb3656b9e,Action|Crime|Drama,813,Tidaholm
3e0c35b0-9161-4e09-90f0-35953391a96a,Drama,814,Kiihtelysvaara
928c6a6a-e609-40a2-8e07-eab4139b6fce,Comedy,815,Ishëm
11c7e7f8-5ca4-43ae-8aae-004825233de0,Documentary,816,Fenshui
5ff596f4-67c6-4b75-b1f5-40aa4ce1f0cc,Crime|Thriller,817,Philadelphia
c865f9f4-cc9e-4769-ab34-c33477fbfb44,Action,818,Langgen
2670eca1-6263-4964-8830-70772395429f,Drama,819,Al Khafjī
a78f8c60-1365-4b59-9c5c-e95a823af0f2,Drama|Romance,820,Ban Selaphum
015ecf8c-c02e-4770-bdad-0e51ce3d099a,Adventure|Comedy|Drama,821,Momignies
1b248996-2917-486d-8ae2-060daf92e44c,Action|Adventure|Drama|War,822,Jiujiang
123cac10-193a-45f1-a9bc-0bb69695ad91,Comedy|Crime,823,Oporapa
9176c71d-5e5f-4fcf-8f45-c635253efc05,Action|Drama,824,Tygda
6758be61-84bc-4826-b21f-ba9b43b7e098,Drama,825,Fiais da Beira
aefd914a-9cfd-443b-bb98-ce1abd3f1625,Comedy|Drama,826,Libertad
4c854a14-7be3-46dd-aa98-8e1e184f2f93,Drama,827,Karangnunggal
11d6619a-8c8f-4516-9e88-c95ae1a86fbf,Drama|Horror|Mystery|Thriller,828,Spas-Zaulok
462e6ea2-9a35-4b61-910d-440f5fcfecbd,Comedy,829,Natu
6bcae77a-2bc3-49cb-8005-674b32deb845,Drama,830,Agios Dimitrios
43122ef2-5a19-4e05-9307-212cdb4f707b,Drama|Romance,831,Donggang
dc0d8b5d-bd6c-4d49-b8f6-4a8e47f1bab4,Animation|Comedy,832,Shahe
59477c8a-e829-46e1-bc33-2bc5c8d6df6d,Drama|Horror|Sci-Fi,833,San Alejandro
e3c48526-61ab-40bb-8741-187cd0ffd724,Comedy,834,Banturkrajan
d62ec5b6-6d3b-43d1-bfaf-b7182631a036,Drama|Romance,835,Vyatskiye Polyany
0360200d-ddd4-4170-8d15-978548251548,Drama,836,Baş Göynük
0cb0152a-caf6-44fb-a208-f153cc003462,Drama|Fantasy|Sci-Fi,837,Dubravica
db5d439f-d308-4b71-b0e5-b58a364798ea,Horror|Sci-Fi,838,Ungus-Ungus
646f1432-f1e7-41da-ad48-0bb4f8fa7f02,Horror|Thriller,839,Jieyang
6a298a07-f6d4-4dc4-9b87-d28890d74311,Comedy|Drama|Romance,840,Bílovec
a34c5a9f-4e73-4b6e-9ccf-a9d2072f7878,Thriller,841,Chuantang
a34aeb5e-31a9-46c7-9a90-a4815c1ea268,Action|War,842,Xichang
4657b196-6de5-411c-a329-f75fefaa3d76,Adventure,843,Pilar
fb2b8526-0bb8-4835-a51a-62f2903c535b,Musical,844,Akademija (Kaunas)
ecd42fcd-9b92-4906-bf17-cc557220b15d,Comedy,845,Kawangohari
91ad3d39-81e2-44fc-9590-b16a65b14b34,Crime|Drama,846,Yangzhen
dbe7c1a9-d80c-4191-8940-d14b4e47ead1,Comedy|Musical|Romance,847,Czarnożyły
1204e263-bfd6-444e-9553-79d9c6133335,Drama,848,Magapit
a67f3f82-1252-43f2-98ef-bc107dd61085,Comedy|Drama,849,Sơn Tây
cf42bc87-e20d-4718-bd33-8c13deb01616,Action|Crime|Sci-Fi|Thriller,850,Pontes
b802b9c7-9da4-448d-bd90-4dfee10697ed,Action|Animation|Fantasy,851,Kanḏay
154ed2f2-acba-4f9f-856d-e61c5f31fa94,Action|Adventure|Children|Comedy,852,Regla
6158d5c9-439a-4d15-8d77-4db2ab5468b2,Action|Comedy|Crime|Drama,853,Salerno
0810b09a-9476-4e94-864a-50c0400f20e2,Action|Romance|Western,854,Cirangrang
2ede6dfa-3052-4b77-873a-d173ffe9f4bb,Comedy|Drama|Musical|Romance,855,San Casimiro
d9d9aba2-61fb-4b00-a305-a631a2fd4db1,Musical,856,Všenory
48ec052d-81f4-431e-a17c-c3cf75cbf00b,Documentary,857,Sopron
0c12cb44-05d5-4a44-a70d-cf5af2bfab41,Documentary,858,Winterthur
3cb9f1f8-ac91-4450-a8df-43af91547a11,Drama,859,Munde
e93cdb3e-be89-4c7e-af20-ca368d4c44b6,Children|Comedy|Crime,860,Cullalabo del Sur
3ae254b3-9b32-4cd3-bbb6-a8ab5cb68533,Comedy|Mystery|Thriller,861,Bislig
09782148-eae0-41db-be26-65afa475b3db,Comedy|Drama|Romance,862,Jatinagara
1e49c26f-a0cd-41ad-a26a-da4d7ad0bf5e,Thriller,863,Huangcaotuo
a051c346-c054-41d0-b526-50a1eff3347c,Action|Comedy,864,New Washington
aac7c073-f9b4-4318-89f1-015ddf821907,Comedy|Drama,865,Xiangrong
9fdffce2-93e9-4a7e-a8c5-1903f29d86fb,Drama,866,Araal
2d2c7ce5-e548-48ab-b09e-ff4664ed839c,Drama,867,Quinarayan
72abc071-c829-42bf-9544-ed266d6896f5,Drama,868,Gjinkar
a8993097-b023-4397-9fa4-ccac2fa70f14,Documentary,869,Gubu
67f77356-995a-47b7-a30d-9abe89b959af,Drama,870,Dedenëvo
4fc74a5f-48f9-4db1-9e11-db5ceee88800,Comedy|Fantasy,871,Jingyao
63c90ad0-8e7c-4cca-ba29-f62a6180c23e,Documentary,872,Xihongmen
8a4d8707-cc3a-4f05-a1d6-321945e45ab9,Comedy|Drama,873,Kimje
e7496317-64f4-4ae5-8150-e8a9512bfc29,Drama,874,Чучер - Сандево
d29c3ef2-9ce1-4c3a-8139-7fffe1063f52,Comedy,875,Oke Iho
3581c01b-7afd-46ca-8355-294076dc340c,Action|Comedy|Drama|Western,876,Jiebu
3db92cba-51bc-4ba9-9f70-0463f778537c,Action,877,Al Matlīn
49585f86-7c97-43bd-8e46-e5f7802347a0,Comedy|Western,878,Slunj
1957fed9-bfc6-4593-96ec-79d48ab6c59d,Drama|Musical|Romance,879,Yilongyong
e2e87c02-8e10-4d49-a5a8-f772c1b458b0,Comedy|Drama|Romance,880,Sozopol
dd621430-4adf-42fc-97c1-9ee2ad54541f,Horror|Thriller,881,Sabana Grande de Boyá
c1eff57c-a584-4bad-a206-95b527bf5b5d,Documentary,882,Serrinha
72f84291-f972-4ddc-a84b-451157043bec,Documentary,883,Bandeirantes
b0998b34-d70c-43dc-a94d-5cb0b6002c28,Drama|Musical|Romance,884,Marquard
6670e459-b415-4718-bd69-f91d453c1eb5,Drama|Horror|Thriller,885,Longxi
e67bc49f-81e0-498c-817c-f4556940dd31,Adventure|Fantasy|IMAX,886,Jevremovac
a1ca68b4-67e2-4cfc-b30b-1e98e48681b0,Documentary,887,Yaopi
d225a8ad-2203-4d62-a036-e63689049388,Drama,888,Bell Ville
91c1158c-88b7-4c59-9c16-0d9bd92ef8ee,Comedy|Romance,889,Koungheul
968664ce-8c08-4d30-b247-2d3bfe91a5eb,Comedy|Drama,890,Tibiri
4875603f-4468-4b8d-ade2-983456018063,Drama,891,Haicheng
c5756ced-14e7-4829-8210-6f5986294d82,Crime|Drama|Film-Noir,892,Tanda
b5f0307f-ff60-41f5-a280-8301e8fd320e,Drama,893,Fonte Boa da Brincosa
e0c48696-7c23-4a22-81bb-27a10bca142c,Drama|Romance,894,Doloplazy
fa69216b-e91d-435f-a86c-d3a2165186a1,Drama|War,895,Muyuka
c4bb7af7-d83c-4416-bdb5-178b30996d9c,Comedy|Crime,896,Novosmolinskiy
b599d768-e5ca-46ad-b11f-49fd3b52d5a2,Comedy,897,Monção
451f36bf-498f-41fa-86ee-af1925b2f700,Comedy,898,København
7a75f4d6-dcac-4df6-a390-daf5ff526b4c,Comedy|Romance,899,Lonpao Dajah
5770f0e3-e8c1-4eff-9d18-bcf35f705534,Comedy|Drama|War,900,Jatisari
7ad020d3-5767-4375-8278-a56dd4645ddf,Comedy|Horror,901,Mushie
87dcf3ad-7014-418a-b091-3a2edb46912c,Drama,902,Usatove
a85c0453-ee91-4658-a6ef-5aa595d4e473,Documentary,903,Bachok
63ee9ac4-7ddd-4d71-b92b-d707fa414222,Drama|Horror|Mystery|Thriller,904,Eqlīd
595831af-fb7a-4d46-b610-ffb733cc18e7,Drama|Horror|Thriller,905,Khadīr
2bfef72c-1cc9-4353-be3b-634aac96ee2c,Drama,906,Krajan Dua Putukrejo
c8ce6a6e-0a69-45cd-9597-21459377e306,Fantasy|Sci-Fi,907,Haishan
015109c7-895e-430b-874f-2c458f6588e8,Drama|Mystery,908,Krutaya Gorka
80db962d-3973-49b0-9c63-0d36fb8bbe58,Documentary,909,‘Ūrīf
93412f1e-e235-431a-8b6b-7d34e34424db,Documentary,910,Bibinje
aedc701a-a8fa-4def-bd85-248ed92e5a04,Drama|Musical|Romance,911,Olival
3f0a9e32-3ec9-41ff-9221-2acf223138b2,Drama|Romance,912,San Bernardino
1f08c303-9a80-4b41-b6f8-ebc1217a93e3,Comedy|Romance,913,Budenovetc
f12de468-3831-4bfd-a455-0db48624bd7f,Documentary|War,914,Quşrah
4e004a94-bbd2-459b-b4b2-c1fa1333ab5d,Drama|Sci-Fi|Thriller|IMAX,915,5 de Mayo
7be872c0-08b7-4cea-baea-a07ed2d50bc7,Horror,916,Wangcheng
abd28afe-4ae0-4751-a3c8-045c8d9150dc,Comedy|Drama,917,Changshu City
1a273eeb-6d41-4786-a096-26e383fb633d,Drama,918,Ambatondrazaka
fc6ede8c-3f1a-4205-a4e3-23ed9cc3c193,Drama,919,Karaundi
f558fe7e-64f5-4efa-996e-7a1d5a5b8af9,Documentary,920,Fryčovice
d801510b-1211-40c6-b87b-558bf4fb7a63,Drama|Romance,921,Trondheim
35ced25b-e358-4563-b803-7d230eabead5,Comedy|Drama,922,Rolândia
ba97f133-ac14-4e84-bb4f-6b279e736eb0,Drama|Romance,923,Tendō
bf4f04cf-2516-43d6-8edd-504e3ff5750f,Drama|Romance,924,Radenković
1556f327-9178-4397-8c95-ca9ff0e65ba0,Documentary,925,Spanish Town
2c40524b-fdcc-4200-9433-9cf35424c8b9,Documentary,926,Iqaluit
4c51d1a0-5034-4631-8aaa-3a501c6177c9,Crime|Drama|Film-Noir,927,Piteå
8f8392da-a04b-429a-a1c4-33d1bff96329,Drama,928,Dadong
bec9efdf-39ff-4ebd-a349-9550a9a13370,Comedy,929,Cibaregbeg Dua
7d8fc240-3e6c-438b-bbcb-27b8f32a2527,Crime,930,Alcaldedíaz
2b34ca60-6db5-424f-9387-b50b0ce49222,Comedy,931,Xinglongchang
05c074ca-7341-4cb3-8ad9-162e001861ca,Children|Drama|Fantasy,932,Hongmiao
b30d3ffc-9df8-433c-b5a0-0cfb9d5bcabc,Drama,933,Esperanza
849ceef3-619a-46f9-929d-74b0dd82bac8,Comedy|Fantasy|Mystery,934,Pagaruša
f3e2314e-d2ec-4774-81af-9174b2e42213,Drama|Mystery|Thriller,935,Pittsburgh
cfa7039c-2a01-4da1-8fd0-a31375fb6c55,Children|Comedy|Fantasy,936,Prévost
a3b0f6ac-0e92-4954-b10d-c51ed1a1910b,Animation|Sci-Fi,937,Mucurapo
9d40104b-52bc-482a-8e14-9a0a00e394fd,Horror|War,938,Lisakovsk
95b5d939-b7da-42fa-a763-1b234d2a0b93,Comedy|Drama,939,Chenggang
1181b647-24ad-4fe7-b58e-64e8f0b7e85d,Horror|Thriller,940,Sultan Kudarat
66d31413-56dc-4fab-8216-30682af66eba,Crime|Drama|Thriller,941,Taoling
969b7edd-983d-4ed0-be8c-d780618bbd50,Drama,942,Toulouse
901749b0-ede5-4900-9120-4005f49510a0,Comedy|Crime|Drama|Mystery,943,Nikísiani
e5127e27-bf42-47dd-8abb-da9c715a57db,Drama|Romance,944,Ketanggi
613b91f4-fa09-4342-b553-a83ff7df891c,Animation,945,Chitral
0d5662d5-3d3a-4c3c-adb3-394ad05ee807,Action|Crime|Drama,946,Gospić
ad82ea55-dafc-47b2-873e-9e97c7e8422b,Comedy,947,Luna
06da370b-5d69-4001-bbca-4dd31d2e91fd,Comedy,948,Jenesano
81280f09-8adf-4fe4-a4b7-8be5bf286f73,Drama|Romance,949,Ōkawara
798b1867-26cd-4182-a619-2b624425b8dd,Drama|Romance,950,Constantia
e8dbe981-5675-42a4-9a9e-76ab69163c66,Comedy|Drama|Romance,951,Independencia
05d5c4bc-0bbd-4b7f-bbdc-28302f7dca58,Documentary,952,Gīvī
e54ba4fd-2624-4b57-b033-8d0879a7b3ca,Horror|Thriller,953,Beisijiazi
4f520c88-4246-4165-ae5e-dd25037c5459,Comedy|Drama|Romance,954,Phú Vang
f2b49b0b-2fc6-4168-a6db-09d8d602837c,Comedy|Drama|Romance,955,Fatou
44660297-13a2-4997-be2f-51c26b902c69,Drama|Thriller,956,Santa Fe de la Vera Cruz
38fe1349-52e2-418a-828a-5c8132de8347,Drama,957,Matatiele
fa3a9c5b-e43d-45c0-9fd3-4d7dc98735d3,Comedy|Drama|Sci-Fi,958,El Carmen
20ae78d3-863e-4df7-9d47-faf44488a3f5,Crime|Drama|Thriller,959,Las Flores
f28058e8-8bfb-4282-ad45-bbf07dcf968c,Adventure|Comedy|Thriller,960,Pucara
b362c007-585f-4588-8ef1-75adf6a59a87,Comedy|Horror,961,Gaïtánion
2114d1bc-478f-427a-b04f-a43dcbf641b2,Comedy|Documentary|Drama,962,Mourelos
fcbbb8f2-0b19-4f53-a03b-4b492aff67aa,Comedy,963,Dijon
10fae5d2-4f35-4467-b08c-e4061a838896,Comedy,964,Gujba
138e55d7-0668-4ff1-9acc-e5953ab67101,Drama|Romance,965,Nanhu
ca4a0ef9-0ada-4ad3-9fd4-945a77c9f2e6,Comedy|Horror,966,Mets Parni
6153c2ef-811f-494c-84af-c5e929f8443a,Horror,967,Woerden
70ec0f0c-e006-43ef-a9e9-59861c5775f0,Drama,968,Labuan
c1eaf457-c459-4da0-a96a-a60d85a6ecfc,Drama|Romance,969,Bangluo
16c22c0c-dcd9-43f8-b328-e5749e8db4d2,Drama,970,Yingchuan
31eb4b3b-07b0-44cf-9a19-a0ec47830861,Comedy|Drama,971,Anta
72f8b7d9-09cc-442a-b13c-41bcb7647f09,Action,972,Sankanan
0168ed8a-30fe-4735-b69d-7131df171362,Drama,973,Dolní Bojanovice
64ec003b-8359-442b-816d-5f5768307a2d,Comedy,974,Huangma
7b079611-76b1-43e4-99a6-049602e0a9ac,Comedy|Romance,975,Kil’mez’
f79a6a1b-60e5-40ee-89ac-cc70696fe375,Drama,976,Charlotte
9f8f4fe7-b24d-42a7-8515-8709c34038b0,Drama,977,Ad Dabbah
c646daf5-4be5-4908-8ea2-43af43676c3d,Drama,978,Sulahan
64fc6b77-d3b1-48b1-856c-4f271989b4cd,Action|Horror|Sci-Fi,979,Sakākā
6df67750-acac-4d24-ad6d-128f0ea6d11a,Drama|Romance,980,Bongor
1bc3c1fd-e70b-4c61-91a6-4a680d1ebda2,Documentary,981,Kakuda
ebeecb88-b303-41b5-ad39-aaa5bf688ecd,Drama|Romance|Western,982,Sanfins
66e06428-4bea-4f7f-9f25-fc2b0e828b0c,Action|Sci-Fi|Thriller,983,Vimmerby
3bbcdf2e-8879-404f-acbe-42ede6ad02e3,Children,984,Shkodër
39f2e6cd-aa2b-482e-b7df-05f6037f983f,Drama|War,985,Xiashan
12564ff1-212f-4ea6-b561-388e8831eeec,Comedy|Fantasy|Horror,986,Oumé
e9a89a6a-9e9f-4f21-a5c5-00646637f3f2,Drama|Thriller,987,Hanlin
51a73c9a-41ef-4eed-8392-04edbfbc229b,Comedy|Crime,988,Strážnice
9c4742a0-f989-4d24-a1e6-abceb7ca7874,Documentary,989,Apaga
f37d74b4-cb70-4ef1-8ec3-33dc02f4cafc,Adventure|Comedy|Drama,990,Huocheng
79dd5706-56ea-45cc-a25d-5a90fae43e02,Comedy|Fantasy|Romance|Thriller,991,Illkirch-Graffenstaden
d5796b97-2333-47fa-89bb-ec47ce64ffec,Action|Adventure,992,Tambov
84b36f1d-60a8-4f3c-9bc1-e7a808c14aee,Comedy,993,Terbangan
3f669d65-dfe3-4327-b700-1556cd99f93b,Adventure|Animation|Children|Drama|Musical,994,‘Alī al Gharbī
6162219c-69ed-496d-b63f-220377842f53,Drama|Romance,995,Liangjing
45907605-1fb5-4cc7-86de-ee3d8587aed4,Comedy|Drama|Romance,996,Koutsopódi
f89c577b-ef2c-432b-b508-94bd4d4d0a31,Horror,997,Varkaus
72e78cb9-e9b0-40d1-a70e-c40ea4c9ef46,Action|Crime,998,Ugbokpo
35fe9d5d-e674-4484-a409-50b6c68d8bea,Comedy|Romance,999,Khoa
ac9609c9-0a08-45e1-82d7-00f5142adfed,Drama|Romance,1000,Curitiba
