id,university
89f4354e-e8e6-4d92-b1c2-20173dd6e6d3,Universidade Federal de Mato Grosso do Sul
21eae9db-d07a-42da-86b2-90474d8dd28e,Binus University
316ceb02-d7f2-4f15-8622-8e673d70a5b8,Andrews University
92cd2f9c-e1ca-4e54-badc-180a767af2e7,Quinnipiac College
00632bc7-7370-4820-ab79-10dbe2dfb58c,"University of Science, Arts and Technology"
69376759-7328-47b3-b25a-10931ec0e104,Godfrey Okoye University
b7689199-a028-49a1-b1a7-a541a2cc0607,Universidad de San Miguel
72594253-b1f5-4520-b5de-018b227e8670,"Physical Education Academy ""Jedrzej Sniadecki"" in Gdansk"
b4694e2e-0529-40f5-b4eb-9270d16afb77,Norwich University
ebaac558-5564-4a7b-9735-2d54f75f6996,Ecole d'Ingénieurs en Informatique pour l'Industrie
784a5ba4-1981-449d-9eda-1ee5c69a6d0a,"Instituto de Artes Visuais, Design e Marketing - IADE"
d64b4b87-7d17-4162-a201-d1f1ef2cb32d,University of Brescia
ae422f8c-9b74-4137-a238-e6ca103f8877,Sri Krishnadevaraya University
15090552-9cbb-4c6d-978c-4696cdeaefba,Pädagogische Hochschule Zürich (Zurich School of Education)
81a4689b-dca6-4515-9d17-6efc8811e9c0,Aga Khan University
f1f3f158-60b1-45f2-9ff1-7a84bc74b2ca,Stavropol State Technical University
b908c28e-fcf4-4d26-8096-acbd18f3481f,Eelo American University
efa2c401-2acb-42bc-b610-209e373afd85,Virginia Polytechnic Institute and State University (Virginia Tech)
cd5d3cfe-da9c-40c3-9da9-35e21546b366,University of Charleston
8234bba6-dd60-4717-81a7-39abadd685c0,Universidad Nacional de Río Cuarto
fbc045e7-155b-431a-adeb-03fa5114381f,Vietnam National University Ho Chi Minh City
e2980f9a-3584-44cb-9027-7fca1c837be1,Southwestern College Kansas
ca062951-5ac3-4ca1-9adf-b3fa62bdcfdf,Universidad Nacional Experimental de Guayana
a3b4c6bd-7386-4f3a-81be-06f8caaf9452,Afe Babalola University
1fa23552-2849-4a3a-b080-806e17f18f35,Escola Nautica Infante D. Henrique
14d997d5-7d4e-4294-b466-0b6eacc2162b,Aichi Prefectural University of Fine Arts & Music
7ec83ac7-47b7-499a-8b2f-807980b03435,Honam University
e51cf409-ee10-4cc6-805f-718a540d786f,Kazan State University
90e0e291-fd53-4a53-a141-4617d3501828,Stockholm School of Economics
586094a1-8051-4b99-905a-4dc79a9f7b16,Ecole Nationale des Travaux Publics de l'Etat
5c9aba47-7f50-4e15-b54f-ca2dfb27eb27,Katholische Stiftungsfachhochschule München
a9cfdf18-a98a-4f94-a9fd-5b6d4016fd4d,Beijing Polytechnic University
a5dfaf3c-39ca-4ddd-a3ea-701572d38d42,Kagawa Institute of Nutrition
bd7a078a-b75a-4f85-9b25-335e5eb2d825,"National American University, Kansas City"
f72848ba-9ae3-4242-a1ec-2579cc5388f5,Seowon University
e7e5b77b-723a-4779-aebd-482bfbb261fa,October 6 university
c636acd7-0f69-4c17-8b34-7a0fdd7f2012,Universidad Andina Simón Bolívar
76919feb-137d-4ab3-814b-d42764c1f85e,Academy of Sports and Physical Training
40251ca5-7d2d-4947-afc4-db60a86a5286,Andong National University
2ece63fe-4848-49ab-9464-09387fec1623,Hogeschool West-Vlaanderen (TU)
989c3616-4287-44a1-9b7a-0156245fc26d,Selkirk College
ed6a2958-6479-4758-8f47-f3150e4a82a0,Iowa Wesleyan College
124a4c93-1f6f-4e6f-a71a-07a39d327714,Daffodil International University
ed0ebe5d-6cd1-4259-a5fe-034781aa1316,Southwestern University
d7b0c892-dfb9-42be-ac98-08de8c8a6b13,Dnepropetrovsk National University of Railway Transport
0260b5b3-90e0-4352-8395-8035f3f20513,National University of Singapore
2460421f-de08-4e29-b7cb-aa7af47427a2,Roanoke College
40193750-825f-453d-9718-c984a023bdfc,Gwangju Catholic College
34f1a67f-4d82-4f4f-86ac-4312a3c07b0e,Annamalai University
6eb0a4ea-93bd-48ea-b882-243e9bd5de62,Technological University (Mawlamyaing)
e584089e-84ce-4768-adf2-3533c6e9f4ca,"Long Island University, C.W. Post Campus"
db411b16-b32d-42e2-b308-d9af0e69cc5a,City University of New York Medical School / Sophie Davis School of Biomedical Education
a6bc3806-9f86-45ec-81a0-8fdb66007c09,Université Paul Sabatier (Toulouse III)
62221320-92d6-4270-8fb1-848bf601d7fd,Université d'Abomey-Calavi (UAC)
8d6244cb-ebdb-4dde-b668-f0296191ba98,Mississippi University for Women
3551a638-19d8-4de5-b108-554ce14d9b4c,"City University of New York, Graduate School and University Center"
ee559126-7fce-491a-8011-94f6757dec70,Mulungushi University
ebf194b6-258a-4cd3-827e-e7fe49cc9f54,Aston University
55cca47d-e395-4e6f-a1c1-dba493791699,Universidad Regional del Sureste
c1bbf619-dfb6-41c3-afe8-29f93017f683,Hanseo University
22b63669-049b-4046-9206-0ffc243820d6,Universidade de Ribeirão Preto
4548fc5b-ea44-4a4d-90f7-fc0bdf309bb7,Lausanne Hotel School (EHL)
06c519f5-89b5-4566-8faf-2343af753d27,Ryszard Lazarski University of Commerce and Law in Warsaw
d4462df5-aab4-4541-9840-1a049a839d83,"Universidad ""Juan Agustín Maza"""
b37c060f-0c47-4867-aec5-cdc499ab48c5,Qom University of Technology
901d4741-2f09-41ad-b78e-6c575d605dbd,Kenya Methodist University
5a8cd8a6-dfbe-4dac-ba73-519b59f7e994,New College of California
0e540581-a49d-4ea3-be89-f126eb3c82bc,St. John's Seminary
810d7ed6-0a26-447b-ae17-43035d28a637,Baze University Abuja
47ee9cde-c0d4-404b-8581-39ed6d5d6d46,"California State University, Dominguez Hills"
1e0b780c-9266-4c87-9831-fc8d70a66e4c,Universidad Nacional José Faustino Sánchez Carrión
51ee72b8-2660-4a18-98db-c1a328fa39cf,Pontificia Università Lateranense
643359bf-43a4-4e7c-af09-489b6dcb39aa,Universidad de Lima
22914667-2270-4047-8b0b-e8e16a401fb8,Punjab University College of Information Tecnology
f1331180-38ad-47d9-bc3b-39de54c6409f,Universidad del Bajío
75b29f63-b846-4a24-8483-47e82166b61b,University of Southern Europe (Monaco Business School)
57660f9d-e18d-492e-8c26-f4e4635936cb,Tehran University of Teacher Training
dee90194-40a8-485e-9f3b-88c11876381a,"California State University, Channel Islands"
efeaa01b-b132-48c6-bdb7-088e83236e93,University of Texas Southwestern Medical Center at Dallas
1327411b-f106-4548-9b68-fa01355b8c0b,University of Fine Arts Belgrade
6a4d977c-e544-4fca-8c98-d28a83f78910,Colorado School of Mines
37f544bd-e724-4b20-b110-25b2901daa1b,"Concordia University, Irvine"
2eefb754-2260-41a1-a7e2-abf597541f5c,Lawrence Technological University
ecceeb37-5ee4-45ba-a57e-76ad32140b17,Baikal National University of Economics and Law
bebbf7b3-3582-4bdb-bc35-5eb52d32a07e,Wayo Women's University
df2c8145-331d-4e62-bda9-b8b239e550ec,Holy Spirit University of Kaslik
7f65c17a-414f-4b5c-b411-450f9dff6833,Ecole Supérieure de Chimie Physique Electronique de Lyon
dbed8402-da76-4607-ad74-d74914244e18,Lutheran Bible Institute of Seattle
3003af20-cdbb-4625-8491-1d3275367d80,Beni Suef University
1c0a934f-1c99-4644-a9d7-6e8fe59e03a3,Sterling College
f955ce61-02b4-451d-8ee7-2b19ca7f38ea,Taipei Medical College
ea7908d7-b51b-40e9-bb8d-39f61d6100c2,Hilbert College
10f51856-ea35-41a1-81da-166f0ffca461,Fukuoka Women's University
06b2940f-1d22-4eca-8360-b08337d5ddef,Galatasaray University
fb5cb100-4807-421b-be13-299b5a337e7f,Russian State University for the Humanities
36783276-e89f-48a1-86e4-09de61d49b13,Technical University of Poznan
f65ace16-8981-421f-882f-52cc039b639d,Hallym University
88ed8459-5a81-4b7f-9d8c-39dd45e868d1,Kumaun University
cf61f507-0b38-4047-a2a8-720b832afbac,Georgian Court College
3a40e0aa-73ba-49b3-96af-cb0566b5173d,Huazhong Agricultural University
66659236-2905-4036-a849-577fffb24b11,Centro Universitário Barao de Maua
dca96cf5-fa92-4a67-b6e7-02eb18099632,Bermuda College
b5b9a0c4-16a6-4f6c-a288-c819a9e02f8c,Newports Institute of Communication & Economics
1d77c140-5488-4121-9d61-7da44f72274e,Netaji Subhas Inst of Technology
e967c71f-2cd0-4647-b643-1ddba5ebfc3e,Emory & Henry College
899ad426-3230-4278-a7ba-d4b2441a869e,Syrian Virtual University
b5fd8238-a5e9-49e9-8610-703e672f70bd,Universidad Nuevo Mundo
76553177-ad8d-45f1-af85-ada64f55518f,Central South Forestry University
d75f7c45-8e28-414c-ac10-ae8f6fbc28b2,Rosemont College
21df51a2-5b82-4a5b-9a23-b30c2d61e75d,Angkor University
8bb24eb3-a054-4212-aee6-606d89e72114,Fachhochschule Erfurt
3fabe8f2-1b46-41d2-ad56-915140df9de0,St. Petersburg College
61f6c01d-f942-49f8-bf0a-f790f7cc8493,Universidad Católica de La Plata
cd45a2d8-762e-4d3e-83c2-944e27a4d5b5,Central Queensland University
4d2fa373-2f81-408f-b800-9366422903f5,Mills College
dfcb96e6-a7c2-44af-9f96-1b11f1c45839,Universidad de Córdoba
02f9960b-4071-49a4-a995-0742c14f2798,Government College University Faisalabad
1420bcb6-dc36-45e5-b13a-2a50d67df907,Salem International University
4181765a-2075-480f-93ae-3848c7cfe99d,Antioch University Los Angeles
8b676caf-ee36-4ad9-a296-d24e680e551b,Simpson College
1ff0adc4-82dd-41b3-bc18-09562f25c5a9,"Institute of Teachers Education, Darul Aman"
547d65be-5a96-4845-b232-f2c181ec97fe,UNESCO-IHE Institute for Water Education
c6807b8a-f832-44d8-92c3-d67339fb6d00,Kenya Methodist University
5309ab80-909b-4fc9-9a4a-f9450962ba13,Singapore Management University
e280f52c-0f40-493a-b821-3e5d0417318c,Wuhan Technical University of Surveying and Mapping
da5814cf-6731-455a-b599-1d5b7263a179,Pedagogical University of Kielce
f2a882b5-5ce3-4d26-84c7-9c10461afe93,Mississippi State University
9eee6f07-d25f-4ef0-a9f3-8dc0006a63a8,Royal Danish School of Educational Sciences
33f01c53-8980-4ed4-a7bb-e23ac3ba0fb2,Universidad de la Integración de las Americas (UNIDAD)
2bf58739-2f5e-42a0-8b49-db90ff53aa55,Universidad Autónoma de Bucaramanga
48515e60-69ee-4675-8a06-a8aa4d5fdf30,Universidad Nueva San Salvador
8706e0b0-137f-4b91-8f68-1a3267c8e4d4,Pontifcia Università Urbaniana
8ec9f67c-cb56-4890-82ea-41043ce9188a,"Evangelische Theologische Faculteit, Leuven"
baf28515-4f09-4a7a-9106-564eabb410d2,University of the Visayas
6c5cfcf5-f40e-4f2b-be3a-5750d24312db,Mount Kenya University
f8d6077d-117d-458d-8c45-920ddafbca8d,Trinity University School of Medicine
21a58da2-5d09-486a-bda0-f0f9432d736a,Universidad Nacional de Chimborazo
706973e9-e084-43c6-96e2-fdfd1f0e74a2,Rabindra Bharati University
705db291-0258-434b-8122-449826f9c6fa,University of Edinburgh
ee0d3a05-a982-4dc2-a283-d5026854d03a,Université Robert Schuman (Strasbourg III)
4d16645e-f84c-4c2e-aefb-7d86e6336dce,University of Luxemburg
be124dfc-460c-4a29-9ecf-7736833969cf,Dubai Pharmacy College
a13c772d-57ee-4c2b-9754-57281efeead0,Bryant University
283d62e1-a253-4e70-a31d-f20c38f15e10,Southern University - New Orleans
3656fe89-1538-4e69-a1fa-b5022dd93422,Arizona Christian University
17d491d0-ae42-499c-bae8-fc16f045dbba,Dnepropetrovsk National University
839baabb-3256-4415-b3fe-85d39f1e2b40,Universidad del Sagrado Corazon
d66e6c56-4f38-4b38-94ab-4beb5369ef94,Shaw University
b9f69b69-c58a-4946-b61b-135164e212e5,New College of Florida
cc39d286-67fd-45c1-9de5-1b80273c2106,Oulu Polytechnic
6f84e9fc-64d6-4bec-82e2-b7860042cdc2,International University School of Medicine (IUSOM)
ce1ddd80-39df-43cb-a7de-9d4643d3199a,Weber State University
7f323974-5380-4c28-9e4b-c3f5f722e0ca,"University of California, San Diego"
be1d4e00-04dc-4d87-abc6-977204b01cac,Kharkiv State Medical University
b89dc1ec-6317-4235-b807-d49fc65fbded,Dawat University
fabfc837-87e2-41d9-9396-43497b83b378,Virginia Military Institute
93d16bea-407a-4874-b87f-37386a750643,Voronezh State Agricultural University
e09e9e2a-5d7b-4c3f-8a46-97a8c385f395,Kharkiv National University of Economics
48394a81-5c3c-4b8d-a6ea-b65a3cb00fa5,Ecole Normale Supérieure de Paris
54089f79-104f-4fb1-9c68-ad2f5a0257d0,Westfälische Wilhelms-Universität Münster
38188858-1e47-4643-b35d-faa0ad414c68,Hubert Kairuki Memorial University
a26b9c96-879b-4b91-9ead-789c4bdcfb01,National Yang Ming Medical College
c57ca212-cf5b-4e1b-b207-56993eb1e6ff,Texas Tech University
c9420c65-683f-4fb9-8cb1-403b0dee1dff,Robert Morris College
b7938016-9263-4372-885b-14794a59cacc,LungHwa University of Science and Technology
77720295-a5c1-4755-8687-58c45ad8b949,Technological Education Institute of Epiros
b50eea2f-2d4e-437e-b16c-1392887d50d9,Netaji Subhas Inst of Technology
0d154482-ec28-43cc-af10-3b865e527250,Institut National des Sciences Appliquées de Lyon
109e05e6-40e6-4ffd-b8ed-529f65eb06d7,Universidad Iberoamericana
a68c564a-7589-4e0e-945a-9248a980d9a4,ICT College
3e363472-382e-4130-8c89-25305b98fb5c,Kyoto Institute of Technology
9d015425-6a8a-4c33-95e6-30b18bd8388f,North Park University
6a90ee84-86eb-40f6-8a19-ec41a098288f,University of Zagreb
cf8f5534-27ae-4a4d-b5a0-71071e42b564,Antioch University Seattle
cf0217c6-fbb8-473a-9886-4628ccaa3320,BiTS - Business and Information Technology School gGmbH
47cbab1c-dd10-4dbe-ba64-dc7259bbfb99,Universidad Autónoma de San Luis Potosí
fabd3fd7-3f15-4201-9cbc-52e8f1f8eafd,Universitas Swadaya Gunung Djati
658837d3-d48a-47cd-87c8-b5bc1f391147,Maryam Institute of Higher Education
bded0904-6c24-4efe-b0b1-aff9f4da80b3,Texas Tech University Health Science Center
c0d56c17-a320-4a0f-8ec1-44b9fe12fe77,Alpha Omega University
9e6d6fa4-305e-4b7c-805d-047c38208cae,Tafila Technical University 
6e6ea743-8638-46b9-8e4e-81ef74447644,Anderson College
3f0742fd-466e-4b2a-b935-d5b67e6d5287,"University of Toronto, Scarborough"
c2b59ad0-7c9f-4c52-8acb-3bbbc577deeb,"Federal Polytechnic Bauchi, Nigeria"
68877805-eeb2-48e1-968b-d9b0d066c558,Japan Women's University
7bb7aa05-6ce0-4856-afc7-87f6fe592f66,"Universitas Pembangunan Nasional ""Veteran"" East Java"
193509fb-ceaf-4383-a203-18f918668d37,Université Ibn Toufail
63dbb82b-d1e3-4466-959d-534cd4a5f09f,Indiana University - Southeast
b0a16e44-13c6-46c4-8c30-09e776d3904d,Fuzhou University
4e69c968-3a15-4c05-ace8-0271b874e846,University of Milan - Bicocca
876ecad2-59ae-4fa0-9d08-e26931b37e64,Universidade de Coimbra
b5a23afc-d8e6-4656-b738-df21d4d7001e,Gwynedd-Mercy College
15063e97-9f87-477c-9e6e-b8b4df673009,Marquette University
c2faeb9c-063b-4adb-9c6f-9f347e5e4da9,Kaya University
ff10ed72-92f6-4cb9-b089-3192cd3cad7b,Doshisha Women's College of Liberal Arts
77538406-af6b-4d77-95f2-3eb096a79e55,TaTung University 
c69d386d-eebc-421b-b4e4-1a5711944827,Philander Smith College
0726ffe8-5c93-4af6-b61d-dd07ead58733,Ecole Supérieure d'Ingénieurs et de Techniciens pour l'Agriculture
d57e7dc1-45e3-4ac0-8639-24a6bc0089d4,Universidad Isaac Newton
ac4d1181-2182-4461-ba51-bc4d3ac80b48,Universidad Franciscana de México
61b30e3e-33e9-42e0-8048-bab7a3061847,Hallym University
c7e9240e-1ad6-438c-868a-7db5e75f00bc,Akhbar El Yom Academy
189c6c44-c214-45cd-a1e2-dfbb820d113b,Nanjing University of Science and Technology
303ef1bd-4044-4511-b44d-b323681e6434,Columbia College
b205711b-930d-4d77-9e9a-a785b0a0bdf0,Andon College - Modesto
d8184461-5d7f-47e0-96dc-ba2979a8bdf0,Colorado School of Mines
ce2c70cc-0297-40df-8ff4-b4a1a862e370,Ch. Charan Singh University
eb02eed2-8617-4965-922f-c1ddbeb45f1b,Amrita Vishwa Vidyapeetham (Deemed University)
9ae88cdf-632d-43ab-9d22-b1b3fc394839,St. Luke's College
5d36e8e5-ea28-4942-9fae-68190708ef4e,Massachusetts Maritime Academy
2de214e3-9783-440d-8378-7325619c74e9,Universidad Veracruzana
e99f4fbb-6d87-42f5-bb9f-d6e26740d420,Universidad Mayor de San Simón
8ee39f21-444e-408a-a664-6f69a3da5ba6,Hope International University
5feb800f-c0a3-4293-a73a-911a77e79105,Donau-Universität Krems
abe2efa5-4185-45f8-8ef8-60f25f787e2e,University of NorthWest
fd15597b-25ff-48b8-8b7d-97d6da83659b,Knoxville College
db64d019-abbd-4c4b-8e87-3a47ed8aff7d,"Evangelische Fachhochschule für Religionspädagogik, und Gemeindediakonie Moritzburg"
2ac77729-3c32-4db6-a259-c13cb59eea4c,Perm State Academy of Agriculture
947aea05-484a-49ad-844f-195e26de9c22,Royal lnstitute of Technology
81c6028b-fd77-48cb-ba8d-324690c8540d,Tajik National University
27e6fbdf-13cc-47f0-a39d-d4f0ec503627,Universidad Metropolitana Castro Carazo
782fa6cc-ae86-42f4-a2b5-31a2fc295bda,Vytautas Magnus University
5000071a-41e6-48ac-9c24-219c20df95e6,University of Maryland at Baltimore
2beb39b0-538b-421c-b2ff-2cfcd8d3b4d3,Husson College
2857836b-f436-4eb0-9b6e-95781e573ab5,Lebanese University
25633b7b-8fa3-4822-8eba-7b5dd983c9aa,St. Norbert College
12d52960-1d84-400c-a9a6-5f25f58c811b,Bangladesh University of Textiles
dc7adcab-27e8-4bb4-b14f-3a93d3c85e53,King's University College
a81c2b8e-2053-4a80-a7f7-ee66dbbac138,Kitami Institute of Technology
994906af-1f27-4149-940c-76f968619b11,University of Newcastle
a63799de-2657-4b02-8df3-66cff40b6bd1,Warnborough University
0c7c6a0c-8add-44e5-9b02-7976d2b840b7,Ural State Academy of Railway Transport
14c759f9-ba48-40d9-8dc0-d6aeb17b1696,Judson College Marion
7ad768c9-f734-4251-9b5e-36933060abcc,Dong Yang University of Technology
585619b2-1162-4c02-a06c-ecf8f57fd63b,"Physical Education Academy ""Jozef Pilsudski"" in Warsaw"
f87586ec-b54a-4c2d-bbf4-231a9de500ac,Institut Supérieure d'Electronique de Paris
eb0d96ea-9cb4-42cd-b2af-800d9bdc970e,University of Bihac
e1b7083c-7dd5-4d09-8b62-7c7489cb4703,Manonmaniam Sundaranar University
1c569ef4-012c-4dbf-906c-39013f120f72,Instituto Tecnológico de Morelia
e6324f7c-a5ba-496b-ada5-a87c45495fa2,DEI Bachelor & Master Degrees
c13ec451-f070-4cf7-8244-bb41bb59f51f,Vitebsk State Technological University
e42c2f29-1986-46f9-b5f3-96c4b36b5fe6,E.A.P. Europäische Wirtschaftshochschule Berlin
f4ceaf7a-2b30-4f74-b431-50b61203f351,Cyberjaya University College of Medical Science
8ecad756-e915-4fd4-b93a-e29f3559ad1b,Tilka Manjhi Bhagalpur University
bed48256-9813-4232-9ac0-a53cac56d122,Jatiya Kabi Kazi Nazrul Islam University
17878f36-5372-419a-b136-3d69764f3c32,International University of Africa (IUA)
1386a7b6-6e8b-42d6-9ce4-79eff6330046,Universitas Muhammadiyah Jakarta
3870b381-6be3-45d0-96c6-443797d429ed,West Coast University
35eee34b-f1f4-4ce3-9f4e-6a4c3e092d3c,Universitas 17 Agustus 1945 Banyuwangi
7cd53414-32c6-419a-a9b9-3c260fcb6a59,Hirosaki Gakuin University
06f0612d-7ca7-4343-b352-55a77b2882ab,Isik University
41bd363e-ca78-4c10-85b1-d6e1df501003,Siberian State Medical University
f639d210-a7d9-4ad6-9af6-4f53c11624c5,Universidad Andina Simón Bolívar
469d5b9d-63e3-4c25-933e-e5d99cc5b777,University of Auckland
bab1b6af-2b94-435e-84d3-2778adcd6632,Sonoda Women's University
dfa6f20f-eac3-4784-8e2a-27044d9d908b,Ecole Supérieure de Commerce de Dijon
f98cca64-ed6e-4f7b-8fea-fed7fa0644f2,Gorno-Altaisk State University
7a307520-dc43-4b4b-9412-33035f488a2a,Dubai Medical College for Girls
8be41eaf-c952-4c61-844c-904d20a06eb1,University of Engineering and Technology Lahore
51adecba-17fc-49a2-9a2c-21b1d4c60182,National Institute of Development Administration
90ef6c89-ed2d-4ff7-ba0a-de751cbe63fe,Royal University of Bhutan
d7cdffeb-724f-4f6c-9383-9fb3c2e6df1f,Universitas Sebelas Maret
3a558c1b-fc69-480f-96c4-e739622fb6f2,University College of the Fraser Valley
642bff8c-348e-4740-aed7-fe35d7188cc5,College for Creative Studies
794c829e-60eb-4b5c-a555-02b90bb645a2,California State Polytechnic University - Pomona
0262c711-5e93-4a02-8754-36856c90969e,University of Ljubljana
d2c5ad3f-1c7b-42f7-8bd4-01aa8e53fc98,University of Health Sciences
5f6c55e2-ebe0-4ef2-b79c-02126c3067c3,Ivanovo State Academy of Medicine
d9c0eac0-0611-4dd8-ad6a-e83712143671,Rostov State University
c0ebf5cd-36ba-43b4-ae68-0b58e79283c9,Rose-Hulman Institute of Technology
874e799f-6675-4cc0-a4b6-25ee7bec0b8c,Chadron State College
d94dcbe3-02d9-4580-85c2-8b90fe99b7d6,University of Connecticut at Hartford
438d11b1-937c-43e3-985c-b80cee14d08e,Tuva State University
2705c450-ca8e-42be-b10b-dfc1f8ccaa17,"Washington State University, Spokane"
3e26b198-b581-43ec-9e53-03c0b847be54,Saybrook Institute
2e72060c-b785-4289-9ae5-f21a130929c4,Targu-Mures University of Theatre
e7824d4c-8893-4fc3-91d0-4c255f5ca36a,Pakistan Institute of Engineering and Applied Sciences (PIEAS)
284499ea-3958-4d66-ab62-3ed0f0a5ad67,Upper Iowa University
7cd4da52-b4f1-4a0b-ba77-e01fdaead0dc,"California State University, Hayward"
43dd6586-4ab0-4e69-84ae-b7d9eda27c35,Nairobi Technical Training Institute 
203eb2b8-ab79-41d5-a5e7-545223b9bcf5,ICI University
270606c6-d573-465a-856b-3bcf47672f65,Universidad Autónoma Juan Misael Saracho
b6c10d5d-69a1-4a47-b2b0-c90b13f11e96,Tiffin University
de2f2b8e-be0e-432e-96c4-665818952742,"Victoria University Toronto, University of Toronto"
3fb39aca-8d5b-43bb-ae5c-475e6a72af03,Ohio University - Zanesville
a707594c-468e-4326-87ad-79f9d403248c,George Washington University
0f559bac-c537-4e31-a4a5-c7a36a80fb8d,Hiram College
9e5f1793-4760-4c55-ad3c-a450c3337a13,Institute of Paper Science and Technology
14d8733f-99a8-467a-bab6-ee994a226938,Universidad de Tarapacá
ec58c0bd-3b39-468a-90a1-3ae6e2ef8576,Universidad Nacional de San Agustin
2b84e332-5520-4fa3-9358-94082c8259e4,Brewton-Parker College
d135737d-b95e-40a3-b10d-8f1f07589552,Veritas University
e9ffc5f6-60a4-4c33-9f6e-8174f0d80b0d,An-Najah National University
d53c4c3c-8246-445a-af74-f223fd496b5b,Tokai University Educational System
67dea8bc-a916-4674-8ef9-097d84eaae87,Patuakhali Science and Technology University
94c5996c-40db-473a-969e-ae12f666f336,St. Vincent College
a88f9aa1-cf10-47e9-8cd0-d28c4a45d087,Reformed Bible College
bac095da-243c-4208-866b-3e3acd2bf9d3,Nanjing Medical University
9c41c0f2-8fc3-49ae-8e5c-aa585aad9f92,Adams State College
817cda15-c1b5-4a18-a9e3-6b8d54c9e3a2,Universidade de Ribeirão Preto
cbcf5eb8-e6fe-40d6-9241-5b3e8c6f4fb4,Ecole Nationale d'Ingénieurs des Travaux Agricoles de Bordeaux
2507fd37-671f-4e26-8c98-79bdd508eda8,National University of Theater and Film Arts
b6b86e0b-46ea-45c8-9f2c-3f1ff5d97db0,Technical University in Kosice
3bf5f681-d263-4d0e-8454-3d6b03173bdc,Accra Polytechnic 
e8de8744-881f-4a30-8c5d-d647a352dc1c,Aichi Prefectural University of Fine Arts & Music
374c4c60-bae4-434b-a493-436ed7d9f4fe, Technological University (Yangon)
9c619822-b7fd-4b02-b93b-f381e4be1ad3,Calvary Bible College
0a96b93c-febf-44f4-a8f8-345f384b2f2e,Université du Droit et de la Sante (Lille II)
e12f45df-75b0-4f23-ac78-6428dc4f55eb,University of the Arts
50d4f211-fdc0-4449-8a6d-db2a1a09f39c,Lakeland College
d5fd551e-6828-4cef-9223-7a229ad9df00,Simon Fraser University
6332dfa5-368a-401e-8a7a-229f59f5cd53,Universität Ulm
acec36b0-7645-4c09-8111-02f5191bd8a4,University of Glasgow
618335ec-623c-4b85-b99b-20abaafa22ed,Muskingum College
853f5c3f-eae9-476a-97c2-84e8bf80fb4a,Asian Business School
1b6eb025-1ae1-4237-9948-d674351c3b5c,Universidad Champagnat
ccf33d38-adf7-4d2b-93fe-b9e4460d5040,Gretsa Universtiy
d4d14fc0-16c3-4fc6-b974-c775f2c0fe30,"St. Francis College, Fort Wayne"
dd54342b-127b-4008-8b4c-80af62828f4f,West Bengal University of Technology
c6a102b8-66d2-4089-8e18-d4308f234127,Nazarene Bible College
a032edc9-5754-4bb9-99d1-4c6544b12e15,Arab Open University
9edf4d4a-0576-406e-b378-877c6cc1cf13,Wilfrid Laurier University
cee677bc-2d59-4497-8f16-8fc53b7eab55,South China Construction University
de27cd12-2a21-4387-aeb3-0be874733479,"Ecole Nationale Supérieure d'Electronique, d'Electrotechnique, d'Informatique et d'Hydraulique de Toulouse"
dd83681e-8e95-4a9a-944f-68ad9354db07,Universidade Estadual de Ponta Grossa
263accb8-be2d-4fcb-8518-f491e7e5bdd9,Instituto Politecnico do Porto
079e2061-a420-4bce-b41d-6c8b5d0f812a,St. Petersburg State University of Culture and Arts
7ad9d970-4d22-4d1d-980c-7c09f6bfe33b,Shanghai University of Finance and Economics
ceffbe98-4b8a-4aa3-b426-00ea77340856,Yeditepe University
20d56010-7ac3-4622-bf63-30af7f1c5b9a,Shaheed Rajaei Teacher Training University
78ddb061-c8a2-4700-91dd-2abc2f509583,Universidad Autónoma de la Ciudad de México
7a30c346-8299-49e3-9612-e62ac7eee437,Roskilde University
4da87f01-cfd5-4519-9353-0a31ddf7d16b,Bindura University of Science Education
a8642b90-e5c3-4f7c-b1d5-c902f7ea690c,"Indian Institute of Management, Tiruchirappalli"
c5bdadce-615e-422c-a4c0-72e298721108,Buddhasravaka Bhikshu University
04d7fd6f-4c89-4d94-b978-bd9989d4fac0,Tashkent State Agrarian University
c7f67745-d760-44e9-badc-7a21e44662ba,Southeast University
be129dc6-b88a-46d3-8b43-c1021919d3b5,Obihiro University of Agriculture and Veterinary Medicine
dfdc201b-96bb-4783-b646-ba3675852eef,Instituto Superior de Transportes e Comunicações
05d2869b-f566-4fe9-8356-1d42452bb596,Sulaimani Polytechnic University
c911c345-c8b9-428b-bfde-9fc9396e48a1,Yarmouk University
a955bf0b-900e-4c6c-8b0c-848e31762589,Chongqing University of Post and Telecommunications
c1991cea-338e-48d8-b5c3-e8bcc15e7674,Randolph-Macon Woman's College
ac5d6502-5b67-46cb-a7db-642b762b8531,"Islamic Azad University, Ahar"
2214e954-e5d2-46ad-a158-4113e5a0d1cb,Université du Droit et de la Sante (Lille II)
73a083ca-fa9d-4f97-89ac-56f0512e5c7f,Shahed University
a0050b4e-19d6-41f6-ba9e-a16408fb1480,"Medical Faculty, Osh State University"
73fba1db-70d7-4d0f-ad22-e6193fae4810,Universidad Carlos III de Madrid
829f46d1-26ec-4957-9f54-cb821c38534d,Indian Institute of Information Technology
31e90f66-e97a-4677-9dee-31623358216f,"Swiss Federal Institute of Technology, Lausanne"
66f0c694-aaec-458c-beb0-256b2ab444af,Deakin University
94d49e39-a869-4b35-9f23-5d9d53bd1410,"Universidad ""Adolfo Ibañez"""
f6df12f8-6d64-4d84-b17a-23df7705c2af,Sophia University
a5f5b06b-2e54-4777-9f50-c4244f1af25b,Damascus University
19214583-21c6-44bd-a9e7-1100e877283c,Universidad Autonoma España de Durango
f92d922e-b000-4e5c-8174-f5f58d7dba38,Guangdong Polytechnic Normal University
d74e3275-4262-4bbf-a8d7-d8f7f76f5c93,Ferrum College
cf089ba3-ce82-4a87-8e7f-adab949ff98a,Virginia State University
1da4c266-b38d-40cc-9e73-62c456444bea,Imperial College London
7e8b57c7-9685-4c13-859e-58d91988251a,Universidad de La Salle
7fdc65a2-ae82-4438-ad17-9cccc7eda042,Technological Education Institute of Patras
502e204e-eae9-4650-9991-af776c588b9d,College of Mount St. Vincent
c24dfc39-152e-48bb-84b9-c50773efa8cc,Zanjan University
eadeef80-ed14-4c86-aaf2-f0dedc041615,University of Zadar
d032a32e-90c8-4f41-b4a7-f928a837689b,Salem State College
c3b8c1cd-af72-4cd2-bb7a-a5dbbf38647e,Yanbian University of Science and Technology
048049b9-801d-4a1e-89d2-f0cb56a7ca3b,Universidad Autónoma Juan Misael Saracho
a9d06200-6250-42d8-b5f1-1b4eeb650fe3,Hansei University
27526b2c-9cb7-440c-a266-e8197d64dcc6,Universidad de Zaragoza
b332113e-7bd9-4d1e-8ab6-2a5d8ac9ba89,Umutara Polytechnic
3c23bad2-f529-42b3-99c8-0bd461b0265c,Magnitogorsk State University
60719cd7-74e6-40dd-baa0-30b47c8385db,Polonia University in Czêstochowa
249227a4-5324-4a23-aa99-b1f578a4bf1a,Mogadishu University
c95cce6e-8431-45e9-bc1d-12a5a79dc974,Amber University
536aa365-1f9a-47a2-9bff-5d5be9f9fff2,Université Catholique de Kabgayi
7f0ef25b-301b-4aed-9510-1ca6597c0349,Nagasaki University
ea3944cc-291f-41f5-8e8d-201dce4cdbb3,Universidad Nacional de Lanus
161af169-9661-4c54-8b15-c121166882ec,Art Institute of Southern California
9a1241c6-c378-4ca6-8783-60b33cfb18ff,University of Art and Design Helsinki
7ef34e38-65f8-4ee8-a9c8-75a81a235840,Otsuma Women's University
a8343ee6-7bdb-4771-94be-ea0351613ae9,Instituto Superior de Psicologia Aplicada
76b3254d-94c5-4ec6-b85b-16a726c647dc,Universität für angewandte Kunst Wien
2c5839e6-3f9e-48f1-b9d9-f0f0134841c2,Universidad Privada del Valle
2fae6916-b433-4458-8e0c-f8942925f81f,American University
1f20ffff-11f9-42de-83ac-f61535ff3dd8,Colorado Christian University
e0da52b1-2286-4c90-8456-b7b0104bb84e,University of Targu Jiu
f6d8cef4-acde-4048-a129-7485a1a74ae3,Culver-Stockton College
a4ca5ecd-b5e5-4e73-83e3-d9d998a6de36,Bishop's University
6fd12cfd-0678-43f3-8d71-58047c76816d,Pedagogical University of Slupsk
4d2c3d8a-7dfd-44b4-b21a-61c2cf6a576d,Universitas Ngurah Rai
abf8965b-ae7f-43d9-968b-807ff6470011,Hainan Normal University
90dff620-9af9-4c15-a0ef-7f5b6489c6d4,Tianjin University of Finance & Economics
a46cdbe9-9366-47f6-a3ec-bf07f0e88bcc,University of Somalia
f0dbcdbe-8ff1-4e04-baba-98ec02f71f28,Dunya Institute of Higher Education
8970be4a-29af-4da7-8bcf-870b407d7fed,Qinghai Normal University
94bee82a-b3c9-4931-bbf5-440344488810,Biju Pattnaik University of Technology
4b0ba530-9d1d-4a21-a275-b3a43a38767f,Busoga University
bc946b83-44db-408d-b2f3-9cddf9276090,Kagoshima Women's College
6aeac630-e841-4233-8f61-fbc49c73f6fa,University of the Gambia
02494f05-db4c-476d-aa37-2a2baa4b441e,Pontifcia Universitas Lateranensis
bd1d7554-c6d7-41d5-9e75-7ed670379abe,Université de Pau et des Pays de l'Adour
07a31591-b856-45e7-abb1-3e240601c453,Colgate University
ba14abea-01d4-4663-b83b-c6e15728d066,Saybrook Institute
59c84df5-1224-41ee-b9f2-94984478070a,Ecole Nationale Supérieure de Chimie de Lille
24dde9f3-eb90-46e2-9927-46586dfeb731,William Mitchell College of Law
eb3c9c13-1cc4-4e95-8d4f-6f6d5652f0e1,Beijing University of Chemical Technology
8e4ef0c3-9b78-47f0-aa33-29d1dc83bfa1,Russian Academy of Theatre Arts
0bf7a2a6-8f01-435c-b9a8-230aedcfdd33,Universidad Autónoma de Bucaramanga
25d99c2f-b995-48e1-9291-a4695050c8c7,Southern College of Optometry
6c361bbe-72a9-4c6f-8ebb-aac6f01a5099,Aalborg Business College
fde79964-d4e5-40cb-a8be-8dc1f7fe35e7,Pontifícia Universidade Católica de São Paulo
31045a81-b426-4a82-90c5-6f7026a4157d,FON University
9403aed0-c485-45e1-8f4f-37d73bcc6ba6,Paul University
831b7c3d-e34f-4aac-a17d-5b8c65e9ae58,New England Conservatory of Music
02340bad-2aad-4ec9-9ff5-5fa6beb8dc2d,Moscow State Institute of International Relations MFA Russia (MGIMO-University)
1e535259-b547-4704-9e37-a4f11447af4c,Missouri University of Science and Technology
6621e63a-a510-415b-84f2-0706e6a1e79b,Universidad Torcuato di Tella
626a2625-6410-4fb4-9bb8-df589ad3c8e7,Keller Graduate School of Management
caef2cb7-2b7b-4e52-a482-db00bf0a65f8,Keene State College
9a964eb5-9156-4c8f-86f6-efbdbcc82dc2,Beijing University of Posts and Telecommunications
336bca4e-08c5-4880-aa8b-1aa7c704a030,"École Polytechnique de Montréal, Université de Montréal"
b98346c9-397b-4c37-9e21-97d18e9ad482,Central Buganda University
b00f3c11-7b1e-4635-b94c-76bf6b5414a6,National College of Naturopathic Medicine
51f34535-7c78-48e1-9500-04c1ef6c2a1a,Universidad de la Sierra A.C.
465b5b59-3367-4eeb-a1c0-319a134ef382,Universidad Nacional de La Rioja
b7eae74b-731a-483d-8507-fb6644fa9236,Koshien University
3a91a2dd-b476-489f-81c4-e6f5e158ef73,Drake University
d140c2f8-a54d-4a48-95c8-9354382c57d7,Universidad de Montevideo
cd810593-b306-4a70-a56a-64829bfbd81e,Deccan College Postgraduate and Research Institute
1fa03608-3eb6-45ce-b21b-7c780c2f75cb,Bow Valley College
3da0b4ca-d984-463b-94e1-e68af1c50344,Southern Ural State University
2399db6d-d215-47e6-8828-83f1e2eb30e0,University of Uyo
a7efd6ec-0b5f-43db-920d-894c7c6713e1,Calumet College of St. Joseph
f175c5d6-496b-40a5-a2b2-701c6458e04a,Universidade Mackenzie
f42eef5e-cedd-4c82-9217-40dda6b078bb,Shahrekord University
56cf8041-2493-4b68-ac13-e1bc0a40dea2,"DeVry Institute of Technology, Kansas City"
392fe35c-2b63-4981-aa45-e4f437ce5fe0,Ondo State University of Science and Technology
a68d0fa2-4a97-46d6-b7f0-e04ba1be1ceb,IDRAC (Institut de recherche en action commerciale)
694d1141-6afa-4875-a2bc-57a634bec7d7,Universidade Federal de Mato Grosso
b395d92a-f3f1-4735-9869-3f702c5a6d9e,Thomas More College of Liberal Arts
579a2e8e-3160-408a-909c-302caa5350dc,Universidad Pública de Navarra
55dc2027-cab3-4237-8d41-e4c576b074ba,Bishkek Humanities University
8ac1da6d-c038-4eb0-a76a-e2cea7c1529c,Indian Statistical Institute
588cb754-2d15-4aba-8028-fc70eeec0252,Sullivan College
529a0565-dc6e-4395-a3f7-f2264ba68718,Aimst University
1f02f595-50a3-44bb-a940-c3b5120c5e26,Planwel University
320ee166-dda7-4fd3-b630-e47c2c99fcc3,Sri Padmavati Women's University
d1897e9c-037f-4ea1-b800-47213b7b115b,Blekinge Institute of Technology
4b373132-3c50-497d-a582-7cd0ac34a34f,Northwestern College Iowa
979ecd93-74b3-4403-90d9-4a85bd8a6985,Universidad Andina Simón Bolivar
25652b72-67d1-496f-8691-0199ec29981e,Pacific International College
05a21d7b-0962-4083-abba-9cbadc1184b7,Syrian Virtual University
93857522-26f2-4695-af5c-86d0a6b557d3,Freie Universität Berlin
206461a6-9a21-4f81-8e06-1f18dd454310,Shaheed Rajaei Teacher Training University
bd4269e2-766f-421e-b0d1-f8b1592ac4d7,University of Benin
02a9f1d0-50b6-4b0f-a695-912cef520830,Universidade Castelo Branco
60bdf3a1-1c14-49f8-b917-788e129b894a,National University of Singapore
58ea243e-fc57-4d56-a0db-143d3f2a3508,Ecole Supérieure de Commerce de Marseille-Provence
ada22db9-784b-4870-9e3a-843ccb84ea30,University Vitez In Travnik
2b42ce50-1dc4-4a6e-b857-db2272fb4de6,University of SV Cyril and Methodius in Trnava
bc2544ae-edc6-4a71-885c-7fcc03907ac6,Universität Klagenfurt
105ac60d-37ff-449c-b1e7-ee83ac860adf,Lviv National University Ivan Franko
af811ae1-e231-41ee-b42e-80ad4a3d072d,Indian Agricultural Research Institute
1012df05-d28e-45d0-bbc7-dde3d6327803,Kean University of New Jersey
59cfeeda-4f11-4129-be90-d910248e0c2e,Universidad Santiago de Cali
f5dcda57-21fe-4b1b-bdcb-386c0dfc02ee,Ecole Supérieure de Physique et de Chimie Industrielles
13fbc2b5-e75a-4562-8bcf-8df44b0244e3,Universidad de Cartagena
5443581c-fb7b-4cb7-aafb-e73b4b8a28b3,Tajikistan International University
60f03edf-bb5e-4448-926b-f4bc6b41a253,University of Sopron
4e1056be-fc9c-4418-94ac-a65d9a4ac3ce,Université du Québec à Trois-Rivières
f89ae9cd-402b-45fe-abe6-d5616264ff69,Universidad Internacional de Integración de América Latina
059bf53e-8066-4c56-835e-e6555ade5ff8,Universidad Católica Popular del Risaralda
8cc738ad-c1e9-4878-ba73-f1529f1062ee,Mount Senario College
0a9fd2a1-dac8-4a9a-b4cd-cf1095bc92fe,Internationales Hochschulinstitut Zittau
179d90ff-d7d4-4037-9323-3ed7c1424670,Scandinavian Art and Business Institute
e29832f0-09f8-4c09-994f-d051bb93e627,University of Redlands
4bd730c0-f622-4c4b-bbf8-df7cfc0ea76f,Universidade Federal do Rio Grande do Sul
a32fea58-f22d-4d32-a0fa-ba2e48a289f3,Universidad de Los Lagos
d5ed9e8b-6f0d-42ce-b5b4-497e6c689141,"Indian Institute of Technology, Madras"
644dd279-b7c2-43bd-aadf-48cb5aec96f7,State University of New York at Buffalo
909534e2-a561-472a-9d9c-3c34da7fd0cb,Cyprus International University
a57e4858-587a-4d01-99e1-c6568c0bd4d0,Gettysburg College
1f589397-8877-42d1-b909-28ebb2091bdf,Universidade de Mogi das Cruzes
f3166c82-68dd-411f-88d1-f822b045305a,Université Chouaib Doukkali
ef0ffeac-5f85-48da-bc00-fdbbd418588f,University of Calgary
150154cb-6fa6-401f-81f4-0e2a9fd2112d,Linköping University
676e8b14-2ca7-45af-875b-a36cb623a95a,Ecole Nationale Supérieure d'Electrochimie et d'Electrométallurgie de Gernoble
0f6d5e94-e1d7-4bb0-888b-08d12853af5d,Southwest University of Nationalities
db91806f-ca8b-48a0-a475-2867f017b5fa,Moscow State Textile University A.N. Kosygin
104a3fe6-ba82-4e53-9616-2d6e49ac48ab,City University of Hong Kong
df9cfa8b-71ab-4daf-8ffe-136466121214,Toyohashi University of Technology
ad013b0f-d13c-402a-9126-c480e6df77a6,Aichi University of Education
9c3497a0-7e9b-49b3-881b-ef78eed2110e,Toyama University of International Studies
81db1601-cce9-498e-9ca3-b90c4dfd1003,Houghton College
6490b88a-8b1e-4c0b-8687-7f8e9c051962,National Aviation Academy
42557274-477b-4511-8442-8db0f47d9bbf,Al-Quds University - The Arab University in Jerusalem
f27c97a9-07ad-40fb-adb5-4b13a4bde6df,Universidad de Ciego de Avila
1eff1966-001f-4ca5-8e6a-ff85f2a95a9a,Center for Humanistic Studies
52cdfa3c-33c5-4c87-a0ed-ccf32d7f27f7,Ho Polytechnic 
a68e27de-4d56-4bd4-a6d8-051295b50848,Okayama Prefectural University
e53b9abc-9bdf-4a0e-b41f-6e25ee42ec43,Ajayi Crowther University
04f94c2d-82b6-408f-bdd8-c182e50624a2,Shanghai TieDao University
a4f3cbf2-7580-4147-8218-404b1e145c4c,Higher Institute of Business Administration
4540aa32-3981-49b3-8f39-23c282db133e,Ohio State University - Marion
70e172f7-681d-4f0c-9c66-86f1b983fb43,Universidad Nacional Evangélica
e321977d-560f-43c9-ac7d-4ccf04d4aa77,Vytautas Magnus University
03288ad5-6673-40ed-9e3c-8569ecc53a13,Kawamura Gakuen Woman's University
46b1a572-8477-49a3-a489-8bdcb2e1f98b,Odessa National Polytechnic University
aaffca0f-72b0-4647-85f6-eb794c1ed8e4,Graduate Theological Union
a38f40bd-0bf7-4231-8d5e-ed632516aeab,Sultan Salahuddin Abdul Aziz Shah Polytechnic
c8b54f05-455f-416d-85b5-2af8535bf1ce,Technological Education Institute of Kozani
94dd8b10-083d-49e6-b206-b3fd97f07f39,Riga Aviation University
8a7ae5b9-6ea8-47d0-8d3a-868fc91f230f,Saskatchewan Indian Federated College
08209024-7e7b-47fd-8048-0451d0824682,Universidade do Rio Grande
c6114656-b255-447a-a178-04ccc63e49cb,"Muthesius-Hochschule, Fachhochschule für Kunst und Gestaltung"
1c0586e9-37f6-4cca-bd7d-23079fef565c,Universidade São Judas Tadeu
b51d6b4e-9e61-48f8-9352-2691e4e03a36,Central Luzon State University
43915456-52e3-41c3-9caf-12bea23bd714,Vietnam National University Ho Chi Minh City
9cc296b3-872c-4df3-9165-c709f127654a,Dokuz Eylül University
d2b36b11-27fd-4196-b4e7-96aed913b99d,Shimer College
13f732a3-2bae-421b-ba01-b311969c18ad,Baker College of Owosso
80376728-291d-49c5-b33c-ccf5e0202f9f,Lake Forest Graduate School of Management
f62170b3-7501-4cc2-913e-57e89e92f848,Seijo University
f88387c1-1c31-4871-8655-6e2a7f0cd0f0,Walsh University
87cad12d-f0c5-4f1b-a89f-a86622ba04a4,Yamanashi University
e2298b29-2c48-478b-a652-43a8b694f528,Universidad de Las Américas
7904fb12-38a0-4899-abf1-12458c0416c2,Kyungpook National University
c544c8b8-920e-4cc2-8876-5a02ba266306,China Three Gorges University
921ef9ce-9f52-466d-8977-b4f8885c5527,Universidad de Extremadura
a10fc6f5-5075-4708-828e-89d4fd89487e,Libya Open University
55ebe798-a7e8-4ef9-9d18-afc2b72b9591,Chaopraya University 
83aa09d4-644f-4060-b5e5-fadc35fce267,Southwestern Christian University
00155526-a35a-4d9f-8a1e-a92a6c48c0e4,Universidad Ulises Francisco Espaillat
28b7af29-9669-4e77-8dd1-4ca05e0a1e82,University of the Philippines Baguio
a09439af-1e3b-4dde-bf38-4fc814d2f890,Darul Ulum Islamic College
5f1c78ff-6ed9-40dd-9d8b-1641c3a1b0dd,"Islamic Azad University, Sowmesara"
0fd8db40-b9c6-42ee-9c4c-52ace57e9aa4,Lincoln University Missouri
01fe957b-c80e-4b58-8a9b-7bc5ca10d68d,"Trinity International University (Excel), Miami"
472dd1c3-d2d6-496b-90fd-84b5c7976c22,Zhongnan University of Technology
78cac887-465a-4ffd-b1fb-802d6a787a8d,"École de technologie supérieure, Université du Québec"
036ce72f-a037-48d3-9644-11461643411a,Universidad de Las Palmas de Gran Canaria
c40cab20-5bb7-4d5a-a74f-df63db86ca07,Danish Business Academy
99b0f89b-a8d1-49bf-a8be-0764747c0469,Universidad Nacional de la Patagonia Austral
778f6691-669a-4164-954a-fbd1f56abf01,Showa University
708eac68-926b-47e8-a2bc-ef8f79e2b735,Universidad Autónoma de Colombia
9810f7e2-9086-4ace-949a-8eccd1968e3a,Punjab Engineering College Deemed University
d05961fb-8943-4a25-ae50-f17b5b5c9b30,College of Notre Dame
db475bf7-148d-43de-92e3-b70d44c30d19,Kurume Institute of Technology
e9dfb91d-cb6a-4eb4-b508-d4b47c1d95eb,Huafan University
55cd45bc-265d-46d2-bf88-6e61d4590762,Universidad del Museo Social Argentino
a513e5ec-a409-4fb1-9801-274e24753613,The Global College Lahore
c9f15174-361c-4449-8245-01ba98f59fbe,Hiroshima Women's University
55cffd59-3b2f-4cfc-a568-ed8c39824595,Linfield College
78c29534-f685-4a2a-a367-80ceaeb24c52,Universitas Kristen Krida Wacana
a3561cb2-54ef-4480-a005-20483c27eb48,St. Augustine's College North Carolina
ae5eff1e-6ccd-4a49-96b6-1e10861a72af,Yakutsk State University
9334ef2c-58ad-4d75-a1de-5d10f76f99ea,Takhatmal Shrivallabh Homoeopathic Medical College
1eefa839-ea95-4608-921e-813ea89fe875,Hogeschool Utrecht
0479b089-e259-45aa-9b1d-09d60ac3e578,National Aviation Univesity
fe0e7512-292e-4841-9074-286e5b588675,University of the Faroe Islands
3c9b43da-6589-46d7-8f25-d20173559a9f,Nagoya City University
c7721324-5c62-4d37-a87c-b72bddddff3c,Pennsylvania Academy of the Fine Arts
f677c555-17e0-419b-9a6e-945d54079dd2,Francis Marion University
27096428-f2e7-4bd3-9888-29c656e18565,Faulkner University
e9d8b34c-f93e-4a3e-b6cb-3ba2003debb8,Toccoa Falls College
b07aa303-26a2-4ab2-af77-8acdde5a680c,Woosuk University
1e236f1a-44ed-4676-969b-84efb5ba83ab,Ivanovo State Academy of Medicine
2c054d11-d19d-4363-9780-894fae87ae26,University of Kerala
281f7e2e-80d4-42d8-8ec2-cccab86985d1,University of Cyprus
72c06f20-7f84-4618-b656-7aa2b334d7c1,University of Waikato
7ccd75a6-539e-40d5-a7dc-a8a8717f60c3,Universitas Swadaya Gunung Djati
e7ba879b-b232-4157-89d6-7706b6ac5dbf,Egerton University
6a42e95a-0892-4102-a6f5-26645bfc0167,Inoorero University
e3b66f51-52e7-4724-bff7-6ff22bfea20b,Kansai University of Social Welfare
be85e071-161d-45c1-9a78-e1fa36b7ec01,Addis Ababa University
a16da690-37c9-4218-aa57-4a77f7883d45,Universidad Autónoma de Campeche
ee5dabb2-bb39-41ab-b0cf-1487c80209df,International Culinary Institute (ICI)
7d4d9863-7987-415a-b22d-c654b226bc36,Universidad Intercontinental
80e7a261-f5f7-475a-ac98-da443fa85b9d,Université d'Antananarivo
f0793776-acb3-41db-8aeb-282e91cdf929,Universitas Bengkulu
f93b2242-af11-4837-97aa-180a0659fc19,"Hochschule Wismar, Fachhochschule für Technik, Wirtschaft und Gestaltung"
c1bbb994-5ad8-4efd-a5bc-5993000295d4,Universitas Riau
6c3ceb9c-b193-426b-9f46-3f881463e6e5,Fort Valley State College
919c9119-e10d-4c15-a3fa-3187ec8badac,City University College of Science and Technology
93584db8-d493-46f9-864d-a2b01ea0cc9c,Ryukoku University
067db243-4679-4a58-94ed-863cb66e86d3,Carson-Newman College
5a8a4136-2ad4-4677-96a8-07fc1f177a8e,Polytechnic University of Tirane
87f05554-123d-4184-80c1-bba06fde012a,Marycrest International University
77cef8f5-d114-4829-a1be-360790cf596f,Eastern Washington University
2408ca6f-0fc6-41e8-b2dd-6e0171d6b60e,The Tulane University of New Orleans
22e9530f-5a43-406d-83d0-597e5ade8a36,Fukuoka Women's University
c0c99469-8e55-4e60-a877-608fb8a106fc,Centre d'Etudes Supérieures Industrielles Paris
804a213c-4cf8-40e1-848a-0bff31565a6f,"University of Wales Institute, Cardiff"
1f10c026-8da6-452f-870a-d0c0a2ace244,Northern Lights College
d951d2c4-078c-4a13-ad28-345436f23ef5,HWP - Hamburger Universität für Wirtschaft und Politik
d2fb2018-e1f0-4044-a4a8-de1b5f14b70a,Hosei University
db4eb21c-4f67-43a3-99b6-606574cdbc66,Huston-Tillotson College
5bf6e486-400b-45af-a9bc-708e4c90f46a,Fachhochschule Würzburg - Schweinfurt
bd44759a-34b9-4e2a-baef-cefa73788653,Central Police University
12017ef3-9d4f-40ab-8956-b1cbf3f0ca62,The College of The Bahamas
9018a99d-5514-4b44-815d-369c9fa954d4,Qom University
90d43e64-6b0c-43f7-9550-cc1393ac4518,Mary Baldwin College
0412c7af-a664-48d8-a114-eae13fddf800,Moldova Cooperative Trade University
acacdae6-ca32-4ff7-a40b-5287004109a3,Southwest University of Political Science and Law
076b3264-3a29-495e-80d8-20633f3b8fe1,Lupane State University
402860ba-bbcd-47c7-818a-de9b3448fcd6,Belarussian State University of Informatics and Radioelectronics
a0315dfc-3771-47b8-8957-6249ca6411a1,University of Bacau
dee629ca-13cb-439e-aeef-477e86af0497,Czech University of Agriculture Prague
5bb79e61-1de9-41f2-88a5-f17fdfe94149,Jiangxi University of Finance and Economics
4d8f1380-1484-4ff8-874e-83ce02b89da0,National Aerospace University Kharkov Aviation Institute
3a6939ac-838d-48c9-89e2-11d0817ef489,Bangladesh University
8f8148c3-2352-43aa-b1bc-a802b904bfbd,Thomas More College
65548cc2-80fa-45ac-a5e2-4a441de9fb00,Université d'Etat d'Haiti
336fc8f1-6fa7-41e9-886d-0fc7ac13d50f,Palawan State University
5475761a-4226-442b-a1ec-a6642e8e9b06,Lagos City Polytechnic
8f694ded-c15f-484f-864d-eecff3db3d85,Glion Institute of Higher Education
d995cc99-93ab-4e5e-8d9f-a387e2254b91,Hochschule Magdeburg-Stendal (FH)
3159a526-0f51-40bf-bce8-18f6960d9be5,University of Hawaii - Manoa
7e4993ca-4914-4562-9438-8b997d2528de,Universidad Señor de Sipán
96e7fde2-7db5-4059-9988-169b082485cb,Queen's University
8aa252d2-2edc-454d-8ead-0b1153a70a73,Moldova Cooperative Trade University
372c691e-c192-45b3-8924-b3845bb8c49c,Central University for Nationalities
8ed28be8-4c28-4e8a-9a37-9c22b7a46385,Universidad Central del Ecuador
7769d690-4534-47bd-8289-a83ffe576cdf,Sinai University
e352f324-d186-403f-a97c-a435585895e4,Fachhochschule für Technik und Wirtschaft Berlin
fa82bcc5-3e8e-44e6-8067-d006cef16e80,Dillard University
c21b8290-d560-474e-8060-fbdaf3f6c3a5,Golestan University of Medical Sciences
7bb33d01-07a0-420b-95a8-874ea52b9100,Southern Ural State University
ca7bce52-cfb6-463b-9219-a979e0ed3421,Technological Education Institute of Athens
0e6af6cb-7f56-43ad-8ddd-0faeefd85931,University of Cebu
ac9cb913-12d4-4d5b-91e1-4a65e27755d8,Technical University of Czestochowa
4597a768-c507-491c-b972-6936dbc537ea,University of St. Andrews
cb460130-e72c-410b-947e-4198e71b9d11,Universidad de Lambayeque
223a9bbd-4f88-49e9-89a0-0c594d596e96,Tumaini University - Iringa University College
01f3bf0f-aa8a-433c-a0e7-91e2ef9a068f,University of Missouri - Columbia
4daaf608-f810-4ca0-b353-167b4a140265,San Juan Bautista School of Medicine
2380290e-131a-42f3-93a9-0ec2affa3275,Universidad Católica San Antonio
1ea56ee2-ddf5-4bde-8a8d-46dd66282024,Azerbaijan National Conservatorie
c2310ce9-ed3b-4bb0-a4fd-802fe739ab81,Hokkaido University
761d7360-e0cc-4b18-9889-bca75b313ad3,State University of New York at Buffalo
f5889bb6-18a4-4790-b13d-b52cb3bde785,Walden University
405bc320-d8aa-4200-b5b7-7e0692d7bc79,Universidade do Minho
a58e56ae-5d91-4d64-bf44-cce5975d077f,Iowa Wesleyan College
bfa7cc11-0b63-4b17-93d8-bf2ecbf2a26c,North Carolina Wesleyan College
32c0fde3-fbb0-425f-b3b5-2113e745c1a6,Wesleyan College
ce6b8e80-ec50-404c-82e2-0fd814cc1dc8,Polytechnic of Namibia
d91750c4-c85f-4c5a-a68e-d4b23e114682,University of Sint Eustatius School of Medicine
34412680-f391-4cd2-a68c-66a62e96a50a,Universidad de Cuenca
ebd4b33d-2cf8-47e5-8ef8-ba00a3a04fd8,National Institute of the Arts
be724998-3dde-4088-8494-326672147a35,Technical University of Rzeszow
aeb61a83-c016-4dbc-9384-9119fb8c7576,University Tun Abdul Razak
5540b18f-ac1e-41e9-b2bf-57db69efa656,Huachiew Chalermprakiet University
841a6ad6-8dd8-4ca3-b71f-57539cf61777,University of Brighton
52e47ee2-4392-4f1c-96d1-d09b597c2cb6,East Ukrainian National University
ee851567-e2d0-4182-b3bc-7d470a2ba74a,Guangdong University of Technology
eefb00ef-7c56-449f-b3bb-8d07be1274ae,Quinnipiac College
d307c980-2034-4aed-935d-441ed1ca7e2a,Technological University (Mandalay)
ab1a1ce8-c235-4add-8e78-79940137b3b4,Botswana Accountancy College
cd173a12-4b23-4886-a2e2-374b8c6fba7a,Université de Nantes
75c124d2-4268-4a09-bcca-256bc314b406,Aoyama Gakuin University
5252ed13-a1ef-4e97-a59d-db88c957d443,Universidad Privada del Este
cafd28e1-e6f6-4ad7-8f05-a131543c8ff0,Botswana International University of Science & Technology
94ec6638-6c82-43cf-944f-fa2931a785e7,St. Andrew Georgian University
0c351ecc-0bb7-43d6-8dd7-0203d92f6fb4,Baghlan University
f88c2c31-63cf-4456-a0e6-6ce65f020e37,Webber College
4e0709c3-fb7c-4170-a758-9eaa2e43072a,Universidad Nacional de Córdoba
95be2ed3-073c-45c7-ad91-5f07afa5aec0,Mindanao State University
195df3e7-2946-4f58-b32a-0a0743065819,MCI-Management Center Innsbruck
a30b8ec8-8334-4bb5-a3c3-e5e2e63802ae,Alcorn State University
acd5e5d8-62a2-4703-8eff-f9329965370e,DIPLOMA-Fachhochschule Ölsnitz/Vogtland
72dff0bc-bf0f-46bd-b187-259e44204ab0,Siam Technology College
06bcb08e-a444-4d26-b47d-bfe97b487ac2,Universidad Metropolitana
61878357-de2f-4c4b-b351-fbf254ca0b61,University of Seychelles
ea1c83f7-2328-4466-9d2f-3ddb28cdce24,Sohag University
5a69eb1d-459e-478d-8eed-24a82e677190,"American University Extension, Okinawa"
f22cf6d3-dd4f-476c-a93f-43ff5cee4356,Yonok University
f01ef40b-d8a9-438e-b621-43baf036c3f2,"École Polytechnique de Montréal, Université de Montréal"
a2155ff6-6420-451e-bbc7-dcd01c0b5e75,"Universidad Interamericana de Puerto Rico, San Germán"
cebfd7b4-694f-462f-81e0-242705393e04,Pontificio Ateneo Antonianum
47fac8a1-9043-4be9-97df-98a5dba52fcb,Universidad de Jaén
76abc400-198f-4e4b-9c90-9f62f12832bd,Cologne Business School
3f0e93de-ca7e-4077-8007-bc1639f5dea3,University of Missouri - Columbia
2e00e8e9-33e2-4e0e-b8b3-c2b27ae94a9e,Universidade de São Paulo
c969c589-fbb7-4a7b-9412-26b5d5c2d176,University of Applied Sciences Rapperswil
14481d21-8f6a-4b64-b25e-4f44dbf084d1,Kamakura Women's College
1abef9a3-8145-4688-aba0-2687c6f82caa,Dr. Babasaheb Ambedkar Marathwada Universtiy
15f85a14-e259-4529-80e8-5460a0fb9f00,Universidad Peruana de Ciencias e Informática
369e767e-d9c1-47ce-8187-081ca7dd8fb1,Hue University
c12b8351-3ac9-4e66-a672-18f7bccfef62,University of Phoenix
aa882ea4-4ec2-4f83-8b93-52dda234a2dd,Westmont College
e59bd0d5-d211-45a2-8167-bf1e5855db91,Clarkson College
be76582b-4341-46a0-9f60-fdfcacea4438,Tokyo University of Mercantile Marine
3af4ab89-8e8b-49b4-99d9-f6a438a6e9d5,Institut Supérieur d'Agriculture Rhone-Alpes
932bcece-4977-4363-86f4-a857ee7a1fa5,Nangarhar University
3c77f9ea-0f7e-4b0f-b68d-df12e29ef2df,Iowa Wesleyan College
779ab14e-47b1-4cde-a219-3ece5479ec0f,Central Baptist College
20b1e820-39de-4259-b048-eef10003a2eb,University of Manila
16ce07a5-11b9-4f4d-8daf-52d5b1181a15,Hankuk Aviation University
3e6801fb-e6a1-45f2-8c98-13275cbc8fd2,Presbyterian College
67bcb1ab-9bb6-4579-bd18-29321ee23b95,Xiamen University
ffd66fac-ff7b-413f-8c13-f9262639723e,Faculdade Integradas do Ceará
ae58fbf6-52ed-42d2-aac0-b17bff3aac3e,Kagoshima University
e3a730ee-e78b-4fb8-95c0-751ed78b5364,Beijing University of Posts and Telecommunications
1d96d64c-179a-49f4-be00-be8f0011ec91,Uganda Christian University
0fb74ea2-75e7-4f2a-a6d9-ce487fd8d1d3,"Goldsmiths College, University of London"
d53912d8-2b3f-4e7b-ad9a-eb3e3def72e7,Izmir Institute of Technology
e1ac1412-f846-4f52-9292-498b456f1fec,Zawiya University
41323ba3-4eeb-46b0-a1b1-abf3f7742149,Afe Babalola University
39a87a6b-82ea-4bb6-b7b7-3f91aeb15aee,Gorno-Altaisk State University
2f2ac541-bf28-4f1a-9e67-8c0e7be77e82,Fachhochschule Potsdam
a3791a8b-f3ba-44a6-98ed-b8f091a1e759,Universidad Chapultepéc
2fce13d4-05f2-4205-9dd7-b54391b6d4bd,Delhi College of Engineering (DCE)
87e7bdc4-b00e-4961-9e08-f37daba31adb,Polytechnic Institute of Bari
cdb32f4b-703c-4ab6-8cff-20530ed5e127,Uttarakhand Technical University
dbc2e714-fce4-499e-8fce-0725a032723a,Pokhara University
17e11037-cab3-4b1d-aa9d-79d3eb47b8e4,Fachhochschule Gießen-Friedberg
94952f5c-d886-4796-9fa4-3d35eedcfcf9,Universidad de Lima
e42902c2-7eb8-4bf6-9666-adeee3a4426a,Miami University of Ohio - Middletown
9b3a9338-04ae-45a9-bc71-9beb5224c7c0,Health sciences University of Mongolia
fffc6ba0-dff5-4863-909f-40cfaf318366,Ecole Supérieure de Commerce de Bordeaux
dff19756-9b51-4772-8487-9301bc901bb3,University of the Philippines Diliman
e5f6ed89-ddb3-4124-bea3-9c3b09af9547,"Islamic Azad University, Maybod"
82849a91-fbce-4939-a176-df058ed131a3,Université de Bamako
02f74107-f90d-4cf9-86cf-8eba7403ff62,Technical University of Varna
29a90096-ec8c-40e6-a43c-5d0c2b762559,Chung Shan Medical and Dental College
a39e4978-03ab-4e8d-93e5-26d56c0b0aa1,Royal College of Physicians of Ireland
91684dee-e986-49d7-8f27-f3685bce7ed3,University of Trnava
3d7083a4-a065-42ef-b675-97dd36fbd5ff,Northwest Polytechnical University Xi'an
187f1515-ad9d-4a12-93f7-3d05bbb558ff,Heilongjiang University
1092468f-4a57-47ba-8c25-c710e59bb442,Chongqing Normal University
92a27656-a30f-44ba-8e85-0e18c042eb23,Paul Quinn College
9f1e19f0-3d08-4226-acaa-0e656c6c456b,PSG College of Technology
d3a3d171-5ea1-4f97-824d-a516995580ef,Tohoku University of Art and Design
91b9cc56-cc08-4dad-a4c5-c13d3443b6d6,University for Humanistics (UH)
3b45df70-5927-40fd-ba4e-2613ea0eb6a9,Universidad San Francisco de Quito
32cc40d7-5028-45cb-8412-b3011cb623a4,Hochschule für Technik und Wirtschaft Dresden (FH)
882ad025-98e4-4bfa-916e-53be27fb09b4,Yonok University
1e3ca41b-024b-4890-9279-a16205201ee0,Cumberland College
d2169e5a-79b3-4d5b-857e-565850b84462,Southwest Petroleum University
6c188d93-f3bc-4f57-9a03-fb0ad9d952d8,Free Will Baptist Bible College
a6827f8f-3426-4d56-9e97-bb911def41be,Sherman College of Straight Chiropractic
d2ae4836-1ef2-4274-aad5-b6d99019ac80,Tishreen University
22cb9a85-1bd4-4784-a164-5727f78c567b,Hakuoh University
d25a4fbe-4547-4773-acb8-0badfe22ec96,Spalding University
c67b8768-6662-4945-97b2-f2c6a58c7a3f,Saitama Prefectural University
e761fcda-610d-4203-9a40-044fa6e6eb78,Mansfield University of Pennsylvania
1925ff0d-8c52-4edf-ae9c-ae16d701c9e1,Shannon College of Hotel Management
62a65239-9551-4680-9d2d-0e9d8b3c9efd,Vladimir State University
724b6990-8740-4f49-a9d7-523040ccc9fa,National Taiwan University of Science and Technology
af247381-146b-4d60-ba4f-9dd9be5fc2f4,Oakland City University
760ba036-28a7-442a-9e14-b5d1026d5ad7,College of Charleston
36767f51-3eb8-475a-93bd-150754345aa3,Cardinal Stritch University
3eb46b86-4bc3-4f27-adb4-ab8b9e393af4,"National University of Ireland, Maynooth"
40337a30-115b-42b5-aadf-f35edc6e0afc,Aoyama Gakuin University
679f836d-4458-4494-b6ae-9e006d5c4bd7,ARYA Institute of Engineering & Technology
c2d65350-e274-4fe3-94e8-185463f6fa01,"Institute of Teachers Education, Kota Bharu"
a0feb77a-74cc-439c-8f9a-e716163f6b08,Glenville State College
6ac2dd68-6c8d-4fe4-808a-eec73c24f6c1,"Islamic Azad University, Central Tehran Branch"
e5cba990-e4c0-482b-8ed0-2d8cfc8e706e,Ecole Supérieure de Commerce et des Affaires
7e7be622-6a42-449a-bc27-d0f41bfbc4ad,Southern Medial University
d17faa5a-11b6-4931-b7a0-6e40cea69b77,German University in Cairo
acae73f9-9d52-429e-b67f-99acb1c450ff,Athlone Institute of Technology
3f50b14c-23b3-4f66-8b5c-9e406f305d54,University of Reading
8399c853-acc0-47e8-8fb0-276aaef040d6,University of Iceland
1768f5a7-6295-4c53-ba4d-b11d4c30ef4d,Guangzhou University of Traditional Chinese Medicine
51526810-a750-4088-80a3-bee41670333d,Warnborough University
edeaef57-204f-40a8-bd6b-cd4634f30b5c,"International Islamic University, Islamabad"
96a51ca3-77bb-45c3-ad7e-099f1fb6779f,University of Kuopio
d758ac57-43dc-48e4-87df-92629c33c407,Korea National Open University
5d68a6f0-e738-49b7-a75c-e647d4f77693,California Institute of Technology
1f32b20f-97b1-4e80-9459-8fa21042658f,Ivanovo State Academy of Medicine
762017cd-6327-40f4-bd69-6be0dbb42e3b,Maryville University of St. Louis
fe68c3d8-de23-49a5-a737-d80ecca9c57c,Universidad Empresarial Mateo Kuljis
8485057d-79be-420e-8893-9c2f2ed75707,College of Nursing and Allied Health Scinces
e0203e06-6a83-4ea1-bd90-c81792670cf9,Victoria University
5be27286-89bd-4e6f-a85d-bffb96a73951,University of Medicine and Pharmacy of Cluj-Napoca
72131f56-4df8-46fe-999f-e6b0298ef59d,Alvernia College
236ef4f6-422c-4d91-88e3-2f4462877ea4,Tribhuvan University Kathmandu
769eb493-d611-4b73-a778-5a8942d16f00,College of St. Benedict and St. John's University
8cf0f396-ebc2-4ce8-b7d5-afd58937e3b7,Webster University North Florida
b96a651f-ae7f-433d-a7f2-f4b55fe8d4b3,Semmelweis University of Medical Sciences
564f7c44-234e-4fc2-bd66-377fa7ec8bb0,Universitas Negeri Makassar
02bc1c98-2597-4538-a67d-b2787f1f6967,Constantin Brancoveanu University Pitesti
2afff207-d31e-4b16-826a-1329de7f7ff8,Universidad La Republica
d19962da-932d-457a-8034-eab1ccad854a,Fachhochschule Stralsund
d4b5a109-d34e-4047-92bb-8fca4991df04,City University Programs in Bulgaria 
4016d965-d901-45f9-8d98-d9386abf1c2c,Tokyo University of Foreign Studies
7ab4f8e2-48b4-4632-8a6b-0c8ed86e2f1e,Maria Grzegorzewska College for Special Education
06c9d2bc-a944-490a-8719-908eacc2019d,Shumei University
8999b2c4-ea7c-4f2d-858a-2e13683cf90d,Universität Bielefeld
df2084ef-e15c-432b-ab1e-0e4bf70a5178,National Open University of Nigeria
297d8b1c-2aed-4a1d-a8f4-c62a25f31c3a,Université Quisqueya
c1103acc-a319-4817-879d-ba12abef892e,Universidad Internacional Menéndez Pelayo
3ca9e9f2-c0a1-421c-952f-30bf6f6d69a8,Universiti Tenaga Nasional
ddca3d79-0005-467f-aff6-ea11997158e6,Ahlulbait International University
594158a9-6c81-4de0-97e7-36c126500ab1,Vongchavalitkul University
65da0098-bf7a-42d9-8afc-af9d856e3e33,Daemen College
52a16837-7d9a-4b4a-80f7-2e43ef6d2f1c,Webber College
17b8573b-e216-473d-acde-1e16274ad9b6,Takachiho University
c81e379b-f18a-4578-ba91-570d713949cc,Taejon National University of Technology
f4da879f-f1a4-41cf-9cc3-b50d1050c4e3,University Konstantina Filozov in Nitra
a5d7138a-4a9e-40f3-8f31-c50de82cfb8b,Fachhochschule Augsburg
fc670955-a64a-4dce-8e6f-da87376dacbc,Philosophisch-Theologische Hochschule Vallendar der Gesellschaft des Katholischen Apostolates (Pallottiner)
32a4df9c-1cf9-4324-92f3-d858188d3c5a,Ecole Supérieure d'Ingénieurs et de Techniciens pour l'Agriculture
65554620-9d6e-45c8-b26b-63a055d9aaee,Chongqing University of Science and Technology 
c65560fe-4ac3-4a3d-9d47-c42a262bdda0,Intercollege
4cbc92d0-e082-42e5-8156-efc392339a6a,Ocean University of China
1d2a1fe7-59b0-41b2-9e94-9ea29b19b094,State University of New York Institute of Technology at Utica/Rome
afc294db-6f8a-4395-be45-05bb96b23836,Iwate Medical University
a2ac906d-50ab-460d-8d2f-cd9529dd9571,Bellarmine College
0b02c79f-e6f0-4171-b8d9-cca14c363757,Universidad Yacambu
a79a3661-8d34-40cd-8b5b-3494294acf52,Universidad Privada Juan Mejía Baca
d9dc4818-ea62-4f5e-a83c-d8d2d7a2d34d,Universidade Estácio de Sá
15fee4fc-6818-4dfa-b6ff-25da590b9fef,College of the Holy Spirit
618eea58-c3b4-49cb-b26a-41d557ce64a3,University of the Western Cape
b762233c-adbc-4fe5-8e9e-4db7296edba8,Acharya Ranga Agricultural University
600cf627-8929-41b1-a94b-cf0046e2fdc2,Trinity College Connecticut
0ed04d73-19b4-43cb-9a72-e959992837a5,High Point University
fad007a1-af4a-48eb-beb8-7a4dc99a4b2c,Murdoch University
bec56523-d1ae-4b3b-85f0-68612a8d185d,Eastern Virginia Medical School
940a1297-9288-459c-9a73-a4f0be1cece6,The Manchester Metropolitan University
9d47f547-3696-4965-930e-9a533f86c360,Institut Prima Bestari - Pine Academy 
5fac5628-e83f-41a0-809f-3bc226e70172,University of Johannesburg
18d90414-0194-41a6-a0fc-7b9ebff473ea,University of Neuchatel
91e99bbe-7207-43e1-bc30-4e47b6cc4714,Pennsylvania State University - Milton S.Hershey Medical Center
9d2ea185-4179-44e7-a3a0-c9744988e444,Universidade Independente de Angola
3fb0ddd4-9c9c-493c-9913-2966f7ad49dc,Massachusetts Maritime Academy
6dfcf659-96a1-4f61-810a-e2507bb02697,Shenyang University
93772fb6-f080-4a9f-8959-feff7dd0b516,Fachhochschule St. Pölten
3a986fc3-7b72-4ebc-b191-9fc03d70d7c7,Princess Sumaya University for Technology
73190f38-7a2b-4147-be13-5ddba2064af2,Kota Bharu Polytechnic
d9659cda-6bdc-4994-ab5d-50e0c47977df,University of Seychelles - American Institute of Medicine
5bcbbb0c-ff51-4ffc-9aef-22b4fc0fcedd,Hemchandracharay North Gujarat University
eb2fe906-7c36-44ce-aa4b-6447fab72c18,Indiana University-Purdue University at Indianapolis
063cf984-618d-4f06-8ee5-18ef555144d4,The Federal Polytechnic Offa
68ea0d2e-4043-4b6b-ab59-771d8191d663,International School of Business Management
cf031af8-2880-40bd-9abc-a1cbd41e8a6e,Daystar University
5d685f29-1aa2-46b0-926c-c63f9d438530,Northeast University at Qinhuangdao Campus
1b854739-9d73-44d0-b345-ebbaeecc5d80,"Instituto de Artes Visuais, Design e Marketing - IADE"
9e3cbd4f-6974-4587-add5-c1b051823902,Liaocheng Teachers University
95a1b08c-bb18-45e6-8757-f210ade7b932,Vlerick Leuven Gent Management School
c753707a-ca31-40a5-ba6b-f24b19c9103c,Ecole Nationale Superieure d'Informatique et de Mathematiques Appliquees de Grenoble
e559a0bd-54db-4c24-96a9-2431d774e9a4,Montana State University - Northern
e2a09484-1bb3-4aec-970c-90600c53c2bc,Lutherische Theologische Hochschule Oberursel
7f0ae0c9-a733-4e0f-b329-cc5cf66fafbc,Christchurch Polytechnic Institute of Technology
f3fd8203-9692-4871-bf5f-6db925df46e5,Instituto Politécnico de Lisboa
256f166d-271a-483b-84af-52c14b32d727,Universidad Rey Juan Carlos
85a27d8d-174c-4644-a6fb-68d6569c3351,University of Uyo
5d08a753-cde2-4b53-8f90-299c0bdbc66b,Hochschule Vechta
96dddef5-40da-4242-b8fb-24992e78734b,Qufu Normal University
88dd60d3-1be1-4cb4-9cd7-969f5fd3d367,Graceland College
04bc7d65-9f92-4e31-95fc-0417b301826f,Universidad Intercontinental
8f6342ac-ec96-479c-a729-1a92c4371612,University of St. Andrews
67e680a2-8f65-43ac-9405-7a2b0bafaf33,Fachhochschule Wedel
3c1de375-783b-4c8c-a5cd-5321496c0fe5,Linköping University
ef89f2a8-282d-4ed5-b898-ab375f272b5f,Iran University of Medical Sciences
a4592529-7ec7-4d81-abad-0557edf293f3,Université de Dschang
712c103b-887b-4136-8832-f247910289fe,Takamatsu University
8a9e1c8a-2bf8-4914-999d-259be769597f,Gulu University
c6275e3f-09e9-4c46-8383-f33fdfe351a7,Universitas Lampung
0b62d599-c8b7-45d6-829c-1f69f36fc261,Evangelische Hochschule für Soziale Arbeit Dresden (FH)
18fd0759-f90e-4da5-84db-a2514dd17911,University of Waterloo
ecc3b892-db01-4703-835a-cfaabe577d74,Universitas Pendidikan Indonesia
d4be9a68-bea8-425d-8bd4-83ce79522bec,Université Lumière de Bujumbura
fdc1a8de-6a07-4403-bba0-089f7846229a,Viterbo College
96d16262-2884-4ee6-9dda-985de7efb878,Universidade Federal de Goiás
e172861c-5b4a-4b20-9b42-ecd72a83780d,University of Surrey
53c1628a-2654-457a-bc5b-f877fd4c29b9,International Academy of  Merchandising and Design Chicago
850cdbf3-a616-48a9-abc0-a49204739dd5,Dong Yang University of Technology
fda83d9f-b457-48d2-af3a-5a9e0388aa1d,University of Birmingham
fa888b0b-c4e3-4a32-b3ed-6d8b46c8de37,Reformed Church University
99bf5b32-0aa5-40b7-a1d0-3fa21dcdeaaa,Universitas Dr. R. Moestopo
69ed296f-243e-4040-8e1d-7d68773309f2,Water Resources University
0e20376c-c6f7-44dc-aeeb-6151df903add,Indian School of Business Management and Administration
01fa6849-3f19-440d-8225-3f905bda531d,Brest State Technical University
3d58807e-ab74-47d8-a5c5-ad634595222a,Institut National Supérieur de Formation Agro-Alimentaire
ad416f1a-4aa9-4647-ae8b-c8a0a318074e,Nalanda Open University
30261540-7533-4056-b1da-6438b8e0cdf0,University of NorthWest
7409407a-7082-4e4d-8860-a67a3189d021,Rezekne Higher School
c025066b-9455-415c-bf6a-8b20784add6e,Universitat Internacional de Catalunya
697005d7-5a69-4e74-96b7-a78e4e8c9dcf,Universidad de Colima
e60ff303-c633-4c46-bce9-2ad5903db5c5,La Trobe University
efa47b9b-378c-464b-8972-2ed77df4bebe,Acharya Nagarjuna University
29a37b6d-3feb-4093-9568-0d7cb22dfdd1,Columbia Union College
84de0fb0-6c29-4b73-98c8-bfc44ffb9159,Fachhochschulstudiengänge Krems IMC
285a0777-ed57-423f-afc6-b5fa6fd92d9e,Belmont Abbey College
b7a756d7-23a6-42ad-af38-4c75d7e1b338,Universidad Católica de Santiago de Guayaquil
9672ae34-a8c9-4477-a2e2-226003190b82,University of Jos
5a8a5d4d-8778-4b54-90a7-12ec8a921e67,Shanghai Institue of Foreign Trade
30993ca4-9be6-4b16-b110-d1eaa253672c,University of Kansas
798178a2-d255-4c72-ae95-3723f6e2ca77,Philippine Women's University
257f2f8b-7061-48df-9555-1de9f262f20f,"Islamic Azad University, Qom"
6476eacf-7f39-47b0-b34a-163bff89c5e1,Zanjan Institute for Advanced Studies in Basic Sciences
63d60ad6-007c-4e27-ba7f-326fa3454f51,Mongolian State University of Education
c13796ff-7b4c-4933-907f-e87bef29c052,Universidad de El Salvador
6c7a1849-e867-4f82-b3d8-1e610405ef0d,"Anna University of Technology, Tirunelveli"
426a88de-e5d9-45db-91a5-ffd305527845,Chaudhary Charan Singh Haryana Agricultural University
7db23177-283b-4dba-bc99-05df21a962dc,Universidad Olmeca
9c19f8b2-0dee-4ee8-a74c-31b76831b5fd,Altai State Medical University
c5653f2d-da79-4bd5-b850-18e4cd94281f,Anhui University
76550e06-9e09-4db4-90dc-95439bb34450,Global University
7286ffaf-1d18-4db8-83f1-f22ace56ab13,Gifu University for Education and Languages
e85a59fd-936e-4062-9364-f1308ff7802c,Tokyo Metropolitan University
5de719ac-fa27-42c4-87a7-5dc7e6996f76,Moscow State University of Culture
e96c124e-10d4-4537-97d9-a41fd3f4bd3d,State University of New York Downstate Medical Center
fbd90524-2066-413f-8edd-3b1f04328223,Espam Formation University
e12f3754-7cdf-446b-a6f0-f8c9b7e22011,Obninsk State Technical University for Nuclear Power Engineering
fecf55d8-0710-47fe-baf4-efa46b553129,Open Polytechnic 
8b075ca0-7436-4662-8b3b-ee782bc3d095,Mohi-ud-Din Islamic University
5bc97192-7868-4997-b17b-98c638f5f94f,"University of California, Santa Cruz"
a1527df3-7a4e-4063-8706-2557e6427e76,Bangladesh University of Professionals
123121e3-3f4f-462e-97a6-00509853c66b,Campion College
6b717f45-2e66-461b-8bbe-8055b0e4e661,University of Saint Joseph
bc0cb0fb-63ea-47ad-92e8-72af6ea16bae,University of Anbar
899fe840-563e-45df-bcc6-c7567cf72d09,Shaw University
cff32448-91ec-4d63-84c8-a630abfea046,University of Zululand
98878045-aaca-4f9e-9194-b5304e6b1d1e,Grace Bible College
33ff8d52-6455-4569-83ed-81a74ed9374a,Savannah College of Art and Design
67b5f6b0-93a0-4b58-a352-b7acb6c66628,Universitas Airlangga
a2490c3a-564c-4068-8560-5e3cad70a257,Universidad del Pacifico
8fd731bf-907f-472a-a4f5-d37b4219a858,Vesalius College
57113aed-6a1e-4185-bd3b-a4ae718941d0,Shiga University of Medical Science
4c370677-8029-4d42-82c4-152d81361408,Rajendra Agricultural University
a9b3d9a1-f55e-417d-b7db-322aa798d60b,Universidad de San Buenaventura Medellin
0db19148-5f05-40b9-8c0c-dbe10ea6a034,University of Hargeisa
ab53e849-cb6d-4671-a803-acb5b2a64fe4,ICI University
bb5f46ab-41f5-4b66-99c9-47f935874cf5,Takasaki City University of Economics
4b7c953d-8023-426a-8901-285d577ffe2e,Salam University
7249912c-6dfd-4d78-ac4c-388a13b49ddd,Wittenborg University
a75957df-cadd-4a4f-a14a-1c26937a0e1f,Ahmedabad University
ceb7d229-75bc-4e3c-a015-aede2f2b85d4,Tokyo National University of Fine Arts and Music
af6a772e-48ad-4a8d-bf97-c59a1a5ec656,Claflin College
3179adf3-8890-4168-ac33-60adb3b6a7bb,Polonia University in Czêstochowa
03b9ccb7-d274-4455-90a5-2e26afd4bdd5,Old Dominion University
bdb95d67-22cc-4065-94d9-0c33cec9f355,Nebraska Methodist College of Nursing and Allied Health
e6c46e7f-b49f-49db-9a16-c7a16f1e8f50,"Universidad de Artes, Ciencias y Comunicación"
fa00a1cc-2897-4534-93f5-2ab87102287f,Universidad La Salle Cuernavaca
57a4a445-e44d-4e20-be0b-ac9ac1193adc,New England School of Communications
75c457da-3c0f-4704-ad20-e375b2d610cb,Tokyo University of Information Sciences
c216e474-9511-4d1a-bac0-fdd047d5d530,West Virginia University
b164d699-b7ff-4011-b57f-0142d62fe570,Palawan State University
6f6f2799-26e3-4e66-a65e-82c19f0d3c66,Université de Bandundu Ville
845fe9ae-8e8f-4634-b6b8-ba0570208db2,Prince Sultan University
fa3c80da-f529-4900-8cab-50c0e993a128,University of Akron
7a7fd6b4-862d-469a-a0d5-c8ee2b7cf61e,Staszic Pila College
ebc20837-b1ff-4c2f-800f-993cee146506,Muhimbili University of Health and Allied Sciences (MUHAS)
0948d575-e48c-487f-9fbd-c1a3d1a60811,Southern Medial University
ffc25930-d670-433e-8109-b3b13f82194e,National University of Kiev-Mohyla Academy
24ce73d6-5dc2-4c99-8022-fb376b296630,Chalmers University of Technology
d3b5021d-c8db-4b0b-8ed3-d8c071fd56c1,Macquarie University
c83ae6f8-9e4c-450e-9048-c1b378c0d93a,University of Southeastern Philippines
025c8b26-0a6c-4523-b5b5-0e1065e66b6c,Brickfields Asia College
00f468db-1049-4b95-8dd2-fd11b901cd68,Shukutoku University
9dfbf0d1-5ce4-40b0-b8fe-5aea310587be,Jacksonville State University
5cd89d1c-0a3f-437f-876b-5230a1622aa6,Manhattan Christian College
03c9c4b7-12a9-4d4e-9a4d-fa21b52f7f20,Meiji Gakuin University
ba72b4f3-a0aa-4f7a-9007-e88d800589b6,Shawnee Community College
7b4c6c06-b2b8-4db1-803c-a818bfbb400e,Shinshu University
b2d8cc4c-9c04-4d9f-9255-3be21a1a40e1,Siena College
9b668ce0-bd5d-4f68-a41e-c0ed56b33049,Murni Nursing College
5e6e0c6b-c314-47bd-bf0c-8e0d33f0221c,Asbury College
6d0c0c44-78e3-491a-b5aa-c038e2da9278,National University of Kaohsiung
8e6b6217-4235-44df-babf-7b62315f68f8,Hirosaki University
57f9b6bb-d91f-4ee9-8434-60f38c1c5158,Universidad Lasallista Benavente
41512db7-01f1-4fbe-a819-bc6f35edfd23,Theologische Fakultät Paderborn
0cfdf920-6e60-48db-b0f7-767c7724936d,"Concordia University, Austin"
524c5647-df38-48e2-98fa-0b7f898d9281,Bloomsburg University of Pennsylvania
a2789496-3fed-48b7-b5de-25c0a01b9c9a,Southwest Missouri State University - West Plains
a676a293-b3f0-4ab4-900b-6b7a7358eed0,Universidad Cientifica del Sur
df785b4f-0c1c-4eb9-af58-a6bf270bcf45,Erskine College
42b66175-7a18-40da-ae75-59f766a4ad4c,Ohtani Women's University
d810f0d7-abb1-4bb1-a023-0dbb11b27174,Escuela Politécnica Nacional
beaadc03-600f-4f66-8b69-8ee8219c3eb2,Cameron University
5dd9ffbe-ceb9-476f-a9f1-9aa116e0397c,Universidad Alas Peruanas
2f2852b9-4e79-4847-b92b-18d1d1036da9,Otemae University
529e8981-233e-48fb-b307-87de9ff53534,Universidad de la Fraternidad de Agrupaciones Santo Tomas de Aquino (FASTA)
382aab68-fab8-4eac-998f-8132d20354d4,KASB Institute of Technology
4a39b4cf-c837-4b6b-a0a1-1bc0831d3d4d,Technological Education Institute of Patras
a1ff6e2c-b4ae-4323-940b-531dbbf98ccb,National Taiwan College of the Arts
8b15b18c-72d3-4f36-b7ee-9c92f6d5c6fa,New England College
7fe65c1a-eb1d-4fba-a348-ad6c8b091173,Huazhong Agricultural University
35999397-f358-4d08-b942-359ba1565ac3,Assosa University
a73637f7-5e6e-43b3-87bf-f2d9211b4e3a,Universidad de Puerto Rico
e246ca08-477f-49bd-ad05-425ac0bf572d,University of Kurdistan - Hawler
1150472b-bd50-4247-a08d-78099d7f1314,Hobart and William Smith Colleges
40b791c5-6d4e-4818-9702-6d0b15c6bbca,Guangdong Polytechnic Normal University
1256b2ea-acb5-4947-82e8-df818552689c,Academy of Economics in Wroclaw
1fa185de-9b58-4fe5-9d3a-9d885f099cc4,Musashino Art University
d6dc91f7-0b2d-4ad9-a701-83a377b00027,"The Maryland Institute, College of Art"
4cf0b6bf-6c60-4335-88b9-ca40e79df886,Virginia Commonwealth University
b17cbdbf-bcdf-4e27-b6fc-12725239e265,California College of Arts and Crafts
5e683d1c-6a19-44d4-80d6-608e74e1b8bf,Shanghai University
80a241ab-310f-4158-bf7b-0edb772b56be,University of Texas Health Center at Tyler
e5902cfa-e3e7-4502-9d9d-b5856b2d4a13,"Davenport College of Business, Kalamazoo"
bef253af-5f86-44f1-ac78-f1b57056e435,Oakland University
facd8783-37cf-4886-b7fd-3d7d4733faed,University of Veterinary Medicine in Kosice
abcee403-5dad-4ba9-bdd2-766a15435c13,East-Siberian State Institute of Culture
0e836ef6-f79a-44ea-acc0-efb00070da35,Universidad Técnica de Babahoyo
dd6d5135-2703-4501-978d-9a2588e871f5,Tamagawa University
eecd92e7-435b-44ad-9e7d-3af6050fbe79,Vaganova Academy of Russian Ballet
