id,title
62e549a5-9738-4b36-8ed9-b642d4f5c08e,Digitized motivating portal
4b3139dd-246c-4881-bbcf-b1a176806d8a,Synergistic cohesive matrix
3b50942b-e86f-4e60-b5fe-52227db37ca6,Stand-alone analyzing forecast
3d5a5c24-9a99-4108-9da4-08046ba3b469,Reverse-engineered mission-critical model
636de7fc-3fd4-452e-995b-6f539950891b,Universal attitude-oriented utilisation
fc8efd17-9bdc-413d-877d-43a2cb23b9a8,User-friendly well-modulated forecast
cc315881-d040-4f31-874c-257b05dd0aac,Open-source contextually-based architecture
263ac0d4-4983-4df0-a3b6-c4fe52a7036c,Multi-channelled regional synergy
9c06dbd6-cbc5-4ae0-a7b5-507b2a591628,Phased real-time data-warehouse
54f58984-88db-485f-869a-5e4863b857f3,Organic reciprocal matrix
face426c-2c39-4722-a56b-3c51a2f54238,Advanced zero administration model
45c43f26-607e-4141-9d6f-0f3670d841b1,Innovative human-resource adapter
10e40c98-1ebf-455d-8254-66c134a2b67b,Re-contextualized real-time alliance
0b585fd5-7ea5-445d-850b-363477c90021,Devolved zero defect alliance
9e970cd4-de3c-4ffe-85f8-cf0305872c17,Customizable actuating middleware
28da300d-8483-4960-9918-e46536704f1e,Universal zero administration moratorium
f156646a-4fe3-4c37-88f2-13898fd3b0be,Front-line transitional paradigm
a6baf4f9-0528-4f2e-bc20-6f5270c4d19f,Customer-focused directional encryption
211e42da-b895-4666-a3f8-a7c733a7c74b,Re-engineered even-keeled policy
65b7949d-91e8-4e2c-b162-650b8b1b9ee9,Cross-platform high-level groupware
4bad72c0-c371-40ad-a49f-076cd283bb71,Customizable holistic structure
0bc9d34a-0ca3-47ea-b63b-227553d84d54,Synchronised context-sensitive application
3ef3307f-21a8-4a61-bd3b-2410c7037783,Ameliorated high-level hardware
06c1b09d-596d-4415-a1f0-150cf325e84d,Function-based executive conglomeration
e6ab9ade-b05d-4d43-b5e7-b8898ce58f9e,Synergized dedicated encryption
48484cd7-a93f-4651-9b7f-331101f53410,Assimilated tertiary throughput
3909de11-5c0c-4ba7-83ee-50c33f17c63f,Proactive dedicated knowledge base
768a1c0d-0b6e-412e-a335-879d91b3b4f1,Quality-focused fault-tolerant core
9a12305d-c050-423a-b320-f66e43586cfb,Reactive client-server process improvement
9f273913-8e2d-4b2c-8531-e2401229957e,Monitored leading edge process improvement
da205510-07eb-462b-afb7-224596899a40,Operative neutral adapter
739ed7a6-3f7b-4948-aab3-d126a5de67c3,Fundamental dedicated adapter
8a91685f-ee62-4814-a315-ffee25ba67db,Decentralized uniform initiative
a8ce8602-7ced-48fb-8eb0-572a57f9f0b0,Managed interactive process improvement
c3828e27-1af8-4160-bd2f-242506c9b0eb,Upgradable discrete core
82703cca-56eb-46ef-ab1c-63748b669776,Persistent multi-state help-desk
ba98c5ea-c6a5-4c96-8521-896fd2c40622,Ergonomic client-driven service-desk
e53c6a12-0847-4cfd-bee5-eb2143893793,Intuitive well-modulated benchmark
b153ff75-3e37-4747-943c-70e9738443f0,Innovative clear-thinking groupware
d3a5027a-e0d8-426b-bd0b-bf46dbc39ae9,Advanced methodical framework
ab8980d1-f47f-4443-9bb3-825af27bfbd1,Open-source fault-tolerant analyzer
3abec6f8-29fd-49ed-8326-c3bd2401f9e4,Ameliorated context-sensitive process improvement
35d2da4c-b167-4f35-98a4-2eadc0cc1a80,Upgradable clear-thinking capacity
8f281986-c4f0-4e21-aa05-0a97e4273004,Secured coherent alliance
42d0bff9-0432-4faf-9110-0bc488bbbce0,Ameliorated radical service-desk
c2bf373b-d0a8-415b-a98f-d0c80ba3abae,Business-focused tangible hub
bb4ab45e-007c-4ae7-8bdc-70e232a41956,Implemented explicit analyzer
931839b9-7059-49a8-b572-f80a74f521e2,Quality-focused coherent circuit
b627c81f-a2b2-4814-af4a-9cc0c293655b,Balanced fresh-thinking emulation
362fe677-c6e7-4a8b-8236-043695a895c5,Diverse non-volatile middleware
c6452ce8-1e4f-4bdc-bb87-a6eee8b3c902,Adaptive modular migration
6ed76b50-8c33-4408-ae37-46845262a909,Networked motivating standardization
c7c2047e-a348-460f-a512-68f027719cd1,Cross-group interactive architecture
b655721c-db04-499c-8c01-9cd03d41f1ee,Seamless local flexibility
4242036a-d42f-4c7e-82b9-349e8eb15369,User-friendly bandwidth-monitored software
43bf8477-3ed3-495d-b808-991c00fb2857,Visionary dynamic system engine
d50ebec6-834b-438b-a623-0f1cc43751a6,Distributed actuating hub
8d155bab-8159-44af-83bf-9e86de2da325,Versatile real-time customer loyalty
3c9ee1d7-8e82-40ce-97ac-11808d93050d,Reactive cohesive alliance
fdabc021-ffc5-46f1-97d4-2636736105a7,Re-contextualized dedicated leverage
6a3471f8-9682-40e4-a3e4-f0a525682299,Diverse actuating focus group
db49e79e-603d-4dec-9927-4df65ed4c412,Upgradable zero tolerance budgetary management
614c9e89-401e-443f-8775-cd68834ed40f,Multi-layered systematic moderator
28dc2aee-9cee-45c0-94f4-445c0f2272eb,Persevering solution-oriented moderator
096a899f-751a-4e27-816e-0a0e85f1fadd,Innovative full-range function
8d1f6ede-72e8-4da0-bbe9-b1e4e15a245b,Mandatory 24 hour migration
3f79188a-56b5-4e1c-8a1b-5256ac1007b6,Integrated 3rd generation migration
859b09db-39bc-41b7-8c05-a4d62fa8cd0a,Polarised client-driven structure
7dfdca8b-57fb-437e-a2e6-4a3dddbfddd7,User-friendly dynamic website
839c4432-36ce-455b-8d8a-ece2a0e9f0af,Vision-oriented global leverage
04093d98-3897-4289-9067-9fb37f28dfec,Horizontal dedicated installation
a3aa32be-e62e-41f3-8434-1c9b03994a0a,Reduced human-resource internet solution
53ad62b6-db72-4ef0-95a9-0e61e68822eb,Down-sized global matrix
01958776-86cc-4930-b669-db100dceb26f,Mandatory dynamic task-force
4713d1b7-f391-4bd2-a6df-0149b7ada009,Profound contextually-based groupware
2aad73c0-28f7-4989-bcc5-a48a77ef70c0,Customer-focused multimedia frame
101039f4-8a01-44bf-bdf7-ed3e675b73a1,Synergized object-oriented algorithm
4800cf13-5833-4db6-80e4-392373428220,Polarised analyzing core
3d14b843-20bf-4d82-8d48-7892d261582b,Function-based system-worthy throughput
e50fcbf3-8976-42b7-a9fa-a64919532cd1,Networked tertiary array
6fc0ff08-1ffa-438f-9786-5c8d477c4ecf,User-centric discrete moderator
f2998f74-0ac1-4e69-a021-19529878e7fb,Pre-emptive discrete focus group
846609ae-f964-4cf0-bd55-08eaad3bd8bd,Stand-alone 5th generation analyzer
3f3be6ae-58e1-4358-a869-5e97fcd9aa6c,Sharable incremental extranet
4f97423d-24aa-470c-9f56-5e1c2193073f,Robust 24/7 initiative
3a6d7bdd-95ce-4a7e-9a38-1c5c1b81f9b1,Managed 3rd generation focus group
00e3d508-9e68-43d2-b053-2a455f6beb7b,Multi-channelled directional challenge
71cfb33f-d675-44e1-ad09-c54214148c4b,Cross-platform even-keeled paradigm
7a83d92c-6215-4cd9-854d-d79e359faabd,Reactive 3rd generation leverage
fbc56b79-309d-4878-8a6d-60a73051b274,Grass-roots 4th generation standardization
15e17659-94f4-46f0-9c8b-3764f5e0a95c,Innovative object-oriented interface
24538251-17bd-4264-8f6c-659327ee78c9,Cross-platform holistic structure
62e188bd-f72f-457e-a8f4-48abc01591ea,Object-based intermediate throughput
4977debb-27e4-476e-b6b0-5e956e7b4b9a,Down-sized mission-critical throughput
42b50178-88d9-4d3d-9300-f55902067c42,Advanced exuding model
b8f09335-1417-4576-9671-8b30f514bbe7,Persistent neutral toolset
8212e6f5-d1d7-48db-9489-61a8e8b52800,Multi-tiered dedicated migration
9c99b03f-afde-48ad-a00e-27d4deaedb7f,Universal motivating application
463677e9-c556-44f9-9627-d177dcf77a9f,Automated zero tolerance pricing structure
ac6ebd11-c255-4a0a-88ec-6c5601f5c7ad,Operative global knowledge base
88d9ee09-0d92-46f5-8299-a2b9d0d752cd,Advanced multi-state budgetary management
0a36806f-b05a-48fc-ad40-5c45a2ed582d,Object-based scalable implementation
d2e6d00a-8ceb-4d8a-b845-cb1c3afc4919,Cross-group dynamic focus group
bfc8652e-1dfc-4340-93f9-e8a5b41a4134,Organic executive structure
758eef10-246e-4b9e-9645-7106b9747671,Ameliorated empowering throughput
df861e1c-7ab2-4f63-8217-c12a2495ba6a,De-engineered grid-enabled hierarchy
011ee2ca-1a61-4d76-8fee-a357f9fc8008,Secured directional utilisation
79e5e22e-074d-4fdd-8adb-c7c601807749,Progressive tangible success
04aaca1c-d212-48cc-905a-dab2749cc18d,Quality-focused leading edge strategy
0111963c-5e8a-418a-a621-fcdfcb87be3d,Distributed impactful migration
88ce19ee-24aa-4af3-ae72-7131994a19ce,Future-proofed 6th generation function
4fb4724c-4291-4e6b-9e83-c83cff7e3495,Monitored homogeneous ability
b5991614-3097-47cb-b6e1-64d888490a30,Multi-lateral executive matrices
f479ddc6-5b64-4b7a-b50d-493ccff4e264,Configurable static hub
19b221bd-725f-4563-b285-9a9336ad5562,Intuitive real-time success
26902949-8c39-44b2-81a7-db0e774c79c9,Self-enabling multimedia synergy
3ee0f462-db49-48ff-aed4-22b52c3cea75,Centralized background artificial intelligence
52270028-1402-4ddc-a084-5e8de6d2458c,Grass-roots actuating structure
4d0a21d7-eb3d-4ac5-a222-5c05612c81c6,De-engineered reciprocal orchestration
a54308a4-5af4-4949-a084-8019627fee4f,Innovative neutral neural-net
e4dbc870-b927-41e0-b207-32910a5dd71d,Mandatory motivating orchestration
4feef4ca-bc01-4e89-98c3-fc385d0f71cd,User-centric attitude-oriented artificial intelligence
b2d14b34-d188-443c-b3b1-5f224ef71012,Streamlined heuristic process improvement
b6e111b2-af78-43a0-9e30-0069a99d1076,Sharable responsive moratorium
617b38d8-88de-4d45-a626-12ba4b47772c,Grass-roots mobile hardware
ea6aa0f6-40b3-4f07-8b89-7d00e00a8da2,Ergonomic regional open architecture
1905785a-bf8b-460b-82f5-270920a34752,Upgradable high-level concept
babeaa33-db21-468c-99b3-eff57253cac2,Cloned holistic flexibility
c1996f41-663f-4653-bb6e-52e41a57f134,Customer-focused methodical knowledge base
b423bdf0-d8db-4b03-ac34-9bb84259638a,Secured background website
56cff6db-a253-4470-8f89-5dc3340d03ee,Face to face systematic hierarchy
5b5f751f-8253-4891-8839-f7dd864975c9,Phased static utilisation
b7aed6bf-c294-48cc-b60b-c44f72eb08f7,Compatible motivating hardware
721723cc-1d60-4579-b276-536c79806826,Operative user-facing secured line
a236f2f2-ba98-49f8-bacf-b3c676b86924,Organic multi-tasking concept
016dfaff-a626-4896-af60-504489a54264,Self-enabling empowering info-mediaries
c60e42e0-c3b8-4981-b137-68c6df8f7bc4,Multi-tiered 3rd generation standardization
57682fdb-d85c-4e2d-8106-2e2986b0947a,Intuitive asymmetric customer loyalty
a4ca6172-5189-4064-8529-d2823bd0cdf2,Multi-lateral fault-tolerant middleware
4faf9367-3fc5-460c-8b94-d655dd117c42,Open-source composite initiative
4cd53ef5-7712-4e4a-b015-871da3bc8632,Digitized global local area network
042f4db0-d808-44a2-9b98-e563435a6a26,Diverse multi-tasking circuit
a938a5f7-f586-4341-bfb4-f19df3e7da89,Programmable systemic leverage
fe503c9c-38d7-40a5-b1b2-20bd225d2aca,Universal upward-trending focus group
947103a0-e408-4c19-9e82-fcc19686fcd1,Versatile grid-enabled extranet
9bb671ae-cfa2-4530-a0b3-8c46c374b45e,Enhanced 5th generation workforce
c5591763-cb55-4754-88b6-1e7237892a35,Open-source responsive ability
b8cefca7-d32c-4023-a6d7-59a95778cbaf,Optional attitude-oriented alliance
55f99272-8e89-4abd-8c3b-94c2678bd75f,Virtual value-added time-frame
d9b31206-5f33-4af7-a97d-0aad00f34b1c,Triple-buffered zero defect open architecture
091a5d55-753f-4e07-84ab-c7b5a833ecb7,Reactive grid-enabled methodology
fe293e8e-5731-49be-b568-efe05f4322d9,Up-sized uniform system engine
25a304fd-18fc-4b3b-b7ed-9afeef7f0a8f,Triple-buffered encompassing encoding
ba3506d0-cd64-41a5-b5cc-63f3b637949e,Reduced full-range complexity
efcde1f4-e2c6-4bbe-9622-d44eef1bc38d,Integrated non-volatile implementation
cb9da2f2-bec6-41d2-a74a-bcb949d2ede9,Function-based fault-tolerant database
6eb48367-9112-4a16-9dff-bf5a1abdf51b,Enhanced impactful local area network
936d728d-37ef-4291-8f77-7c6fe4ba59c5,Horizontal national methodology
b4228cbc-b5ec-4f53-993d-4d87cd1a35b7,Realigned multi-state flexibility
1bd9089e-a390-4db2-86a9-1ee963e3302f,Sharable holistic core
71c9aa1b-7bed-43bf-bdfb-bc9679702181,Focused discrete encryption
ebefe151-dfcb-480e-ac4c-51dde1a090b5,Vision-oriented explicit definition
10855914-84a1-4c68-b244-fd71945092b1,Cross-platform radical protocol
cde5fc87-e6b1-4d8e-998e-2ff7fddae053,Business-focused intangible local area network
3005ef98-7205-4863-afaf-5a2c54d14736,Persevering reciprocal strategy
5882b582-82a7-4ef9-ba2a-03667daabc49,Distributed fault-tolerant system engine
2ec5f1c7-ad9d-4449-b987-2e0a02e151b2,Adaptive stable open architecture
793b2420-afec-4c14-a2f6-daf6dd808528,Compatible directional strategy
ed2c5cbc-7c04-4fce-a223-6d071a923efd,Multi-lateral actuating definition
7d3ad28e-5ca7-4d1a-aa21-f8f4ce714694,De-engineered uniform forecast
a8c110e3-00c7-47ae-a5a9-210c4aaff176,Programmable empowering open system
76d9419f-a46f-4139-92f4-5c3cd3c1d940,Ameliorated asymmetric instruction set
f633c72c-00fe-45f0-90b6-135ba15399f2,Face to face responsive success
be95cec1-4e19-4985-b39e-810731fa4691,Automated human-resource service-desk
25f2513b-b6f6-4b87-8383-103ed92a43d9,Horizontal client-driven capacity
7ac415ac-ae2d-4f44-a8ab-5fd9568bba9a,Multi-tiered actuating project
3aea9558-796a-4879-b7bf-739067b78c0a,Robust bandwidth-monitored throughput
1e543c66-4c0d-4fd6-9c6c-469e609207eb,Proactive 24 hour local area network
8d67a290-b365-403e-a791-c09070d9bb51,Business-focused well-modulated software
5883fcab-9e03-4755-8205-2808d33e777c,Persistent context-sensitive archive
6964349b-e3c4-4af0-880f-fb16c51d7c3f,Compatible eco-centric forecast
82278eb8-025a-4624-aaef-282cb21b7cbe,User-friendly neutral frame
287c0c3a-256b-4b76-9bcf-2108a4030679,Robust systematic framework
41eafafd-aae1-407f-9ca7-9c41b1979b98,Ameliorated 5th generation budgetary management
727f5a61-f45a-47fd-a56c-2190146b24af,Distributed interactive initiative
b504e537-a3f6-406a-ae62-93dfbea09da2,Pre-emptive local protocol
cca797a8-9f3d-432e-8c20-d3a58be1dbc2,Profound methodical portal
b634ea5c-bb76-4042-bb16-f4f299a05f65,Multi-lateral national installation
42b5116f-a705-4727-83f8-04fcb84c0805,Monitored systemic service-desk
9cef4c1f-0ccd-402f-a94f-fc13c79c38cb,Multi-lateral bi-directional productivity
045c6b80-f872-40bd-9f8a-fc24eca310b5,Horizontal real-time contingency
b8866598-2d30-45ed-87e3-7a4e57f36a6d,Assimilated directional interface
a00b4203-0b25-4886-88e6-e57a0d5e52a9,Enhanced systemic system engine
04519a6f-8407-4b0e-8fef-054eca06fc6a,Optimized full-range policy
0d5f3276-76ba-43ac-a6bc-1a8f2011eefc,Reverse-engineered regional task-force
240eeb1a-e2df-4b0b-9b36-8d51f29b4d5b,Exclusive systematic concept
4561f4c8-74fc-4c16-85ff-be5702e3c9b9,Extended homogeneous parallelism
b19bce66-00fb-4f93-b2fa-b33603f9e502,Centralized grid-enabled moratorium
d5b568bc-c718-4f40-86de-c129e94f604f,Inverse zero tolerance functionalities
d74c3cae-b04a-4755-8115-cdfe671d4b72,Organic dynamic hub
13286827-044d-4647-b83d-a4f3c6074490,Organic context-sensitive open architecture
973a52cc-b2a7-441b-8e56-d3a9ce275c0c,Re-engineered directional architecture
e7d05416-5f4b-4093-8684-03879f4c798c,Centralized tangible toolset
637cfb6a-2ee5-4b10-8ef7-fe14e7506200,Robust scalable hierarchy
96f3e886-c344-48f0-896c-c367176e3515,Pre-emptive systematic methodology
4ffdb309-79fe-4055-81da-cf0f0ed029fe,Configurable systemic knowledge base
22dd8a14-f025-4921-8bf0-bbbca1dae483,Up-sized modular implementation
03ee501b-58a5-44e3-b4da-24c26b2d6347,Persevering high-level focus group
15daa55c-2461-4996-8f75-00d3ceede9ad,Persistent bifurcated secured line
f5406ab2-7933-4dd3-982e-be2845404265,Optimized maximized open system
c07a225e-2749-4084-ac26-2284f56eb93b,Object-based 24/7 monitoring
6c2c7f23-ca45-4792-8b52-e1f0dbe3a8c2,Realigned interactive open architecture
776564c6-4271-474d-b771-f28d033a90bd,Object-based didactic service-desk
878b86b1-704d-4ac2-85f2-9cfe8a00ac38,Robust bandwidth-monitored support
8a8f83dd-9e44-4749-af73-6a7c413aa316,Re-engineered motivating toolset
92ed9275-c4f4-406a-837f-e18ade56d3db,Managed system-worthy capability
826bbc15-c91e-4c16-aae5-aeeaffe5441e,Mandatory bandwidth-monitored standardization
7bd2130d-1bdc-4ded-b49d-1f4bc085a81c,Open-source maximized database
bf7bf9cb-55d5-40b6-b00a-448639c5f9e8,Future-proofed discrete service-desk
2bb0939f-bacf-49b0-979f-73c120e6c7a6,Extended optimal adapter
e0d28f07-0627-487f-8b37-77c5c4dbc56f,Intuitive 6th generation database
45180407-db9e-4f1f-9bb7-57242cd770e5,Business-focused tertiary Graphical User Interface
f1d9501c-bfc9-4ff0-ad88-2fa0f2874227,Vision-oriented user-facing adapter
f9efe5e6-1e56-476e-9fcc-ed52e4ff1ce8,Re-contextualized optimizing Graphical User Interface
120b0b69-c01f-41fc-9002-3b34ca496e7a,Persistent client-server array
25a14882-6362-47d7-91b6-e54b18b11e63,Devolved disintermediate approach
2e0488cc-652f-4750-aa3e-678a8ce622d8,Intuitive user-facing benchmark
cd52cdcd-9021-430c-9c0c-355d98722199,Persistent zero administration open system
1fb2f570-c701-43e5-81b3-e0693d5e4e1f,Object-based full-range orchestration
3b408abe-6e3e-409e-94de-1b670bcd33a4,Organic bottom-line capability
558fc12c-b867-4bb3-9223-5cd6ff582a29,Fundamental mobile flexibility
3671a44b-8351-4a4a-a183-64b6371f6d7f,Operative empowering database
14f33687-2517-493d-8aaf-00719e3439c2,Front-line tertiary toolset
6f2b7f07-65f1-44d7-991e-93881cb497eb,Synergistic attitude-oriented definition
de84c619-9fce-44be-a528-4aaad156d75b,Reverse-engineered real-time definition
8230d3d4-a52b-44bd-bef3-bf053d054cf7,Exclusive fault-tolerant encoding
38fcac99-2110-4035-8985-c1dde2dd2590,Switchable mobile infrastructure
f0aaa3ba-5d2b-44ca-aecf-76e198867b76,Re-contextualized content-based project
5cd812dc-9d28-414c-b37c-0db2be80154c,Persistent intermediate capability
c085e904-aa54-4a6b-87bd-fa4b89705bb4,Open-source needs-based internet solution
64412496-bd90-482d-9d50-f346a323fcb4,Devolved content-based analyzer
2ce83ac9-19ca-4ed2-94a2-1e99165e4f8a,Self-enabling high-level architecture
12bcd083-5b0b-4a9a-a44a-0ab6d0563236,Diverse foreground complexity
dd765871-2c53-4339-b59a-03cb3e0c8c76,Advanced directional structure
836da080-d54c-4e80-89d1-1d5441385ac9,Programmable secondary analyzer
40cc3ae8-b601-42e6-bee5-32a3688c8693,Secured client-server intranet
e947abfd-9776-4f7f-842e-ff9d4c80f0ba,Public-key tangible utilisation
d5a9a45b-9a2e-4a86-99b2-19c7d292e6a4,Reverse-engineered contextually-based function
5e74c6c3-e16e-4ccb-b052-d6d6e6179483,Programmable discrete software
a61cb808-77b9-4c2d-838a-61f64f0ba052,Reactive hybrid artificial intelligence
959b10b2-8600-403d-af73-77efb38f37b5,Front-line asynchronous contingency
9743b5c0-0156-418b-9567-ea3e5b71d5ba,Open-source client-driven capacity
b21fbe1b-02fb-473a-8a70-f8e75209cff5,Fully-configurable intermediate implementation
7c5fc004-6e75-47f3-8017-a118702e2970,Devolved systemic open architecture
81a76ad1-721b-4361-8b76-eb82ef5d9070,Innovative client-server access
d1305764-fb81-42b3-a202-2ce0f2e7ab08,Object-based intangible intranet
5919237d-70ab-4329-8d92-97f9d68871a5,Realigned web-enabled infrastructure
e190af12-7095-4c43-a6c3-6f6e5895d074,User-friendly empowering challenge
ced294cd-3603-461a-a1fe-08f7b37b5927,Cloned clear-thinking protocol
3fc9ec94-746b-48c6-a7d9-d4fd5325f73f,Enhanced value-added analyzer
a117ea7b-6d1b-47c0-b2be-b3a5d1a35525,Re-contextualized dedicated protocol
d79cf290-c2b6-43e1-b43a-560eb2245dde,Customer-focused non-volatile installation
5c9e19ba-5a6a-4224-ab28-be1595febb26,Up-sized high-level knowledge user
ee532757-562f-4b23-af46-4f37ffcfe6cf,Adaptive reciprocal internet solution
ca94c80d-1ebd-4197-b79e-b8c4bd447b34,Universal zero administration contingency
d7139ee2-e8b5-49d9-bf8d-515362ac8605,Team-oriented empowering pricing structure
1ac6b296-3271-4c82-8c5b-c37fe38bc77e,Distributed contextually-based policy
a4c0bca0-0026-445c-aa3f-40efa54c8c9c,Diverse logistical productivity
09a5789e-538a-4c4a-84b8-5fb565872c86,Customizable needs-based projection
7c7d12fe-5d22-4146-9281-07ab5abbe6b0,Cross-group 3rd generation throughput
cb706b54-6a41-4440-8fe0-9bde3dbbc103,Operative tangible process improvement
8154e7e4-bf0d-4680-95ee-912b7f96c65c,Optimized clear-thinking application
08c958fb-36f1-4440-ad1d-df84129c4f3c,Vision-oriented didactic local area network
16134f55-d678-4360-a06e-2818be6e5c9d,Profound 24/7 artificial intelligence
21bcd556-bcec-49d1-9c1b-e3e536cc94c1,Front-line explicit access
8ae0273e-bca4-46ac-a480-a21b7faa7311,Focused 24/7 pricing structure
b71b13d1-51ca-4d0b-a3b8-10cfd237d71c,Enterprise-wide maximized application
f9e2f7bd-b2dd-4c9e-8054-9779fd4331a5,Re-engineered tertiary complexity
9fc4f063-0419-4207-a68f-49ab68203d30,Reverse-engineered real-time matrix
f7945c61-9948-4cd6-aa62-2e0bc9dba542,Progressive maximized initiative
c207f32b-ce06-4982-99e7-24770725c8d5,Horizontal value-added array
ca952014-1e41-4177-90fc-10583ab58f43,Vision-oriented bifurcated leverage
affcaf2b-0ca9-49c0-80cb-e4d5f11d9d7f,Stand-alone national function
d4b42437-89e2-42ab-985e-2254f49ed7dc,Visionary empowering hardware
30003b4a-6528-44ac-8f26-f4301937fa4b,Enterprise-wide responsive hierarchy
0bb8a234-6eef-4436-b735-dd6f141b7008,Sharable zero administration functionalities
386334b1-0421-4272-911e-520f21efb42d,Innovative responsive attitude
593d20a0-e972-4c99-ab6e-17322349661c,Total dynamic algorithm
0645b7df-041c-440c-a5f9-64a184054d42,Down-sized systematic array
7ee94068-b4e1-40e0-b1ab-c9f426f837c3,Configurable exuding attitude
62437e21-6bf1-4868-baac-99eefa4dd7f7,Function-based zero administration artificial intelligence
f9caf750-78b1-4c07-8215-05879dba0591,Adaptive composite strategy
7266b508-525a-4d69-8098-84073ff26ed1,Synergized exuding open system
97e96170-5059-4d24-939d-ccc2f83e7fd6,Multi-channelled actuating synergy
d2a1d5fa-f323-430d-8b1a-22ddaba59324,Assimilated uniform core
e477b19d-b2a6-4f06-bef9-a9ad0645c818,Enterprise-wide background initiative
fabddcf0-bfd0-4600-9422-10e729110756,Managed next generation standardization
30617bad-0cb7-494a-96fc-4247accc0a8c,User-centric solution-oriented circuit
c0f28c84-986c-4874-a4b7-6c419bbcb219,Persistent non-volatile initiative
2e2e8460-bb54-4067-893d-6547d5b9cd91,Inverse 4th generation matrix
f58daaec-5182-43f2-a480-0ea2b2e40ab5,Diverse bottom-line groupware
c7519ff1-9ddb-41fd-9506-3973b06f5d45,Multi-layered explicit strategy
a7569690-fad8-4f6d-a8e1-2fc849fb17aa,Optimized 3rd generation leverage
445b4759-a079-46cf-bbe6-6e5f4141f9d6,User-centric radical hardware
f2848a94-aace-49e1-9f23-eec9b06c197f,User-centric composite monitoring
5bbd1359-ed45-4fe3-909a-4f0f31047688,Extended content-based time-frame
3e0ef7f4-6faf-467c-a289-648561bcad75,Inverse global benchmark
a80a8d02-3bba-4499-9439-2bdd98ffbffd,Innovative optimizing software
9fbdaaa7-8f4e-4f91-b84f-3c900c6bfcff,Managed reciprocal service-desk
61cce00e-1a8c-4e7d-b000-61101fd10ab2,Robust multimedia matrix
f30ff018-8a61-4d3d-8022-d38dc73a0fab,Right-sized reciprocal initiative
f69f825a-603f-4a24-8a91-74211aae004e,Re-engineered directional installation
0e8d0596-9718-4287-bab5-8741755cb6dd,Organic intermediate focus group
2202228a-a87b-4c32-a0a9-46a77a0a390e,Synergistic actuating application
291050f0-94f0-44b1-ad78-076b795309e2,Switchable 3rd generation middleware
9998f3e7-e5eb-4382-85bf-087c0ceca892,Adaptive solution-oriented capacity
76c3cfea-3573-43de-9988-eb509e133f4a,Re-engineered interactive concept
b2d2fa4d-3dfb-4450-851d-4a8b1692c40c,Pre-emptive 6th generation project
c15c5735-4a1c-477f-a9e3-57fb6bfa30d7,User-friendly uniform encoding
1eaf7b96-29fe-4c5c-86b5-b376ebf8c601,Stand-alone dynamic forecast
aed23449-abd6-4772-a5a1-c0e7ca265f0b,Intuitive well-modulated database
7b29e9c2-5ead-4b64-869f-7c8560b07826,Multi-lateral fault-tolerant collaboration
f9f0f9d5-baac-46da-9fe2-51901f43b89f,Customizable tertiary superstructure
807475d4-a296-4342-8b88-d0f2be7df211,Reactive needs-based attitude
ef78d7ce-2b2e-4873-9df2-14ce686e2a8d,Cross-platform web-enabled initiative
ab54074b-f7d9-484f-ad03-8da8639f0516,Programmable tertiary archive
82d49c8e-018e-47fe-9dae-f9346192da4b,Exclusive homogeneous internet solution
259248c7-cb97-43c4-9263-35dc2040a302,Compatible heuristic knowledge user
31fc5dc2-9805-4d29-8c0b-8e3791423b62,Phased optimal system engine
13faa65c-6ba0-49ea-a7c3-8b7317e060b8,Devolved discrete customer loyalty
d2a454a4-d3ee-446d-9434-b0dc4a4e1e45,Horizontal client-driven service-desk
e171a30a-d577-42f1-8eca-dde3c1077367,Fully-configurable homogeneous Graphic Interface
6bfdf4a9-42f2-43ea-b4a6-80079c8deceb,Profit-focused logistical methodology
be2a3cfb-e8b9-46c0-b4b3-b2c7b542e9a9,Automated content-based website
69e1bc6d-bb95-4757-acb1-fb7582d995cc,Universal fault-tolerant knowledge user
b67ffb16-e243-4b5b-8f4e-39fad76eb7d3,Cloned bandwidth-monitored middleware
b801d668-0524-4583-abc4-2c1dc34497a5,Enhanced needs-based open system
75252299-ab98-463c-99a0-8a4a0ae7508c,Centralized dynamic infrastructure
55e76175-b1fb-4c23-9068-19a8d3b85389,Face to face optimizing function
72033a73-2ace-4547-8aac-0c8362922727,Visionary object-oriented projection
dd37ad22-936a-41a4-ad11-f192f894daeb,Progressive content-based info-mediaries
950780d7-30ab-4c72-957c-8e8c1d544a9d,Proactive 5th generation parallelism
c5e12fd4-951e-4c96-b5fa-aa0e74be90c3,Universal multimedia model
3b4f4b76-d526-40d0-8eb6-cd773b8be448,Fully-configurable 24/7 moderator
cc9ea555-c614-4a8b-aa61-b38e24528218,Realigned attitude-oriented internet solution
f0be792a-052b-4a46-a9b1-9ca6cf4012d6,Inverse scalable toolset
8eb88cf8-58bd-4128-85b6-749e56b4f25b,Innovative full-range knowledge base
77a847e1-977d-416f-900d-544e4de32c0f,Programmable non-volatile monitoring
865b09cf-cac2-40a9-ac77-7a67b8c67b99,Decentralized bottom-line analyzer
39e2e19d-ab88-44e4-b305-768c19f408f6,Organic systematic complexity
846bcae2-de14-4176-9ccc-863365c38968,Automated 5th generation protocol
1f05fe73-1864-4038-bed8-b0172ed32092,Business-focused zero tolerance capacity
9cfa4422-ee2f-4ccc-a1f7-9b352fa360d7,Integrated zero defect info-mediaries
37edc57e-dc8f-477b-9718-ed945063f7b6,Robust dedicated hub
461cdd9b-8656-45dc-97f2-09409f066261,Vision-oriented neutral moratorium
db5f083b-e2bf-4cc6-ab44-0f41ac3ed504,Synergistic analyzing internet solution
c4161137-b3e8-414f-9155-133de08acd7e,Virtual regional leverage
6af684c2-9191-44bb-879e-04a5a600541e,Streamlined content-based adapter
caf0a5ad-980a-44e9-a512-85bca8a9d3dc,Re-contextualized real-time Graphical User Interface
9c389ce3-c70c-488e-9744-d1d3fbf4777a,Open-source actuating internet solution
24ee00b3-1a9f-4b6e-9cb3-25e26da9c346,Triple-buffered modular middleware
e73179c3-76cd-47bf-a2a1-3364e160b916,Pre-emptive cohesive flexibility
cd7fcdd2-8fc9-42cd-86cc-20e026d0a52a,Customizable analyzing flexibility
586bfa7b-10e7-4d26-8f79-6359fe8218b0,Implemented encompassing instruction set
2a6875f2-7e89-4f8d-99e0-fa9112ec1f05,Advanced grid-enabled matrix
81684c67-6d77-48ec-a2e8-89153753d671,Cross-platform attitude-oriented paradigm
71d6bffe-18d3-4b14-ac96-3fa9a172a87a,Multi-tiered intangible collaboration
1bf1d542-85fe-499b-a186-52c6cbae5ab4,Synergized high-level function
4155f9cc-c4e9-48b8-b66f-1e4a455ed49b,Multi-lateral multi-tasking access
d4ee5749-f633-4156-9cf1-012173ffbc58,Team-oriented fault-tolerant application
27c7fbbd-a696-481f-9a7f-843c9e462b4a,Horizontal coherent monitoring
b524daa8-86f1-4087-87ed-87e9ffe752ad,Cloned discrete protocol
48f991bb-5de4-4654-9b38-6f21f247c96c,Customizable zero tolerance matrices
d36787d0-3f89-483e-a428-7fa6d0e14b36,Synergized heuristic paradigm
c3c2d3cb-0172-4c8d-933f-ed73016ef288,Extended clear-thinking migration
9ae390d1-7926-479d-9d11-daedfbae427f,Operative eco-centric info-mediaries
bbe24383-1935-44e2-a575-36e46c8eea08,Inverse bandwidth-monitored policy
2a7ed00f-3a47-4fb6-a049-87b626162239,Cross-platform holistic emulation
c0bed06d-2040-42de-96fb-934d8a9e079d,Assimilated explicit software
86961f42-df5d-4784-9fb8-d6351b621b87,Cross-platform optimizing projection
bb98704b-3755-41b4-91a8-56fa2173314d,Configurable fault-tolerant database
938f5f25-7537-4fcb-80a9-07a023294f6d,Organized regional project
7afe7c5c-ee8b-4427-ab1b-44093f3ba58d,Centralized grid-enabled attitude
54dd7d0b-73a9-4bdf-b4d1-566e4b9fb9a1,De-engineered solution-oriented customer loyalty
518ea6e1-2d6a-41db-b2e6-9cf1976533a7,Profit-focused mission-critical parallelism
187a62e0-2e5f-4340-b734-4b04993af9cf,Profound zero defect protocol
a6f1e9df-7929-4dc6-84f6-5911e2dbd7ec,Horizontal well-modulated data-warehouse
e8d44b9f-8c44-44a7-8e30-d897b11beb7a,Ergonomic fault-tolerant analyzer
c0e2cdab-501c-45dc-b63a-6738a12c505a,Right-sized encompassing workforce
2f3d7e6e-0b8f-4331-b2e7-39980d18d39b,Organic 24/7 info-mediaries
a49750e9-cc89-4580-b354-1c64e7fc20b3,Fully-configurable bandwidth-monitored capability
9858ee99-4c54-4ff2-8ee3-5cfb7f792ad5,Persevering 24 hour implementation
cc12a042-a310-4293-a061-65eaedbdf208,Cross-group real-time application
b2cb7067-18f2-456f-ac59-9d66b958365a,Future-proofed context-sensitive extranet
4f71bc34-6a0b-4732-b4b7-f3b87a8fb299,Multi-channelled demand-driven knowledge base
1c5826a9-1b15-443b-a0ae-d7a8861c80d6,Diverse incremental extranet
48127d0e-edcf-4e59-8086-099a053a8d10,Visionary asymmetric extranet
7954b519-1eef-4084-b58a-67513090f28c,Visionary zero administration access
d08c2b4f-b3a9-4ba3-be84-a6a6cbd5e20a,Extended intangible orchestration
5eeaae71-5cdd-4850-be2b-205117b6951a,Grass-roots multi-state support
8c314853-dc70-4f1f-a27d-00b6bcfba0c6,Vision-oriented content-based model
54906701-50a6-4736-a76f-85d79aec198c,Phased national portal
4a852ec2-fe16-482f-a7ad-f1c4ae5ce103,Multi-channelled system-worthy policy
575637b0-051a-4efd-848e-cc509155fe4f,Open-source incremental neural-net
742ea13d-c161-4a95-b87b-c387ff7d6bf1,Public-key logistical synergy
65a23326-95fc-40e3-af6e-8e4a121e0edc,Open-architected stable capacity
e38a7a36-cbea-4870-9761-2e67bcc43a79,Right-sized coherent process improvement
0c984e78-0148-4a2e-aa5f-2154b5bb854c,Ameliorated homogeneous installation
a560bccb-742d-48e6-93d4-6b622aaaf7fc,Triple-buffered mobile toolset
96b5f718-d6e3-4238-9ac8-d38d93be6856,Centralized grid-enabled help-desk
10986772-be9f-4509-ada3-deb3af537e7f,Extended didactic conglomeration
10349a9a-74fe-451e-b4b8-5bb9e5e110e0,Reduced executive core
c09d396e-78aa-43c7-bc67-9e9e6b80c72e,Horizontal composite infrastructure
fed5c0bb-7b43-4487-aec5-2c59ad6e7e69,Polarised next generation utilisation
056c60c7-44bb-41ab-a350-656265ea2eb6,Assimilated bandwidth-monitored productivity
cade050c-da9e-4a5d-826c-a7d12d80c0b3,Expanded context-sensitive project
b0169a2d-92fa-45de-b623-c9968b0a0f57,Optimized directional benchmark
04a4a8a6-959d-4343-bf1b-7b7a191e4bb5,Assimilated high-level intranet
51467aa4-a979-4972-90f0-b1d95df96993,Centralized clear-thinking encoding
f4c1636b-62f1-428c-80cf-113eeba1bd98,Robust heuristic solution
3e568ff2-ad0b-4b06-9c64-a2d1af6f6dd6,Ergonomic explicit model
addffbca-6cc1-47b8-81c3-4270a349c9a0,Triple-buffered grid-enabled array
b9211028-2cdd-41bb-a2cd-a013e7ef42b0,Innovative scalable website
40031abd-b7e7-41a1-bc58-76894a244889,Cloned logistical algorithm
c86f5f94-5686-45a0-92ce-ccb76d1a5d8a,Realigned needs-based software
15b78795-4163-4b31-b463-0e05bd16fe2c,Implemented composite complexity
441bb969-a399-4364-9613-656c2d310235,Customizable web-enabled approach
aae19643-f53b-4deb-a3d5-5e1b4fd8506e,Operative 24/7 knowledge user
baa5fc38-784f-4d05-b8ed-2a94dfbb820d,Advanced static circuit
c17d34e2-514e-4c6c-8e2d-0632288cada6,Balanced empowering collaboration
0a32c63d-4e46-490c-8c9a-ce88c5f32559,Devolved actuating attitude
0a925222-3412-4cbc-9400-0a8f2031c4a7,Proactive user-facing emulation
5fc8f054-f466-4636-812f-620928747a2e,Digitized uniform matrix
1e68c9a0-da27-48b2-b37e-3f46af3b994b,Open-architected intermediate analyzer
a8495cbd-652a-4c7b-8b02-bc74764276e0,Operative 24 hour functionalities
117fdaa4-3794-4030-a695-6a7489bdfa5a,Pre-emptive stable synergy
2298ed69-9188-44bf-88af-65a7ca778c32,Multi-tiered scalable algorithm
d685b53f-6b63-4920-b6a6-c8f0083ca51c,Adaptive 3rd generation data-warehouse
8cf1cd6c-ca30-48a0-8db4-4981dd8e6763,Operative national core
a6edc871-ba91-4cb3-afe2-ed165e8a76f6,Persistent context-sensitive info-mediaries
42af3f1d-9a38-4583-b741-ae9aad30bc07,Innovative methodical Graphic Interface
30646a02-8965-4c23-aec6-f31c3d86c0d1,Team-oriented multi-state help-desk
9ed618b9-2134-4db2-822a-37b3d86fedd2,Organized homogeneous implementation
fb6129ef-8f02-410b-8b40-b0c7f970bf87,Fully-configurable cohesive data-warehouse
8e7419db-9392-4b08-8175-8ee66abf9919,Cross-platform solution-oriented implementation
f334ae36-13d9-4ea8-bebf-26983a002f66,Assimilated executive hardware
1ccaa903-71c0-40e6-9031-b23c8d621b2a,Diverse tertiary support
6e1ae51e-fc37-4a73-b248-ff3d3137557a,Persistent stable initiative
03d4330a-7889-4abd-89da-70681752b9b8,Right-sized intermediate initiative
c70cdaf8-d599-43c4-9e12-c68a27ebc032,Distributed local system engine
cd134127-cdd5-45d5-880e-ff1c8a998637,Exclusive logistical access
265d69b6-adc9-4761-962f-c22b0fdbbd37,Realigned local policy
e16adfce-5935-48d4-89f0-775b8f483037,Diverse attitude-oriented data-warehouse
bd500bed-3a56-44e1-8d33-eb4f3bf970d9,Multi-channelled clear-thinking paradigm
140330d2-7a43-44dc-aaea-f208737035d9,Future-proofed zero tolerance circuit
55792b5f-dea8-437c-9ecb-dcb82dc205c1,Robust 6th generation secured line
3df1cebd-0d6e-4473-aec6-63c6456dea10,De-engineered 4th generation attitude
4fc7f5a2-72b1-4063-a6c4-46464ef990a5,Exclusive zero defect process improvement
6f8c307f-5099-4c86-916f-d9dc49e173f4,Operative system-worthy matrices
d0342f79-aaee-4f35-a3a1-fda478f086a7,Intuitive fresh-thinking analyzer
f646d1ec-8d94-4782-8cbc-574220bedee8,Networked zero administration installation
058a58c4-d089-4883-bc21-8c61c673cf28,Robust value-added workforce
5f068952-4db8-45df-a161-020c7a92bcff,Customizable leading edge toolset
89e0031d-6e71-49e9-a94a-8b411540501f,Centralized fault-tolerant hierarchy
8e1bc6b4-1166-4139-b0f3-0758f791dad8,De-engineered tertiary migration
68bd3299-788d-4e4b-82d9-09f48a059033,Innovative even-keeled matrices
05c5f44e-dc09-4e4c-8b96-80d7e8c94ec4,Adaptive static service-desk
74fa24db-1e85-48a5-956f-0c0d4a3e9a88,Optional national ability
bd9a30ef-201c-4901-8ec9-736632c9ade3,Customer-focused grid-enabled policy
30470d9e-d9e6-4a93-bd45-f135123a9400,Fully-configurable next generation collaboration
c20f51a6-2f14-44dc-a1e8-f992509e6fd9,Organized client-driven Graphic Interface
e7f1bb8c-edc5-4596-9400-a9605d254f2b,Streamlined bottom-line task-force
4a4c6810-3f6b-499d-8ab9-c604fa8a51f2,Distributed zero defect adapter
4ecba3d5-6133-4601-a809-f43a1ae036f9,User-friendly client-server help-desk
79dc8486-73b0-4147-99fc-2cc2e8211ddf,Digitized multi-state solution
9b795a83-0bcb-400f-9b2d-37d826bf599e,Enhanced analyzing secured line
09a00461-ec1f-419c-917c-2cc084155bd2,Cloned mission-critical attitude
de97c765-e145-49fe-a7de-757320ca6cd5,Optional didactic parallelism
e699f5ef-95c4-4641-be19-7cf2bf164edf,Adaptive client-server success
0460453f-a905-4b69-99c9-b664504a0f1b,Virtual non-volatile extranet
48378150-3533-46c5-8068-9f3d031bd0d5,Open-source empowering alliance
fbbf2c60-0881-4db2-9af7-cfa51e7c9c2a,Organic coherent utilisation
447e5487-1fff-42ff-9099-014b2551a9cf,Decentralized encompassing task-force
ba413091-17d6-4901-972e-e4d4d264cf0a,Innovative tangible capability
4e7a439a-51ed-40b5-a115-ebd70ec94365,Synchronised impactful circuit
cc1393d8-b9d7-4680-888c-ccd299d3c7ad,Front-line impactful Graphic Interface
4ff178e6-ac12-4cc3-9a4c-4a24ab5fd8c6,Robust dynamic contingency
37afa8d2-9145-420a-a4d8-da94d43ae199,Future-proofed systematic leverage
751550b1-b5f5-4bbb-9dc9-a58e2510dc30,Future-proofed object-oriented leverage
4904e769-2e1d-4fe0-b15a-a8c1ddee2662,Reverse-engineered interactive workforce
838946f3-444f-42f0-8773-3b8c35b6ea1d,Self-enabling real-time encoding
93c81ad5-939a-4d65-9f74-b63cfe23a2ff,Secured intangible help-desk
d50dceb6-7c56-4ff4-bf3c-173b81e1edae,User-centric 6th generation concept
cdefaac4-ae59-4610-8331-6e9038cc5026,Object-based dedicated infrastructure
462b390c-d864-4653-81ef-f3e2a25402de,User-friendly clear-thinking intranet
c2e08477-719a-4ed0-88f7-2f9c3881bc0f,Synchronised modular analyzer
4c4f9497-2cc5-4f06-8970-80039486c600,Business-focused national archive
62627009-82e1-4ecf-9097-8109382669dc,Advanced exuding knowledge base
ce3c20f8-f658-4a5d-af55-443e3d3a9f40,Realigned mobile support
4076b383-74cb-49da-9c0e-bbccee00fedf,Programmable bandwidth-monitored database
dd0df8ae-0101-40c3-9f11-8f3b88189748,Synchronised national service-desk
ae90be06-00cc-4b48-982d-002896f2b541,Re-engineered asymmetric process improvement
a63883f5-2b0b-4aba-89df-a44e0a8706b6,Streamlined transitional functionalities
a0958ed7-75bf-4f5a-87d9-3c777ffe9cbf,Intuitive non-volatile access
2a7514d4-239a-4a43-838e-17617d64dc56,Operative analyzing service-desk
1f258795-23fd-463e-b882-b36180926452,Face to face 5th generation system engine
3182558c-dec3-43d6-a7bc-cabbef4e578f,Streamlined fault-tolerant paradigm
9ee063ce-efed-48b1-861b-698a5e5977e3,Phased dedicated middleware
b1cfbd1b-5c03-49a2-8c53-67e5445382e2,Down-sized bandwidth-monitored infrastructure
323a294c-3d5f-418b-b05b-84405de41dab,Innovative multimedia hub
e185f34d-a5d0-4c21-8957-84c48950409a,Right-sized homogeneous artificial intelligence
b3f4daa9-24e7-448c-aa1f-b5c07481bb2c,Focused background superstructure
5eeeeceb-a417-43c1-b981-553ec2a0d621,Face to face uniform encryption
2001062a-ac89-4070-9d8f-3d00556520d0,Integrated 24/7 open architecture
35d82ffe-f0ac-4af4-8eff-10f16fbf64be,Managed client-server knowledge user
e781a88b-3440-4d5e-9acf-a9450a2f25e7,Synergized empowering collaboration
67e82519-bc7c-4cd5-8813-65188e4e30dd,Polarised heuristic attitude
fb07517b-cac0-4a81-9c3e-a703a84b2eb0,Balanced bottom-line help-desk
8978b744-db96-4f1d-b2d1-41b8a541a7eb,Optimized mobile internet solution
318f2abe-877f-4b12-bce2-0483f0aa74a4,Decentralized systematic Graphic Interface
35ad593d-b5e0-49c6-921b-be4fe83670bf,Decentralized discrete customer loyalty
d00d0008-1333-447f-802a-d0b19d72c194,Enterprise-wide national implementation
ad07b797-5e7d-49af-8bc8-631ff6675a03,Secured user-facing core
44cec6d7-d26c-4b25-b06e-c9a7c0a53bee,Phased national focus group
87291096-8220-4c48-b945-cbafb9a15617,Optimized non-volatile matrices
ff5b6de4-0ea1-41ef-913a-6a859a5ed50d,Customer-focused disintermediate intranet
6faf9836-0a09-4209-8e53-c232f5794e81,Universal contextually-based implementation
77d3a880-66e1-4a34-8455-39e436365e63,Face to face intermediate emulation
534e90c3-348f-47dc-a660-e21c22ab09b8,Extended maximized knowledge base
9210c0b0-2c7e-47c2-9638-0264d6a05569,Balanced mission-critical interface
2f3a82a5-d390-4a73-884a-1c5e68eefee0,Open-architected modular encoding
f9b1c56d-1bfa-4472-87bf-ba620901257a,Organized executive paradigm
aa4383ef-bfa9-47b8-a3be-5bdaf8e29d41,Multi-tiered mobile knowledge base
cfc42caf-c36a-4083-b75d-0542eb51eff8,Public-key intermediate productivity
958ce00a-be02-4b54-b12e-a7bb2acb4dd7,Switchable 6th generation projection
778fd825-f5bf-41c0-b019-eff59754d899,Sharable tangible help-desk
bc1d29aa-acd3-4c48-a60e-00359e9f7734,Balanced national success
a63341c0-1425-4bba-985d-82ec35fd65b0,Versatile scalable superstructure
ccc16612-35f9-4b8e-bf97-9602f35ed279,Extended human-resource instruction set
0976b06b-8821-46d0-9eb8-9a0292b8aac8,Open-source explicit analyzer
0758b6a7-7e97-4f65-a6d4-2e78fd293c83,Horizontal motivating framework
8e7f0b51-61df-4e98-a352-9c63d9ee7f71,Right-sized asymmetric approach
1e63a72e-8f31-4657-938a-985d17484b39,Multi-lateral bandwidth-monitored hardware
cbedfda2-ed30-47b1-b0b4-cc7bc2c13a83,Extended optimizing methodology
cb5d6e60-be08-44c9-8832-310a46d634a9,User-centric executive groupware
d07bb347-04f7-42b4-84e8-c63850476327,Visionary motivating access
2d5ca15f-ffd1-451e-929b-1f79f959c1ee,Progressive demand-driven collaboration
cb0b241b-1418-4506-8b5f-05a420ec5bbe,Decentralized reciprocal functionalities
8be8d622-93ea-415c-a6dc-3f16b944e968,Customer-focused multi-state concept
9e049b96-187f-43d5-8bb6-72894e5164f2,Operative encompassing array
b062c2d8-4c10-4be8-acc5-1e2b20338534,Up-sized local complexity
52160516-4cc2-4055-97b9-30a9a7f0da7f,Down-sized transitional encoding
79dcde41-f550-47b7-8ca1-8449dca5db83,Profound solution-oriented Graphical User Interface
4b529643-7950-487d-81ae-3eb97bf669e9,Balanced scalable infrastructure
acf522d9-99eb-4b32-b208-030159fd26ec,Object-based solution-oriented focus group
bf8e0f7b-5932-4fa1-87d2-62e074478183,Optional coherent definition
ab6eb716-2d85-4900-b24c-47b70042f10c,Self-enabling well-modulated adapter
b91f4552-b4ce-4cb9-8358-8d91ee78449d,Ergonomic high-level ability
71909ce6-c335-4314-b0c6-13691a1a33ba,Devolved neutral array
feeee370-b63f-4284-9bda-cc16422d0c51,Team-oriented mission-critical adapter
027d518c-e822-4068-97b7-73fe4c54a31d,Face to face well-modulated installation
ff833742-1ae2-4609-b7cc-88d511d04031,Automated contextually-based infrastructure
4259a8cf-2c12-4c7e-ab4c-8c109fdbb13d,Profit-focused web-enabled frame
c27fe7d1-4a30-4bb7-bcc5-02cffd190967,Right-sized local access
7885e5ef-ddce-40ab-9333-ed9b24635813,Self-enabling cohesive contingency
b84652b7-36fd-474d-9b0a-d3fd5c0d80fa,Devolved exuding application
ded22b53-0f80-4514-9c2e-5ee98259d9b8,Object-based dedicated strategy
29943406-f8b9-49ca-b2dc-0ad1680b26e2,Inverse methodical initiative
16bd1bc8-63c2-404c-9474-565a6f657320,Re-engineered analyzing portal
56854811-c6f8-49a1-b8ef-40fa1e357566,Polarised optimizing complexity
5491cb80-3f97-4ea9-89c4-8cf88d6fc7ca,Cross-platform actuating encoding
a092d340-7929-4818-b4be-6ac2e73cfe4e,Universal optimal portal
61ffe77e-6c11-4f81-9fb3-5c81892ff235,Re-engineered coherent orchestration
19f47a5c-e3ef-4c1a-a1d7-4b45a7dfa087,Extended fault-tolerant focus group
008407b4-b333-402c-a882-8a411e95c099,Extended content-based groupware
bf5e10bd-2a5a-425d-bdef-6151ba10694a,Multi-tiered holistic architecture
de894bd4-f7cc-414b-b5ce-4d3f06024ea9,Triple-buffered asynchronous project
faa5e563-e945-498b-9089-8a61ee9a4ecf,Pre-emptive next generation solution
0ded76a2-bb65-45e9-8a1c-0a48c59ef48c,Cross-platform system-worthy paradigm
bb285dce-10cb-4dd5-b67c-1cbf65bda246,Visionary value-added knowledge base
a1f12040-27e5-441e-b742-67cca6dd373a,Enterprise-wide methodical customer loyalty
83715299-0192-4330-819e-2e814906337c,Extended demand-driven system engine
dddedf2a-9a09-4cb6-a827-6a4bd83ba753,Pre-emptive 24/7 archive
d33f372d-8ca1-4335-be81-5a6b2b2e952d,Down-sized upward-trending forecast
d28e794e-3494-4b8e-8231-165e69db0fe6,Distributed clear-thinking toolset
6d79b697-89a6-4cd7-9841-c31019788d3b,Realigned bifurcated hierarchy
52aab832-7583-4b1e-9957-a478646fa2ec,Visionary intermediate moratorium
4910da2b-0ef4-487a-b313-4c5567154501,Persistent content-based application
8ab379be-ae41-4cd0-b4dc-a1eb7befb434,Triple-buffered homogeneous orchestration
85f5fcec-4b81-4a3d-bd0d-d04a59dd3128,Integrated attitude-oriented projection
b6c1dd22-5f46-4a0a-8b7f-e48e414f5e76,Centralized local knowledge base
8a60dc42-9483-41e6-bf1c-eca32c70caf6,Down-sized intermediate software
e7dc96de-9beb-4acb-9061-a5f8e9cabc30,Multi-layered 24 hour interface
272fcb7a-b10f-4c5a-aaf5-aa8d392d4711,Versatile client-server knowledge user
6c4b5c54-a252-464a-8b41-f40503a52661,Phased mobile orchestration
1e186fdf-887c-4328-8b02-b361c49b2dfc,Focused dedicated website
5552edde-e463-4f84-99d1-fc9a88aea5e6,Proactive demand-driven migration
ab74ad52-81a1-42c3-be9d-dfe3bff50e48,Synchronised coherent application
455c59f9-0adc-4afa-9d0b-3f1ac3c9e9b7,Front-line attitude-oriented functionalities
274f322c-1b51-4588-a3e2-940be21a3163,Profit-focused asymmetric challenge
d6031c81-e9b8-4947-88d1-84bb43807007,Synergized responsive support
8ded9c84-4d87-427d-bdb9-7c617cd3d88a,Triple-buffered motivating structure
1a47d6eb-de81-46f2-b6f0-1f3f8fa440de,Horizontal static encryption
92dbdc17-7823-44dd-984a-83b5abfa3be9,Profit-focused explicit algorithm
580be403-d2c9-4a2b-837f-5ed87a919a9c,Open-source next generation challenge
4e03deac-3ea2-4e26-8b95-7ef7b7088470,Implemented intermediate analyzer
c649af97-c763-4c2f-af63-17bfe90be3f0,Face to face encompassing knowledge base
d203887e-e54d-4cbe-85de-68e474c41421,Innovative executive neural-net
25f0f14a-119d-48fb-ae32-230a4b402b9b,Re-engineered holistic policy
35b3fbbd-6ee3-49c4-9c26-7c5a08635a0d,Synergized attitude-oriented adapter
46beaee0-ec41-4eaa-8d53-88e44868f512,Fundamental multimedia open system
70a43a00-040b-4707-9640-c70f9545560f,Digitized methodical firmware
25d144f8-2b23-43ef-8d56-c4c9e29b2951,Re-contextualized object-oriented project
2495e101-322a-4569-8294-3540ca5326ae,Vision-oriented heuristic intranet
89121714-5340-4d8d-88ac-f95a1e465090,Versatile value-added array
0e9dbb08-ea5a-456e-b0fa-f5490b70c585,Balanced intangible frame
49d7eea0-5efc-4dfa-a24d-58a643f15d91,Open-architected background utilisation
a345c554-f3bf-4464-9b65-dbf33f686e1c,Down-sized heuristic instruction set
fbdbe7c4-88ce-4b11-85d1-2d8797b94359,Operative regional contingency
7dbdb1dd-145b-4e6d-bdbf-f07d2a8e2b63,Customizable asynchronous website
a2033216-a60d-4ae5-8e21-7ebb446cb311,Digitized 3rd generation neural-net
580beed1-66f5-4fc7-835b-fad31f343175,Secured global product
2f674ed7-75d2-4caf-b449-6e1bc91e5b7f,Face to face needs-based capacity
e465d467-0420-47ea-909f-a9a8a83779c6,Centralized impactful hub
f6d6d1cd-3f88-4793-bfa5-102de8e082d4,Stand-alone 4th generation moderator
a3b1cedf-1a30-49be-b954-d9a2b088026d,Persistent encompassing methodology
ac372446-f6e4-4270-85f1-19ede87212db,Exclusive hybrid function
7003cbce-11d1-49f7-9ab1-4d3c27f9eb44,Networked coherent superstructure
de68638f-7ebb-4768-a181-2b2e4abadd12,Self-enabling bandwidth-monitored forecast
8397a72b-d521-4560-8ce5-c2535da54046,Reactive background time-frame
2bd6f325-64ba-482d-b3e3-a7d912af4849,Phased mobile help-desk
b7118de1-9887-45cb-92f1-e7fc63ec2fbf,Managed coherent synergy
9d50c881-7391-490d-bb15-a0c02f282b0e,Function-based eco-centric throughput
ec98611f-c472-4083-8128-1c50a907793a,Focused bifurcated paradigm
b62b24b8-7a17-4cae-976a-56d7bd6f58b1,Organic web-enabled standardization
663769ed-bb68-4270-bb88-5b9ef3ca9af1,Secured mission-critical database
9c52b972-306f-45d2-9533-caace113e035,Down-sized cohesive hardware
ceb87831-151b-48e8-bf9c-9f924bc348b1,Balanced full-range moratorium
c5eef9b5-e08c-41bd-924d-f0b5fc0a1bb9,Digitized client-driven workforce
4d5c9bd2-1e93-4c74-a62c-9a5e88d60900,De-engineered multi-state customer loyalty
367b1339-1fb5-47d5-b408-4ba0a53e83dc,Re-engineered asymmetric capacity
e986185e-9b60-4dbb-bbdd-f83d1b702762,Team-oriented didactic interface
dc610708-696f-4225-8c34-6a8d62d2e34f,Extended systematic groupware
46e15eac-4172-4e61-ad87-03ef7ca2ba46,Future-proofed upward-trending help-desk
52a60078-b9a2-4363-ae82-d64b382d6faf,Grass-roots responsive orchestration
5bb567ae-8292-4197-acfc-faa55c79653d,Centralized 24 hour time-frame
f2922d80-271c-43f3-acf7-2da0b11490e4,Re-engineered local time-frame
3f0d9a4d-e955-4224-a9a4-065b966abe06,Enterprise-wide zero administration productivity
3c003053-a917-49cb-ae64-9c0fb5f660d1,Persevering local hardware
e25db99d-47e7-45ba-968d-a6f2bfef627c,Robust responsive hardware
5e3732f5-617e-4323-9c3f-14947a35f01d,Multi-layered real-time matrix
f086d2cc-1f91-4363-bfc7-50931a7cada2,Focused hybrid architecture
a88fb874-ec72-4ec1-9b7e-fc3fa9824b0b,Total systematic orchestration
09f5570d-e251-4499-a94a-1dbee52a77f9,Cross-group 3rd generation neural-net
99ea03bb-3906-42c2-abcc-770bc2524f38,Proactive context-sensitive concept
53c54756-c39d-43d5-b407-39a217b2479e,Expanded full-range ability
45b6b467-0e31-407f-ae35-4cbfa9966ec6,Cloned upward-trending encoding
d3eade79-bfe7-494f-9158-89534f4d759c,Focused client-server neural-net
168b417b-1f89-4cb1-bb6c-f3e53f892196,Function-based hybrid forecast
846a9e39-6052-4f34-b16b-1f373729d08a,Enterprise-wide 5th generation website
c7fde90f-92e4-49f2-9f24-c61afce5a272,Reduced human-resource definition
4bee8418-a292-47ce-8f57-e1ca6faaa6e9,Open-architected zero tolerance collaboration
356c72c1-4d4b-48f2-95ef-41f306085ab3,Object-based methodical service-desk
7950c953-8d64-4189-a14c-e718ae7f12a4,Synergized non-volatile success
6698af72-18eb-4424-b424-1e2c8960e543,Networked well-modulated strategy
aa41e999-84f7-4a16-9b3d-2450858431bf,Ergonomic secondary middleware
96e17f63-e10e-43a2-8ce5-3d97a7e1e24e,Multi-layered modular analyzer
fa383eae-8d39-40ba-98da-dc4d7525a180,Persistent next generation application
bda94df0-f482-42a0-8354-d7d00a462cfd,Focused local benchmark
74283d26-39c4-4570-a353-c663ffc72815,Future-proofed attitude-oriented functionalities
6c1e814f-e0c3-4989-916a-7d6e6fd21dcf,Cross-platform human-resource strategy
0d695b09-98c7-4c2f-8b39-fd13fe7275a4,Optional fault-tolerant analyzer
a5c431dc-7375-4dbd-8ee8-e4b0bf55abc2,Multi-lateral clear-thinking benchmark
a26a66f8-32a7-401f-b84c-a5563b69d3cb,Synergized didactic migration
ee4909fc-828e-41c3-8b5f-e5e035c12010,User-friendly zero defect knowledge base
b7329402-2e43-4869-814b-06345d2e9732,Realigned regional website
cacc6024-3f04-43a7-b407-81990a14bfd0,Ameliorated intermediate knowledge user
49cd0452-2eb4-4155-8724-51c91f2bca4a,Total needs-based contingency
27817dca-b5e0-4c48-a1e0-088794597df1,Expanded foreground frame
e45c2784-986b-4d0c-828f-5f17a8b0e962,Focused regional customer loyalty
7f7fcedc-d42a-4264-9227-63613b50ea0a,Face to face multi-tasking open system
28cddde0-eb27-4e74-b6ce-6f51b80a3101,Organized tangible orchestration
896ce63b-78c4-4e9a-a6ae-b2c51faed2b1,Diverse 3rd generation structure
6ed5638d-dc4f-402b-be90-95ef0556989a,Phased multi-tasking interface
5eb0a02a-742c-471f-acd9-327374721cd5,User-centric incremental synergy
025787ee-77b5-4074-af56-f1691f99e0b4,Multi-layered mission-critical model
9b129819-900c-48c9-8b1a-04207793d732,Devolved optimizing secured line
364693d1-d7b0-4e79-9ec9-6bf3c56a0fed,Compatible object-oriented implementation
0a07b375-a8b2-4a03-be09-676b6679f14b,Ergonomic maximized monitoring
3ef8bb67-a7fc-461f-962e-7a6c2a417738,Diverse upward-trending matrices
40589195-d9b6-4dfc-a6bf-283c60b6b011,Devolved contextually-based moderator
3ac3a843-a5cc-4616-9078-493d7763154f,Synergistic intangible contingency
498df3de-c674-4b86-968b-cedd56dba417,Cloned explicit hub
43e63fd8-1245-4da0-9c74-a97860b79a70,Fully-configurable 5th generation budgetary management
f88ce2c5-d4ab-4b41-8af5-7d937dd5648f,Ameliorated motivating paradigm
b1dbc093-f37e-4628-8664-8addd8c6d302,Reverse-engineered incremental protocol
43adba8e-e5b4-459a-b521-300fc71905e6,Object-based zero administration function
4ad44f78-c262-417e-a146-90ccca1bc312,Re-engineered leading edge database
e916ac4d-b251-4e56-9d45-9e5faa560885,Managed holistic extranet
045ff9a4-7f98-4098-93a8-66d08e945198,Re-engineered stable challenge
0f3c79bc-2ac6-4e44-8379-5ee8ac55e0d6,Up-sized eco-centric process improvement
57339310-cec6-4e0d-a810-4274f259ec77,Networked zero tolerance middleware
1610720a-85cb-467a-824e-dbab3272885b,Streamlined homogeneous architecture
1b5b2990-23da-4e65-882f-44d4de9dc015,Ergonomic bifurcated productivity
91704335-73a5-4504-9534-9fed7d5e5d6e,Programmable interactive neural-net
d34b623b-162b-4f85-845c-b071663ab553,Balanced web-enabled algorithm
87293a30-07db-4dab-9ffe-5c63b2c8fac7,Multi-channelled executive software
e2f3a4d9-6995-4926-93e1-33e38f6da17e,Stand-alone stable hub
f12c482b-c07c-47db-8005-ac908c9f4bde,Centralized well-modulated extranet
c1dd57f8-1195-4f97-9e2c-1f3c645f92e2,Intuitive bi-directional pricing structure
5faf4654-a0ed-4079-af8f-66d9b8a45444,Progressive incremental contingency
2ab73e26-1207-447c-b06c-53b7e0cb71cd,Business-focused exuding info-mediaries
0d1373f9-ba91-4d42-b31f-d316c59c9e23,Inverse intermediate matrices
24579d11-2129-4282-9937-4339a46580de,Centralized 24/7 system engine
253bfc76-befb-4db4-ad6c-9bff8e85eb09,Down-sized demand-driven complexity
dcafeb64-d499-4be9-ac53-13881f4c56b3,Seamless leading edge adapter
413dc24d-6df9-4440-9177-33397a8684a7,Programmable systemic open system
920d9876-ec33-455d-9cb7-abfb260fec47,Function-based tertiary instruction set
0f3785a1-f407-4517-8627-d07e2086213d,Polarised uniform workforce
6e9e5cdf-417f-4377-a0be-be436ade1b83,Configurable non-volatile utilisation
eff9a034-80c0-408e-beb3-a0ce2fb2de09,Multi-lateral zero administration software
3b198c55-e2a3-408d-9c1d-1a60f6dc8288,Reverse-engineered directional hierarchy
37df8c08-4bd9-4a0f-b358-30bb725c2a58,Multi-lateral encompassing middleware
20466ad6-a854-4d63-9679-08b50bfd811e,Face to face reciprocal ability
0e739771-2e3f-46e1-af5e-81c3f35fe2ba,Managed incremental encoding
6ad00d59-ec83-4e17-89f3-20d0aedee419,Pre-emptive empowering moratorium
580165ce-a003-4df4-a35a-b4b555b65114,User-centric bi-directional internet solution
7b0dfb1c-3e4c-44ea-9d9c-1dc9fac6213b,Ergonomic 6th generation application
2fca99c9-352b-4e87-9ef5-19a9d86e1859,User-friendly fault-tolerant local area network
218b9233-c690-4583-a45b-00c6fb142277,Monitored static hub
d1618521-c9c1-4041-83ae-b19b03aebd81,Pre-emptive secondary concept
fc13b9a9-d10b-4805-acf7-ab43d0564a46,De-engineered attitude-oriented circuit
9bdd98b9-d5f9-4c16-88f5-38fb309de52e,Decentralized radical customer loyalty
644b666f-33de-444c-8154-d8aab0625c10,Upgradable optimizing complexity
ccc4b619-f525-4ac3-834f-336e9b768c1a,Operative multi-state Graphic Interface
0fb2bb53-2910-4daa-9f9b-acd932ef2009,Triple-buffered hybrid emulation
47534a87-793b-469b-ac70-b1971c02793e,Down-sized 4th generation solution
b0c32876-bdc5-455a-977a-45df37d81755,Enterprise-wide heuristic task-force
5d12294e-679c-4037-99d2-484a83d57cb5,Distributed disintermediate ability
03d2b46a-fc23-44c1-bdb5-8effeba9cf6c,Cross-platform contextually-based forecast
c97e7fb0-0639-4b1e-a695-7dbbe4ebc7b9,Customer-focused static workforce
2efe6aef-d011-40ce-adba-cf5a4badc958,Focused analyzing methodology
8f74419d-88b3-4df0-a24c-5e355544a8e7,Upgradable upward-trending portal
152ac30e-feb4-4dcb-98e8-8bc9acfafd63,Switchable client-server parallelism
19d118f5-a6d1-4017-8f93-6ec0c76f24dc,Virtual heuristic migration
a6dd14ff-5afb-4db5-983f-4b5f00afe133,Profit-focused asynchronous moderator
8545d58e-e1c5-4180-9e65-183e998aceb9,Triple-buffered multi-state system engine
46345abe-cdfc-430a-a051-239df5d999ee,Triple-buffered contextually-based secured line
0f45c549-5976-497c-ad6d-2bdc16ef35c4,Customizable mobile conglomeration
308fe933-5a99-4502-8df2-4f99aa407027,Pre-emptive 6th generation definition
2f1c8d63-0b4b-4f09-8577-8ac733c819e3,Synergized systematic matrix
2dffd547-6d7c-47ee-acdb-72b225256d4f,Intuitive reciprocal capability
79d118d1-cd2d-4e02-9fbe-9c24d5724ab4,Synchronised executive customer loyalty
4042e37a-b34e-46e0-9903-d7f2fefba562,Face to face local solution
02f19d02-4b16-4af2-82ce-5d2eb0903bfd,Total web-enabled challenge
3c1c0e2e-ecb4-4ef8-b54d-46ba332edded,Vision-oriented 6th generation groupware
79aadebd-d2da-46f2-80df-cab2fb87d63b,Multi-channelled real-time matrices
7df98a2f-045d-4a8d-8b6b-98c2cdfe36d3,Realigned uniform standardization
941a5b7a-4668-400b-bb30-e7d411169472,Multi-tiered non-volatile analyzer
2af1b3ff-b587-4881-b0c9-45150c943127,Polarised system-worthy capacity
cb283b03-14e6-48e8-b4a7-2c7dfe832bb2,Visionary discrete system engine
e6d473c5-ba41-46d8-8e57-c8d1efc0ce2c,Optional clear-thinking forecast
01203563-4bf0-4796-98d9-5abefc71b766,Secured eco-centric function
822520bb-85d4-40d2-94a3-0d20e49b2b58,Open-source dedicated firmware
ac9ac0d7-e25f-45c0-a008-6e7d0b1bf62a,Visionary full-range time-frame
2dcbfff2-986a-4dd1-8942-5024ac00f360,Reactive 4th generation Graphic Interface
2849cf27-bbe7-45f3-a641-d2e25de76d6a,Up-sized hybrid instruction set
5315af4f-85b2-44cd-8eb3-e063fc555d63,Intuitive exuding strategy
02ee92d3-0c1e-43c7-92aa-83d50e650c4f,Expanded next generation monitoring
fca652c6-3a47-4ff5-8a6e-317074b9ce39,Balanced interactive intranet
de9b7a38-33b9-4146-9731-d187e1b0132b,Streamlined encompassing implementation
67e4ca1a-6ff2-402f-951f-5c8d015d8389,Exclusive national customer loyalty
a17fb88c-f0cd-463e-9deb-32ea1e095571,Virtual multi-tasking parallelism
7382a2eb-73d9-4895-8397-392280f7ae34,User-friendly exuding internet solution
b12fd06f-9ebe-4d14-9a3d-16f6475fdb79,Total hybrid algorithm
bccdb7a4-2c1c-4b05-85a0-31ca18ca11f9,Profit-focused regional function
64bdc114-ba3c-4aac-af0b-a46cd478435b,Optional empowering productivity
b8b354ad-f0fc-4da9-970f-97de5129768a,Horizontal bi-directional paradigm
c5780015-9988-4ae1-ab98-8ede280b88cc,De-engineered optimal artificial intelligence
55b403e4-11ea-4d14-848e-ffff03bbf05b,Programmable disintermediate access
60a9680a-6745-4b40-b689-1ceec8be7bd7,Cross-group tertiary info-mediaries
b52f6b0c-aa61-4af0-9154-b53f114df035,User-centric encompassing instruction set
975725b1-900a-410a-b06c-4597d2be02ab,Inverse optimizing project
beb89127-40fa-435d-b7c0-41c17fa579e6,Decentralized reciprocal software
cca1d952-177e-422a-8b78-c84fc277c695,Customer-focused dynamic contingency
bb85fed8-fd9c-45af-98b2-e57f60c91fb9,Centralized encompassing software
c4f394c9-5246-4219-9fcd-6e608217dc79,Mandatory 24/7 instruction set
68c5ef4c-0145-41d8-b672-90c5e6e55998,Horizontal 24 hour interface
639800d4-2a41-4c49-9cf9-d50d220764e5,Synergized disintermediate help-desk
b0d24fd5-4e46-4d01-9585-66720ab63603,Quality-focused modular open system
da35ed52-66b0-4691-bd67-ff93afb82968,Devolved stable synergy
14055aae-e45d-4c42-95c5-24766d6ef975,Synergized holistic hub
38563b08-efac-488c-b5cd-589ec23ce699,Enterprise-wide tertiary alliance
523bda7c-cf2f-4ac3-a8b5-6869b2dddb3b,Upgradable discrete solution
c250da00-81a0-4c2b-b18d-5ee30d8e7df3,Visionary even-keeled encryption
0ea8ec76-39f4-4cbd-bb8f-0180fd0f6a21,Realigned user-facing forecast
82ac6a34-c624-4112-b959-e968189fe301,Polarised uniform hub
85808314-e02c-409b-a2c4-5d26b629a4a9,Re-engineered dedicated algorithm
1b5b066b-efd6-4411-a35c-55e7a5e42352,Fundamental responsive algorithm
d8099b11-fe3b-462b-ba3e-e9f0c6fe69b6,Reverse-engineered executive adapter
91f3796a-7221-4a7c-979c-ca88638e26ab,Expanded transitional alliance
cef5563b-596c-4865-b0f2-fd64b6c885bd,Realigned actuating conglomeration
5fb3beaf-62b8-437c-8ebe-5cb258ab3727,Devolved non-volatile attitude
435292ab-5d1b-4766-aeac-50ca81a1c347,Re-engineered logistical algorithm
7bdba6dc-2732-464a-8f5e-2f5c75c8e81c,Up-sized empowering toolset
40a0b42a-f91b-43fd-b618-3942f26a1a47,Pre-emptive hybrid moratorium
e3e02d8e-179a-4b2d-8860-0e6ebbec627d,Cloned next generation matrix
d2188892-002f-47af-88d9-5e02bb54fbee,Streamlined local contingency
862fa776-c058-4470-b3a5-11da9d5bdd7f,Intuitive zero defect capacity
715f611e-a01c-48c8-b97d-6938e285d8b3,Distributed local functionalities
c0d76804-c711-4ac5-a1db-2681f3d769ee,Mandatory explicit capacity
a599abe3-8163-41ae-a801-1ef7fd65d63c,Reactive secondary emulation
4d4eebec-b223-4e7f-b83b-c356451fa6ae,Exclusive user-facing infrastructure
91fb795f-d2b0-4785-b7d0-7c1da3b6697a,Realigned methodical projection
a2f8be7c-29ba-489b-8845-5f256583beee,Optional didactic policy
6ce9b5ed-cb42-4dd5-bc9a-fb3690c28097,Innovative well-modulated flexibility
dc8badf6-6791-4414-9d6e-913e4fd8c6de,Total real-time interface
d20b2038-60d1-4791-ad26-a9d37a2d486d,User-friendly system-worthy migration
dece10a9-a056-49db-a15c-57ec65e837a6,Switchable motivating Graphic Interface
94644371-2c3f-4404-9145-9746370da8b4,Decentralized hybrid capacity
f341eb7f-e094-4e52-a414-4b217f33293f,Focused heuristic model
f71e3b8a-848d-481b-9591-6a3b9b5d9c2e,Upgradable 5th generation firmware
db93fa24-cf6a-441f-b0d6-ea8b7596b9b4,Streamlined mission-critical circuit
c78f9d73-c532-40fc-825a-ef042b326bd2,Inverse discrete adapter
d2a086ff-6c53-43ee-91ce-e5f0213b674f,Cross-platform empowering functionalities
76fcd71e-e78f-4d2f-b798-be7237aeaaa4,Exclusive encompassing moderator
54577234-9804-47f6-b0d0-a3cec7086ac5,Front-line optimizing monitoring
9c84fad7-eb61-48f4-b2e0-95a7c1c1d4ff,Automated logistical functionalities
e1292977-8a98-470e-ae7c-2e53843c6c3d,Progressive multi-tasking emulation
8d1e5193-aa8a-45a1-8d38-0742204374ad,Universal dynamic support
9a199ebd-95c5-4c78-9f3a-54767a7b5442,Diverse 6th generation capability
6ab6db98-8902-4e2a-9dff-2079ae6f6a52,Versatile bifurcated paradigm
c72ccb8a-8116-46ba-8e85-1f52c1614299,Reverse-engineered tangible access
4db6839e-848c-4c7a-aec8-af63e3621abf,Re-engineered fault-tolerant internet solution
b72b80e7-9a49-407c-bf12-2b580ad01309,Intuitive composite groupware
2ee4d3f8-511c-4fb9-b64e-aeab1303489d,Ergonomic local process improvement
923d842a-41f3-4a49-94a6-2cd4a393e8d4,Expanded executive encryption
b5819f4b-8a55-40da-aa54-4437d470ebcd,De-engineered bottom-line flexibility
021af704-646c-4201-b0bc-a7631877943a,Profit-focused multi-state installation
5b56bc6d-e77b-43e8-bedd-b880c6a1d2da,Mandatory zero administration success
c56da2bd-7fc5-4ee5-9500-1d40ba96b1f7,Decentralized attitude-oriented leverage
a9f624ff-3aa5-4c33-8f72-361368f42562,Function-based even-keeled leverage
1da243d2-3c40-4635-856b-b69fa84dae1d,Secured optimizing open system
2ae1c5a7-fff7-44fe-ae4f-fc957ca5d9ce,Universal 5th generation software
5a7a07b6-9cf5-4a80-8aa4-294e852affa9,Multi-layered logistical migration
da4ceaa3-7de1-4bdf-85e3-190463256eee,Assimilated system-worthy synergy
c3d8967c-709e-4f44-a3cc-a4f7c0966b26,Managed empowering knowledge base
c66e1b13-b8eb-44b3-b81a-382d9f8284ff,Digitized grid-enabled moderator
4a9fad70-5637-43b7-9895-f79c0553a82c,Multi-lateral zero defect product
18e9eebe-2a7b-4a5f-b282-7c2ea5f7336d,Customizable scalable focus group
30b90dd5-7bbf-488b-91d5-8ac5222e174c,Implemented 24/7 customer loyalty
e1fab917-d2bf-4e5d-846a-2a46b8e52a27,Persistent zero administration framework
21ff35d1-737e-4559-920e-9248e48d3aef,Integrated solution-oriented complexity
2f19c080-a513-4312-a8cc-1fd59304ec39,Assimilated static flexibility
89c49309-90cb-4d5d-83d9-7e0870ba50d2,Re-engineered interactive groupware
4c1595dd-9785-4e6d-92ce-c2735b65755e,Profound local paradigm
cc53da7f-3bbe-4c8e-ac04-d1b2daeb1e4a,Switchable scalable structure
e7693093-4109-437c-8b11-588ba33094f2,Managed real-time secured line
af000084-e5c0-485b-9896-511783ae836f,Enhanced eco-centric product
4cf9d65f-0c51-4588-92d2-ea7d535316c0,Mandatory exuding Graphical User Interface
a3782b22-3b4c-4949-9607-349a68064360,Persevering intangible info-mediaries
cb41f5f0-7960-4722-8fe8-d10e71bfac8c,Devolved logistical data-warehouse
d363d235-b158-48d2-8949-f75d32f994ef,Proactive optimizing task-force
8865a72a-45f1-41a5-8fcd-c8fdf279060f,Persistent systemic paradigm
957fed32-3684-45fc-b94c-ac16b39802c5,Balanced full-range Graphic Interface
984eaa95-00da-4beb-8bcb-f8cebb72791d,Function-based bi-directional superstructure
ea02b0f0-9333-44c7-859d-e1508ee60660,Open-source bi-directional matrices
2404795f-c0df-4449-bcad-568c496f1c41,Progressive optimizing data-warehouse
4b1643fd-a03a-4663-b17c-672a2cc1cf06,Upgradable content-based core
0d5b57f4-c60d-4bf3-b672-2d3d99950f3b,Stand-alone stable structure
06d8e023-c0a1-421b-b4c2-df975c1dfdfc,Ergonomic responsive matrices
07621401-35d0-4ea9-a2d8-38084e9ebab0,Virtual contextually-based moderator
12818983-f78e-4e2e-91b5-e4e6e94104fd,Visionary attitude-oriented groupware
49308765-b69b-4fb3-b60b-0fcf2ac2a351,Proactive zero defect website
aa2148c2-6813-4da4-8423-bc015d6c0df6,Centralized intangible middleware
f360f500-916d-4584-80f1-a92154ea866b,Reduced web-enabled hub
03138a40-b941-4eca-b695-5ed26e2e703f,Cloned upward-trending productivity
e0a7420f-8a0b-4279-90ed-83201cf10dad,Enterprise-wide logistical attitude
caa60eac-830d-4d8e-9f47-31c3ceccff70,Enterprise-wide leading edge framework
aa158093-fe8d-428a-9455-184e1ecc40b9,Advanced motivating budgetary management
7c357443-524d-4bd6-accc-34a6b4d1a360,Visionary upward-trending standardization
d21321f1-3c70-4f7d-bd47-0775ccb7b416,Monitored modular benchmark
7fc30290-74d8-4653-a92d-3960a990a01f,Multi-lateral secondary architecture
a5bf9da3-1fdd-4b6c-8d74-7f4c92044f08,Distributed content-based productivity
b8e69573-8612-43ed-8c8b-209ea58640a5,Operative solution-oriented monitoring
c1d1dec6-0544-4a42-a00e-72a5da49638b,Cross-platform fault-tolerant complexity
b09dc8da-5cb3-4834-b0d2-aace88660faa,Enhanced transitional extranet
65f8c1c1-d72b-474f-9408-08708ad76ace,Diverse real-time open system
5420f2a1-9345-4392-97dd-b6c5193a8850,Profound responsive project
671dbffe-fed2-42bb-9e26-428b4eb07b82,Upgradable motivating core
00252e64-1be4-4c58-9cf4-f180e70ca9d4,Integrated upward-trending forecast
a719ce9e-b92d-4bb3-bf9f-30542030c751,Versatile coherent customer loyalty
b911262f-3e2c-4a03-95da-5ae25a8852c3,Diverse empowering core
ead40bc5-1f5e-443e-9445-2e6c6bfbc018,Upgradable 4th generation neural-net
9870ae5f-8c7a-4a29-b4d3-28d2fc4553d0,Robust homogeneous focus group
cd6177f3-375a-4e5e-b56f-5758ae274689,Optional contextually-based analyzer
5ccb169a-08fe-44d0-aaba-d4570c358a8a,Reverse-engineered exuding task-force
1f2e3a41-33e7-4e12-8e3e-670b9408d20e,Profound dynamic architecture
bd8559ef-18e1-42de-b55e-ca1eadce4d97,Re-contextualized logistical strategy
502a25b9-9e62-427b-8674-738c4612bf9f,Devolved content-based firmware
e262682f-5abd-48f6-8278-063c4e97e0af,Proactive local methodology
8cf82f0d-678f-43d1-858a-18cee83f5819,Diverse user-facing frame
69a58b16-2bae-4785-a8d7-9d660831e438,Multi-tiered didactic project
18ddee43-07da-40db-8d4c-d4f8650f4a05,Quality-focused full-range adapter
470baf98-e0fe-411e-a5a8-2b6691f86270,Down-sized background website
592906da-538e-4ef2-99a6-75f25b8ef66c,Decentralized solution-oriented definition
64d2f750-ab39-4bca-ada5-50986cc8506d,Secured disintermediate orchestration
8026f89b-8f35-4f9e-bc34-4f390ee9302a,Visionary national collaboration
0f281b8d-46a0-4878-90ae-493bbd07c636,Fundamental 3rd generation concept
f1cf0ea0-7174-4cec-b8ee-ac0479588e6b,Horizontal leading edge archive
ecbcee57-2422-4cb8-8bff-cb5589f046a1,Mandatory secondary system engine
4d16f15f-3400-4138-9ab7-ac8a4d1856ce,Enterprise-wide global installation
5cd7c928-5f81-44bb-a96f-cca5c373bb62,Visionary contextually-based implementation
5330414c-452a-4d2d-905d-8504256baf0d,Customizable needs-based benchmark
1cc27641-297d-4f93-b809-2462a3c01ff9,Sharable uniform pricing structure
d45880ed-dc45-4877-aec1-75085baf31c2,Fundamental analyzing benchmark
aca43b2f-38d5-4129-a6a1-1fe16fadab15,Advanced incremental methodology
18e21cbf-ed4b-4feb-8eb5-0d353d039972,Object-based foreground project
ee349f2b-4816-4ff3-a259-bd199dbeca71,Exclusive context-sensitive hub
93ab67f4-47e3-4cb2-a962-aad91e644a82,Face to face stable intranet
f6e62c83-4a7d-4e84-ba01-097155316efd,Virtual upward-trending architecture
bb828a0e-f3cc-43d3-8392-a2db2c1306fe,Team-oriented local moderator
c706f028-439b-452c-acf7-c0feb4e05929,Balanced non-volatile system engine
15d5bd68-05ff-4cbe-add2-83069082ce04,Stand-alone radical matrices
aab2b938-2e8f-48bc-9f3c-83b8b785603a,Inverse homogeneous complexity
f6becf9a-d7f5-495b-9596-59921ee6f51e,Synchronised local collaboration
d3b7910b-b55c-437b-a3b2-b43370ea4366,Reverse-engineered maximized local area network
bd670734-c1aa-448f-9add-47a7a8d6ab6d,Intuitive uniform core
dd92773e-9bb9-444d-8ee2-342783ba4137,Profound didactic matrix
0ce59567-1fde-467b-b902-25a1e2c703e0,Persevering homogeneous help-desk
d4e3e762-a5b8-492c-afde-18c336409719,Business-focused background circuit
f6bb6b9d-5470-4c99-8410-c53ea23517de,Pre-emptive hybrid moratorium
92b8a183-51db-4bb9-8a71-255d033eefce,Devolved global application
8a2f9866-7cc7-4c60-b8fa-8763399239fe,Inverse non-volatile hierarchy
f6c0ab57-d601-453e-a44c-59217418b886,Progressive background definition
f0f3ce22-d969-4030-9125-46732d84e64d,Open-architected reciprocal workforce
72834456-e425-4a05-9b11-c7336b3e5132,Universal transitional extranet
79eee932-a3f9-4e5e-b849-d0fc5c2f62eb,Business-focused didactic archive
a5bebfd5-3466-49a8-9797-23a1b8aa051e,User-friendly client-server workforce
197f65bd-1888-4241-aa50-e1a075d1c236,Implemented solution-oriented architecture
11816313-15ec-4f89-920f-875db4be79f7,Compatible local contingency
ad0bbeb2-fdac-4fda-b982-ddf058ad68f9,Intuitive bifurcated flexibility
90e43fcc-af52-4f15-b3fa-a488a6eacf36,Digitized maximized monitoring
de276a4e-dd80-4625-a2ef-5c55ff398e66,Progressive attitude-oriented initiative
e2e6eb48-d6e9-4bce-94b7-63f451be0813,Sharable zero tolerance installation
4707e6e1-fa5a-49e1-b602-2fbcf9bc01bc,Vision-oriented bandwidth-monitored collaboration
1b58ffa5-3fae-40b2-aea0-31a24359b5da,Multi-layered global open system
6e7f39ca-5e1d-414e-b264-388e7921075a,Programmable responsive forecast
9174c21c-7a32-49ce-8beb-2e422e8d1dd3,Optional client-driven software
d1a63249-7cd3-44bf-bd11-5f438201e1ec,Managed even-keeled encoding
aa7d9439-beb6-4d65-8d04-6a11f011c19c,Fundamental analyzing product
20b5fc6e-ed5a-43e5-af50-eadc04ac288f,Digitized bifurcated internet solution
16cea012-3c11-4e9a-876b-356f406c7f18,Open-source local application
e0fa4aa8-3289-400e-86bc-26abb91a01df,Fundamental actuating encoding
97a5b457-c2d5-43f3-b9f0-329f2770d963,Configurable explicit local area network
6a896641-0c39-42d1-ab55-a9af46dd1484,Public-key demand-driven hub
002a0d48-925c-47b3-83cd-59d1cf570cd6,Self-enabling 24 hour policy
385b97ca-7649-44a7-ba96-a55dfc6b1cf8,Face to face high-level approach
7affacd5-7b46-4dae-8c07-a384d0dca2ac,Monitored attitude-oriented intranet
e6071e3a-b0a5-44af-aa35-cf3048ae0ac1,Automated system-worthy benchmark
5ebf7b8a-4578-4b36-b00b-7f0a53b3a500,Versatile systematic Graphical User Interface
0e46bfe9-0ce0-4c45-8fed-33a053a10830,Phased 24/7 artificial intelligence
2c3347af-485d-4cda-83b7-a99bcc1aa425,Re-contextualized systematic leverage
57b17322-df77-45bc-9a36-42d51efaa694,Multi-channelled secondary focus group
b3b3249a-0ebd-43a6-ab37-3aac600c5e13,User-friendly multi-tasking architecture
270fe1e0-acb8-4dd8-867c-73fa8d786d2d,Organic context-sensitive infrastructure
93f102e7-76e3-47bb-96d6-cbf85b54dd49,Open-source exuding application
0b035917-9e5b-450c-ba38-91446e98fc7e,Horizontal 6th generation application
19837c2e-ff03-4185-acbd-8b95238fca2d,Digitized asynchronous analyzer
e6bc7d28-f705-4c4d-9568-8c4a5a1be60b,Compatible zero tolerance productivity
35896a08-f38b-4ad2-937c-1300cc20f5cc,Extended coherent knowledge user
18ca18d8-4963-4971-acfb-b4dcfe41744b,Adaptive logistical superstructure
a56ca553-096d-4149-bc55-dfa321ec50f1,Upgradable motivating collaboration
2ab07f58-2f4e-45cf-894e-a5885fec6862,Programmable background service-desk
dab67631-7cfa-4653-bd90-5a124e344d98,Robust stable algorithm
0c14cb04-614d-4a56-84df-c424eb911152,Mandatory demand-driven strategy
3a331d83-cfd3-49be-a1eb-fe880880a961,Switchable solution-oriented access
72a6ada3-1707-4a70-b79c-633afa88e168,Adaptive hybrid matrix
c48623ed-4d87-4048-8af9-71255cf87f6b,User-friendly multi-tasking capacity
5975594a-151b-4435-9a60-7ed59e2f7a0a,Profound mission-critical Graphical User Interface
9b82adc3-dcd1-4a9b-afc0-e6220dab4495,Profit-focused next generation encryption
4622b4f5-503c-424f-8ac0-0c58847cb8ad,Front-line client-server benchmark
b4b518e2-4971-471a-af57-b75e3ca35a5a,Monitored empowering customer loyalty
2d8151a2-7359-4067-8c14-46e315f37564,Automated 24 hour support
92398bf5-278f-4d72-a68f-05fbde0fbabc,Vision-oriented grid-enabled database
b9b0a063-f9bf-4ffc-80a8-88ebae6fa35b,Digitized dynamic collaboration
3dc8e291-f169-4b98-9b8a-68319fbeef8c,Function-based dedicated solution
18ddcf74-3f95-4e6d-8961-63fdc1e2a955,Sharable explicit core
e22e786c-6328-4ebd-b173-78756fafec81,Pre-emptive 6th generation parallelism
9a11d7ad-5587-4d1d-b1d8-257101191bd9,Extended logistical ability
7859badd-7d89-48f1-8098-555f33989fa9,Customizable client-server intranet
a2a2c027-089b-4723-88dc-8f04c4262de3,Operative exuding framework
255dd532-37c4-4687-af7c-0eeee62a2e91,Integrated stable forecast
7720b8d2-0cc6-4fa1-a246-13d665e482ab,Triple-buffered object-oriented initiative
1e0d3127-8b89-48d2-a810-06da63339216,Open-architected bi-directional ability
6d206be6-5efb-424d-8a70-bccb48cd4f04,Proactive tertiary service-desk
a579f4bd-c38f-48f9-a232-b46688ea8afc,Integrated radical projection
82182d55-f701-4fe5-b41b-198e71623ce2,Compatible encompassing strategy
0f16f7d1-bf9d-42c5-9687-698043f9f17c,Right-sized 6th generation instruction set
990cb9ab-408f-4d3a-97ca-c45519b91a8a,Ameliorated client-server infrastructure
