_id,name
621ef1db-1f39-43fc-8848-bb366059bec4,Oracle E-Business Suite
d3422460-690e-44bd-b35e-5a6d95afa7ea,Film Production
5ce37a1b-8ac5-4a96-b41e-6640455f77ee,Typesetting
a22821d1-5518-4af4-bf4d-735a5632660d,DBE
5182ff57-eec1-4fd4-a955-79a15a287057,JAX-RPC
7d603154-2024-4873-b35b-f304b622fb12,Forecasting
55530971-e1b2-467f-93f0-a5d9f63baa9c,Oleochemicals
db792fbb-91e7-47ae-a552-6204c36c3c4a,IRS problem resolution
1b1f3228-806a-43e2-9374-8973a6f43495,JDE CNC
e96d7fe4-ddb9-4867-a9ca-738f5338b7df,HDL Designer
d41fcc8e-c270-44f4-8892-4600a879eebb,BSP
a4059e9a-b41e-4591-a24d-89853252e860,XSLT
a89b523e-e59c-414b-881d-a78b6bb3fa44,Volunteering
9f55d3f9-2ab9-4310-8bbe-ded1948d5ba2,MTT
6c4d3f76-65d5-4fad-af2c-32bbf3e88d1c,Overtime
0b712240-29f6-473d-93dd-a2e652426da8,VTAM
ed66f710-38cd-4a5e-90ad-5fe426d60107,AutoCAD
b03d2764-90e4-49d7-a13e-4542d5d97c5b,ASIC
299bd8c0-10e2-45cd-90c0-6d78f667144f,HP Servers
3b1add2e-c2d2-483b-b0fe-974028c501c5,HMRC enquiries
4ff6f04d-e714-4c66-8366-e1d210871382,Church Growth
82ee98c9-4857-4c75-8b18-d88aa9fd9090,X-ray
1c4b84aa-fcbc-4863-9a85-7c8fbd75310e,BPT
9750b82c-4075-4bb7-b07a-339a513134bc,QI
408fe675-13be-4a95-b3cb-75a7a29cf1e7,VSTS
eb0d0c00-cdc9-4df9-83d5-b56402f23b80,Epistemology
b913dda3-4e51-4e71-b752-db343d6aedb5,Fortran
241af18c-29ef-493e-a4ff-5a2a7ba29eb3,Economic Research
c581e444-3666-4685-a844-47b7b70b7d3b,Front Office
5009ed46-a631-4cb1-a75e-a82a9dda2471,SAP BPM
c483919a-a01c-409b-b6c5-ed25e6d6d6aa,SMED
ef3efbc9-a67a-4e40-8440-d5c4126a3129,MDT
0ce7678b-017b-4b05-8d44-f299c27e325e,ITIL Certified
7eba631e-d077-414a-b1bb-a7b2c89681ed,NCS
394dcca2-b570-4339-bfba-344ef0a30b25,Full-life Cycle Recruiting
32afd4d8-6a83-444e-9a23-ab64a2975158,Yiddish
68c877b4-10e7-4331-a875-1998e3402a38,Nielsen
41872238-ebe4-4a55-ac28-a21db048f232,Nokia Qt
066af1a8-28ca-457c-baed-45aafb637fdf,Sybase IQ
204e7d4c-6376-4ddd-9a16-22ebcdf72b97,VSX
3d82473b-0b2d-4c9e-9ef3-7d92e1269430,Tires
1e0dea74-9e72-417d-87c0-ed14b32196bc,Concept HDL
36a3ed16-246e-48f8-91d3-83cc6411349e,Tour Operators
f9934811-9db9-455f-b79b-8c7305eb604e,DVB-S
f3b07703-e62a-4888-99f8-c05e82abc125,RCRA
d599c989-5d20-473c-a79a-1d6d84f22817,Finite Element Analysis
bb40ca26-84ca-4196-b8f5-0305db943711,NLog
abcf7137-72c7-4bbc-807a-606fcfcebbf4,OWL
1eaa8026-3415-4326-ab7b-9f6a7ca115d7,Branding
5566ef69-fc41-4b4b-beb3-76497e25b426,DC-9
d87c687d-b862-4545-8387-5b44eda8d573,GCPs
55b03b5a-3a42-4d78-9577-c30752657258,Conservation Issues
1c3c9856-9d73-484e-955f-83a2fee44652,PCS7
8d785037-f4a6-4257-8b03-b0ec6f9bddd5,GNMA
f5cfed44-652e-49a8-9f2e-ec3504d7f75f,VMware
762608a1-24b6-4644-a5a4-ab73117507d4,FDTD
c6d19cc7-1fed-4809-bb40-d7624797160b,HAZOP Study
6c7e9e38-ee0e-454a-997b-d064fdf9e2f0,Process Automation
9c1c42c8-fdca-4bf5-8f6a-d1e0de0fbcfd,SRDS
c49ed15a-87a7-409a-a782-3b1e039078c9,Toxicology
12b82fb1-44b9-4c2d-b4f4-072e3d44c240,RNO
e20f9d12-b143-4d09-9447-fa8031768313,Epidemiology
77436f5e-b1a9-410f-a4fd-112e818ab0ee,DBUnit
b6fde81d-b6c2-43e9-820c-ae3c28a3cd7b,Myofascial Release
80db8204-8a1a-48f0-af89-ce81273fef8a,Yeast
b562603d-2cc6-4609-880e-a08998c6b4ef,OAS Gold
3f75a1fa-536c-4e4c-97ba-5f843cf7ffda,Hotel Management
06f86fdf-1525-44b5-8699-645d744029a7,HTRI Software
d6cec4f8-943b-42bf-ba3e-db3b6211be77,RCM
7b05874b-be3e-4d6e-a785-f7ab63b36bdf,Quality by Design
681a1a5f-6342-4084-b061-cff51308e7dc,SIP
3d0da1eb-8d03-4e29-8d5e-79f4bad2e8f5,OTN
b1b14265-3620-4f6b-b562-671148637525,Research Ethics
46bde4fb-1488-4b27-80f0-0500ea781ea4,International Shipping
849c4782-fc24-448c-85f6-48b64470a04c,FTC
93a1a5bf-542c-4ba4-8118-7449f89e6e92,Lawson HRIS
0f28200a-24f3-4dde-b86f-b5f62474a4a4,Sculpture
d228aefe-7091-425b-b196-98b956b3222c,NT 4.0
c532ed0a-ddcb-4852-8d25-c405dd9e709f,BPML
721c6648-52c8-49ec-9dc9-940d2b26ff8f,Construction Drawings
e166b6c6-2de9-4626-95c4-ae141511198d,Agile Testing
4a2b6f60-6161-4ac7-9d09-079bf3e8cdd3,Transportation Management
fdd968ff-539d-438d-af12-37c1920058de,OEE
2c680c14-47ac-448c-bba9-4a6f04fe614b,Cinema 4D
1fa0603d-6f29-45cb-aec9-88673f880d93,Biochemistry
aa4f78e2-e127-4bb3-888e-3ce06c00c155,Smarty
cb7d3823-b97a-45c0-a3f2-a1e39c2b1985,KNX
cce14178-7a68-4eb2-bb28-4ac2f449062b,WBTs
f5603cfa-a71f-4aaf-8ee9-21c866c98698,LDO
6af013e0-cbd5-464b-a94a-6e49c5ba04db,SBR
2a9c574f-5c57-462b-b604-a31afb6301b6,VPM
bf77ad57-e35f-4d5d-9ec2-d732ea7380d5,Mentoring
ec8ad4a9-5c35-4de6-b936-ada9a29e5b4a,Physical Therapy
eacdc1b5-6cbb-48aa-8e61-f25ee894b508,DTE
1acf8711-c748-4c35-8249-5eaf2a171adf,MP3
f2ee1a68-54f8-4662-a0df-572a95e2eaa6,DLNA
c09e509f-65dd-4d08-a642-d90c28bd8184,Niche Marketing
a1f53cd9-4dfa-4137-9575-f77ba259a394,Sponsorship
07c1a958-2d62-4327-b563-7512da4c7ce9,Shotokan Karate
c8067c8b-ae4e-4bc8-bfab-8d1400dee9a1,CWNA
ae13718d-6eed-48f9-bac2-50dd0e43fcbe,MyFaces
560228a9-8303-4acc-abae-5c5ba3a27351,Cognitive Psychology
bd1b828e-27aa-43d7-882a-21d442fb273f,Operational Excellence
2e07bfe3-bdd7-44e3-a37b-c61341b712c7,Yellow Pages
d62ec6df-daed-489d-95f5-965f12dd01a1,PBASIC
cba88d0c-95e6-4471-b1d0-bb03e82480f0,DDMS
fc717c5c-65d6-42a5-8b61-690da3f2f62a,EBITDA
bae91660-813c-4cdf-a886-8556da4ee3b4,Computer Hardware
63139a86-312c-461c-87c6-925d50e11838,EBSCO
df2ddbc0-fcad-4bf6-a5e2-17796764333d,TPT
7fe82f5e-12c3-4fb1-8f37-9f59fd55819c,Communication
895183af-7ecf-4d95-8811-92e40d3752a3,HD Camera Operation
5683e2d8-5808-4166-a894-a3fc79799920,Strategic HR
fc9e2800-e495-455d-9b15-04ad3404d365,HD Camera Operation
00f50560-bc87-41cc-bb0b-ca73450d7168,Axis
3c759638-10c4-45b7-aafe-03bdf6232e5d,HSE Management Systems
a670e3be-f0c4-41ed-91d3-ff71c77654c0,VJ
de49c843-4e7a-4006-8fa2-0c1b800c6b70,QC Tools
339c694b-b36e-46d3-aa25-eaf212a1df7f,GGY Axis
9179f022-bb0a-4048-8822-7a2cdc4e64d7,Typesetting
cbcc7dcc-5728-40e2-8ea1-1b8c7877a1e8,Sleep Disorders
a5f4a1c8-81bf-4eaa-9c45-afd66772938f,HP QTP
7854d3cb-8d9a-442b-8b15-d01c41527eb5,Partner Management
4d3fd119-f2fb-4d16-ae75-0e05e650c000,Uveitis
f3017d7f-39a5-48ad-9583-31ba09a9a994,Credit
41eb132b-2c3f-4847-871d-b7e28b215273,Operations Management
0e43732d-203f-4f2b-8166-d77640b67559,Gmail
b383f7e9-2e8a-44a9-8289-cf63ce7010db,Solaris Zones
647f49bb-fc9a-4f35-87fb-0e611376e6bf,Mental Health Counseling
4150468f-9350-43f0-9e58-119725967a61,SGBD
c699631b-2fee-4526-b555-bcb2783bf0f9,SGW
3fcc0294-2458-401d-b9d2-1b5c5418706d,HDI Support Center Analyst
769327da-8931-45ea-a2e2-111c2066136d,MLOAD
3ab4f4d8-a026-4366-a768-a32e633abb26,EViews
71e4abd6-40de-4265-9ad2-c18c355eda97,Economic Modeling
9a2c8ae0-e67d-4a2c-946a-2f734bb130ee,Aquatics
08b1f36a-afab-4cb0-a80f-4914779c3996,Zinc
04431a0c-06bd-468b-a9d2-f4d9d1b8b5bc,Vlookup
86c29ca6-0f1a-43ec-9742-1cea42a97dd7,Executive Search
73c801da-2194-4c5f-adcc-77c7a31ff439,RELAX NG
2c8d909c-cc38-43f4-abfd-88f57c0b37c4,QAD
ee733b41-9262-421d-8280-95c0d64e1351,Fitness
2f8e51f7-ef3c-44c7-9223-5544714fa33d,Urban Geography
0f9b8d16-d9de-4905-9d2b-7e71fbf30caf,Psychosocial
1455ba1b-0c47-40a9-b760-f9e6be09ef86,Ductwork
327dbaaa-acff-41f1-b241-7dea5019c98a,BCNE
143e8535-77af-4920-99ff-4a00f8e64f0a,PDMS Draft
7a2cad9b-f3ec-4436-9fe5-0ef991695937,Pinterest
15fa343b-b580-4a60-ba34-dee1da74e097,Dog Training
70afc3c1-8517-4690-846d-099fc93368ef,FMV
547d6e1d-d96b-478e-94ed-a71afa6668ba,PDMS Draft
7d3f50a1-0d45-4e2d-9e20-34e6406486c1,OEM contracts
c1207e0d-c25f-4bcd-a32d-67e2ca3c704c,Hypnosis
baa9e6a6-a8b1-40db-aa62-cceefdb0b17f,Operational Planning
0b052485-1104-4e94-bdfe-4421306bd426,xPON
b0d76d7b-384f-456a-ad32-0f28030d5fcc,Eyeliner
6868e7b1-3f44-48b8-acf4-6ab1ed00be47,Human Computer Interaction
84fe7c65-a622-4bac-a394-10ac93bfa2e1,After FX
fb73be9f-829b-46ff-bc3e-a2b97b49c877,PPTP
72a550eb-0aad-421d-b0e9-8d7886d27a49,Econometrics
abe5e43f-46ff-47b5-93a6-6016c2d3ffc9,Rx
3612a410-8d74-4466-a815-c885e91634d4,Cloud Computing IaaS
f72784bd-add4-4b5e-8555-a17dcb74cd76,Aquariums
ede535c7-0592-4d7e-90ae-f34597654841,TyMetrix
618fb193-08c2-4402-a953-7935ba1ab744,VLAN
77af6de9-499b-4a27-a13b-e3b56e20dff3,Juggling
d559c648-76bc-42fd-ab5b-cfcabc833fee,Knowledge Transfer
49898c89-061c-43f9-b194-ba44c0718471,EEO/AA Compliance
0a251711-15df-4d55-8f75-76c96d890df7,Avid Media Composer
d0a77042-9ffc-4eb6-b884-333df396294d,Zebra
7e9d5532-b172-4c79-ae6f-1e1920792ef1,Key Performance Indicators
e086b34d-efaa-4e88-b116-40b203b24bb7,CSG
5ec5ad93-a657-4450-a8de-c1fd54e27262,IPS
a4b2c966-7223-4eb7-aae2-05279fd5858d,LAN-WAN
a645ae6c-c13d-40fb-b6dc-3ba54d1e096c,UIKit
bd21d36e-132f-420e-8ed4-e13c427b14cd,Pilates
7af42733-6ba2-4ea2-854a-6bb7091d02a9,MLD
ace63044-908f-4997-a620-eae25465d227,Inspection
d359c768-c083-436c-8b9a-8d7b5b9fa8b8,Control Systems Design
0ac98512-1b20-4003-a26c-dd8a0e0acf47,Industrial Hygiene
76d17231-9bc6-4693-85eb-c038edb188cc,Organizational Design
02a36972-114e-4c6c-b1f6-793c406d30ac,360 Feedback
9e768aed-85a8-4c7f-ab17-0c19c1a0ae67,JDE CNC
c940eb49-8862-4efe-a7ce-49f8fc0c64a0,Business Intelligence Tools
1e8d7a96-84b6-4d06-a760-6ce739251e68,PVElite
d5c9408b-de16-4c9f-999a-d3c72668c67b,FTC
83a7abf7-4cca-4fdf-b373-7da70dcbb4ef,Start-up Environment
03c4cb53-6aa4-4bd1-a6e6-5ae8e1209471,VDSL2
31083eac-becf-40d1-bb7c-4e953d850ee6,People Skills
84fbf3ef-40b9-4be9-81ce-63261795646b,Stakeholder Management
f3018629-9c85-40f3-b53e-ad3ed3ae8220,JWICS
987afb89-5b98-4cb5-bbfe-4e8fdabc4360,Workplace Violence
8cdd81ff-fbab-47ef-9088-cdffd3eb38d3,Community Organizing
055c4dd4-7c0c-46e0-b3fa-ab1bf1215c8f,MDSD
0f21c597-5844-4803-9300-d150353bd83b,RCS Master Control
3955ca3b-0798-40cc-9846-b474911c6e22,Hotels
50bc9e5d-1ced-4453-955f-df412afa5104,OLED
defaa0b3-7efe-46cb-a6b7-3c7fdd01ca95,Industrial Ethernet
a1092e7d-c89e-462d-97ad-d365bc3284e3,Urban Infill
8a2b8f4e-1aec-4ab6-8d64-8ec93a840f29,Team Management
324555ec-dc66-4f03-8778-7d85e3452388,HVDC
df2b6f2e-ac39-4018-948e-c8cbeeb46167,IFMA
31038b3b-bc1d-4204-a6bd-3a7db05e4e7d,Governance
f9ec8476-390d-46d7-af31-581da842d868,Olive Oil
464a1642-4e74-4c0d-bec1-4c1a99cf94d7,Lung
431994c7-715f-4eaf-8b59-85ded62f453c,Security Awareness
30094f03-a182-498f-8c28-511ff57e97a9,Aerial Silks
66dbc7f8-11ae-4a1b-9e9b-9b66be59f80c,ZPL
b65bd202-eb91-431e-8ab4-f8060f9d4266,KVM
bc0b430a-f9f9-47b3-92b2-84b81f8490bc,XPS
8e172165-aff6-4370-a90c-7474826cecef,TNS
c8137fe5-5bbc-46b6-817c-680532a6e11b,HPLC
65db5ea0-9141-4e28-ae64-4b175e16edcb,NDF
7983cb70-441f-4893-aa03-87df71e13d4b,GMC PrintNet T
af64e468-e04a-4adc-83bb-3eb7015e1bf3,Apache
97ea24f8-2c0a-4fef-b1ae-fa471312dd1f,MBTI
b5f3afd4-fd50-494f-9f2c-349d26acb66b,MMC
23806b0a-a18a-4f10-8ad8-3ec4502cf5df,FDS
ce131665-c090-43fb-815d-1704edb5b2ae,Hazard Identification
dcd96e10-a616-4dc9-937b-67db8fccb59f,Structural Dynamics
0a1d85bc-fe6c-4e12-a074-a2a50b527ab3,Organizational Effectiveness
1f422f33-84ce-4b8c-bcf8-d52c0294ac66,Keratin Treatment
ea667738-0d47-4e66-8869-1168744b2e39,Luxury Goods
761c8048-deaa-46a3-b2b4-d4c63ccf4b9f,MS VC++
b3e3d15e-0801-4ab0-b3e1-341f56fa7769,VLAN
8e8d9ace-4450-4164-a67e-5446dc3243f5,KDevelop
01747a62-9920-470c-9610-d4c447a41677,WTL
2f420066-2a18-4c0f-92b7-7eb4e7c2a5ab,Luxury Goods
3d181d50-1131-45f5-9447-ac862bd6844d,R&amp;TTE
e1dd9107-e78d-438b-93b6-dbe8284ec0fe,Strategic Sourcing
f0618738-71df-4379-ac80-ffc496d6c9a7,EU Competition Law
27aeba4a-2f57-4ae9-979b-dcf6a26bf148,Google Apps
76625217-e10f-47a1-8942-33646298fdd1,Curating
b04ac697-798b-4eaf-819b-5c396e628575,WLL
76fab6ec-2940-411a-98c9-927d620fdadd,Formation Evaluation
795a4157-b91a-4906-b89b-17f53369f315,Capacity Utilization
a4bda87b-99f5-4883-8aee-8b6cc9860bb3,Gift Cards
956b0dd2-7259-4d5e-9a8f-cf36aa4dd14d,HTTPS
6576f636-12e2-466b-893e-f67842ce0fce,Rehabilitation Psychology
31f40352-bb1a-429f-8361-50820ddf196a,Psychosocial
fd6cd2a5-3efd-4f55-81bd-ba454808ef11,Cinematography
89f4cc98-7582-461d-98ae-07922f040c15,Keyshot
6e037c47-a10a-40ac-a6b7-e5fca3d8fdd3,Security Clearance
84f4e146-a1dd-48ec-b3b2-5bf47293024e,Floor Plans
f94d9592-72bf-4336-8385-0615aeac74bf,Food Processing
86264afb-6b0a-4c23-ade7-de9f6692457b,Military Operations
d802b5f0-9242-46d3-a506-b23bf9ba9621,Sports Management
e3a3ac4a-9336-414a-9cbd-98eac9fa2795,HNW
fb05e284-ea71-44e9-a1fd-bcba907aa294,SI
1878942a-c693-4280-9413-017dfe6cced6,GNU Debugger
469faba3-8121-487a-8d26-a16c14772c5b,IT Strategy
ddbf9bdb-f083-4e9c-9dd2-adc59580a462,HTML Emails
a4961c64-b00a-4278-8946-30570a301fe2,Healthcare Information Technology
04143537-737a-41de-b2e5-8e1500993f90,Zynx
e3ddd9b4-e147-42c5-9a1c-da3db4aebcdc,Molecular Dynamics
a4cab0fc-a478-46f7-8fd8-7ac6edd331c3,IEC
599af9a6-065f-4855-85d0-c6ee4704257a,Member of IEEE
d340c21f-ca83-4f03-8a59-dc15ca81387f,Process Efficiency
aff92296-5bc8-45f5-b036-70ab74b5e90e,CDISC
bea6ce51-75d0-49d1-9dff-b8cc81cc3416,Business Valuation
1f3c38d1-ff6b-4fbe-956f-83638b470269,DVB
b07d0b63-2a1c-4902-bc99-98bcb457aacb,Running
212b1dac-06fd-4e05-8345-39d303fd2aaf,DC-DC
111fbf12-3b45-495b-8540-738944cdd7ea,Gourmet
72549594-7b26-4096-8213-f1b0733b9587,Oracle SQL Developer
dadf7d3a-d254-4fa1-9937-a2bbf840347f,Pressure Vessels
f36f6072-ffe4-4828-b68e-08706b4eeeec,Xytech
5f6af619-5b86-44b1-a318-efe1a183a464,Urban Agriculture
06a3b16d-428b-4815-abe6-11f825d59da6,High Voltage
1399d7cf-af6e-44f9-bf95-ff888b036f68,GCIA
79820697-745a-4f18-9d65-0b94d4e2bb36,MKS
583ec6f3-b398-4a4b-888f-0181d220d624,Go-to-market Strategy
461e11e5-3384-4226-8277-388c436f1677,ATR-FTIR
1e7bae85-c520-4506-83cb-94d804efe1f5,Business Intelligence
8695d781-685c-4066-a91d-26c2004a7704,NBFC
ea8b8c74-196b-44cf-9d91-67c2ca596018,RCA
b95e092e-fb24-4260-949c-06379e3532b1,SFX Editing
18fb81ae-2e86-4ea6-8570-534a60430e8f,DFSS Green Belt
3b9d7845-9a75-4061-a8d0-2da34878a9f8,QSI
5466930f-24a3-4a95-8d94-69915c21569f,GCPs
c5a377a0-c472-4779-a049-1aa464570841,VLC
0f3088d1-27a5-43f5-ad85-3becfc8fdc5c,PVST+
2cb985bc-1c53-47c6-aab3-fe6fa2e9d900,LTSpice
3fee7030-0e53-44ad-844b-47cc86d49748,GNU C
5094933a-fe52-4bc2-b6b1-9031a447ce84,FTPS
dbaad27e-63e9-45b5-badc-57029e9e4575,Occupational Therapy
bf3ce795-84ef-43f2-9b86-2b609f44ec92,Term Life Insurance
6a2ea11a-938e-419b-acc4-a6be43b5b5a9,Driven By Results
38799dae-537d-4964-a38a-4a79d2aaa3eb,Data Management
c00ee292-4e84-49a7-bd56-509250fe9390,NT 4.0
643c212e-2bad-4cdd-9a13-34b10e464dc8,Electronics
db2ddbf9-6440-454b-8844-b711f32e0dfb,Professional Services
f1ceb6a5-04d3-472e-a974-4076006ce163,Offshore Oil
7ffb0650-bbfc-4a14-9f64-c4a977f38efb,JRuby
6f3bc879-73fe-459b-89ca-5babafa7f6f8,PyGTK
59ba1812-af81-4f0b-afa4-3118652820d9,Tax
8a86e4b4-5d8d-4b63-9dc2-02c611fd5da8,IPv6
baf53264-8002-4c77-9dac-f94cc8b5c2a9,KT
1d823f77-3b7f-436f-be0a-fe9f0e5e4cfa,QAM
a2706dae-9c65-47db-b124-629d3dc619b0,Document Imaging
0f034bd1-550a-44af-9f68-077c0bdc5c68,QlikView Development
561cae1b-83c8-4b65-b25a-ea7a609b0905,SRAM
8b23e534-5fec-4a12-8fff-28ca80360659,Retail
22779bd7-89f0-4000-8727-dd8ff651489a,DXL
ce45848e-5afc-47e3-86b0-2c05e5492a35,Agribusiness
a87fd62b-29cb-4006-8ac0-4a09238e26dd,Music Education
fb60d5fa-3d7b-4972-81d0-572cdac6cc01,Uveitis
7b684326-c9ed-4122-b274-bfa865a8979d,Cyberlaw
60c4d26d-6f30-4b61-9ca4-9be3a39f48a9,Performance Improvement
a7ffa715-e938-4d4c-9232-f95b7d1a1e27,DBC
d01ca799-989e-41fc-a830-9781660ec797,Recognition Awards
479a962b-a296-40eb-b51a-ed7057e63cdd,Cisco Routers
c8a60a09-ead8-4699-8dfe-84a6853986ee,DVD Authoring
34c5aba9-5d96-4c83-bc14-e305dee2b2dc,Turbomachinery
b6ff05fe-5575-421c-8143-a6fe8d084dbf,Fashion Design
ff667bf4-712a-485a-a93f-32b5db3a03b0,TCR
4fe968a1-5598-4802-889f-678e92512421,Kinesio Taping
2416ac28-aa79-47b9-b2a7-0a3774186e81,QAS
c52ddd49-204c-4771-8d9b-4ed4a6ea07c4,Hatha Yoga
9bfb41d7-cd9d-45a9-b047-b2f75e4b3c87,CTRS
0a0edbd2-6ca5-41a9-b5fe-7338192c4998,EBMS
e8cbe622-e0fa-470f-bf40-295e29811665,NGL
82ddd2a3-7420-47a9-9a18-03d65a39090d,Environmental Impact Assessment
153f84a7-c0f2-4f08-9f26-4fce946335af,PFTrack
a2369450-8a82-460c-a0b5-0c2ea3a5cdbd,Clarity FSR
ce4877fc-aaf3-42fe-9cd0-73b6ae477d4f,Pyxis
44380789-e419-4f4f-a0f8-9b179a854148,GCPs
9206b408-d3b2-4b30-b160-8cb0e151b1ae,CFM
e6e8bd56-4ecb-415b-bb21-571820ad338b,Home Equity Loans
5999e1b0-c046-431d-9cf3-4541dce190d8,pfSense
f3f4bc72-5748-4a61-a9d3-00fb5a48edff,VPLS
e5df6e2f-3489-48fd-9895-b58d459ada2a,LPG
7cd8a7bc-d92c-4c57-925e-d44e160209c1,NLTK
b495bb00-59c0-4463-ac00-889372c6d41b,Start-ups Management
a0b98aac-d4dc-4073-9e08-a0ea91fa9377,Ozone
32a5972e-7bb1-49ad-a244-e69f4dd67320,TDI
04d42afd-1788-4e6f-893b-42db115cb00c,CGI
ea16a97a-dc20-4c94-8828-6b466403047a,Adobe Creative Suite
9a71f8f3-ffdc-4557-a772-1d4e1d4c5725,ISO/TS 16949
8b906df9-232a-4097-874a-3e9cf677aa06,VB5
16074fed-d440-40bc-bf7c-cdedd89c8146,Revenue Analysis
a980396e-476a-41eb-9c48-12b74b12d30a,Jet Engines
3daf510f-5a5d-40c0-b2fa-7b20d8eb374e,HSIA
c473d18f-1500-4fc2-a5c2-fd02b9ab877d,Qigong
454b3278-6df7-4499-88fb-faa62be03c2a,Keynote
b21372a3-50df-4a3f-a283-e567365205b5,MRPII
03ee267f-5795-4013-824b-4cea72e6517f,ICT Governance
817b51ff-7c03-48ee-98dc-2f38412bdba0,ProSystem fx Engagement
47404729-2dad-4668-b6ff-cf26bb4a6561,XML Publisher
7a12848c-4149-4e87-a860-f5bd69e972ef,ODC
5219b9b8-6547-498e-93ce-245b0f2c6051,Injection Molding
76ced537-bec7-49c0-848c-89188ca7c9d5,Obstructive Sleep Apnea
7c473398-c692-40ac-affe-43999dd9a7b5,Zend Framework
599db172-8156-4c9e-975f-0272c1332371,Xserve
d62ed46a-f3e8-4a73-ae06-61d8149c883f,HRO
894bb284-85bf-405e-a1e6-2c738de6477d,Events Organisation
217cde71-ed7a-4f76-aa9c-ae6af74b7996,OEE
c41c681d-d721-4861-8a1c-ad84f70ef22e,PPPoE
6155754a-be4a-4340-ae9c-211a36d4757e,Functional Testing
652b8af3-bc1b-4d94-ac29-909e88c40898,Animal Nutrition
dcb67c3c-2e28-4798-8325-367e362f4686,Utility Billing
19d15113-3410-4563-a37d-89df15bc535d,ODI
18c082b9-3702-414f-bde1-75ca05746715,Latin American Studies
5db72f15-9562-4fca-8f0b-8779ce826474,Business Objects Data Integrator
5c822295-f299-46d4-85f6-9f07da97b9a5,eGain
f9ba2f8c-ee42-44ed-97de-57cfafacccc4,Physical Therapy
b70e6288-e0ff-492d-aa2d-a8adae01515f,Lung
f3d3bd48-c053-42ac-9e73-389c1dee565d,JD Edwards
7b3513b3-e2e7-4423-b1e8-8fd8ef7f6040,Airline Management
72dd59d3-c228-41b4-97bf-c7e6218733fd,MRPII
7933c5af-093a-48b3-ac48-09695063958b,AHDL
705d933c-8532-4c7a-93d5-119e402a1da9,Green Building
84d602f0-83ad-4a41-8b72-34d98fa80cb4,UAG
3522575a-f332-44d0-8adf-f15a10afca3a,PVST+
d338fa41-a11f-44c1-a86c-e036baeddeca,Target Identification
5fffd16a-ce7c-4aac-b650-8e130a84b3a3,Jib
cfcc5e34-3fb0-469e-8888-cde6260e8f32,TCA
fe0003da-289b-40eb-b400-99449965709a,Aesthetics
f6c75142-573d-4a5e-bfc6-a8639c645d14,CDL Class B
2c54c49f-c036-49d1-97e9-87e9211c26a8,UV coating
30874e75-08ae-403d-abe9-a36327036739,LSS
2018ba10-19b3-46a2-93a7-8ee2ba865d0e,Jet Fuel
e2d00a5c-a9e8-491a-b89a-ef04dd31293e,MVA
27001ba3-b570-4b59-9a27-eedc45f2fa80,PET-CT
ca477fd9-dfde-46c4-9351-e058ae06f123,Oracle RDC
372c8f3f-e757-42a4-8a65-74c40202321b,JReport
35a410a3-3179-4eb1-9519-80be61af84a0,Amadeus
2a5146f9-c7ab-406f-9e57-8ada4ad3067c,HR Policy Formulation
c0eb248c-f33d-47a8-a3a1-393eca529392,Home Equity Lines of Credit
01d030a2-a6d9-4ec8-9646-4aad0b617243,Illustrator
31a3c216-87ca-4e9a-9701-c4fe8165b0fd,Twitter Marketing
b32e7721-89cd-43ec-93d9-569deee5fa39,PPE
3df6c8e1-aed9-44c2-8693-8352c3865cee,Drainage
56849dd3-1f36-4baa-bc02-7f7c611950a2,Film Festivals
3effcba2-6c63-4a27-85e9-92981092cdc9,Bit.ly
9683c4a6-f355-4471-836b-9e448e46debf,International Tax
3ab3c8e7-4408-438c-ab14-7cbff08ee4c7,JDE CNC
b8a6fb2e-ca56-41d9-bc77-f334a607b79f,Oxy-acetylene
650aeb09-069c-414c-8922-4c796c948065,Health Education
9a921ef6-cc53-47ef-a3a1-6c7d5a4f75e0,Java RMI
79212fa5-cc6a-4536-8fdd-392b2426839e,Knitwear
54d2a8d7-b94b-4a8d-98b5-a4744f11bb97,Urgent Care
fa346eb5-95c0-4234-81fa-36251feba547,MW
1bdbc5bd-360e-43be-8d89-30f71b4c9dee,Afghanistan
4effd7b8-b67a-4c8e-b9cb-b61d28eb8707,GHP
43ee3946-9369-4144-bad7-037a3a6b7280,PPAPs
a7ec37ec-98c6-441c-a7a8-e192d3070b41,Portraits
fa86569f-ca68-4e10-b20d-8067f3d5d49a,English
fa78aaad-296c-46c5-ae8f-c4d8b9461869,ITIL
113316e5-55ac-4288-83dd-6fe5eb189ad4,ZenCart
2e8bfd9e-1279-4a51-80d0-018277875737,Prenuptial Agreements
57c4fbbd-a8e7-48d4-bcd3-e52bbea9aff3,Style Guides
1601dc88-f9ba-4f29-9d79-ec79be8d42c2,Databases
5b21bf8e-e913-4f64-af12-e52d7da153a3,SMSTS
dda4aef5-ab39-4b9f-b9b2-ca74e4fb7ca3,Company Set-up
b5512f9c-ecf0-4eb7-9504-d1bd30edbb8f,IED
cdda5d91-4e3b-44d2-ba70-3217815e56e1,RSLogix
e5786889-489b-41ec-8a91-302fcffecab1,Photo Shoots
8d227a43-21d0-470e-af3d-ec6397869a5e,EOI
e331dcc3-1f60-40ae-8674-c028600dd048,Background Checks
b662c546-3361-418f-88bc-718d541b14d7,Visual Identity Design
42007dd2-43b0-4201-a9c6-4e25af650def,DDL
c03f395b-a298-4bbf-9273-65d3bfcb7cac,Kuka
a8c4fe3e-839c-4325-830b-11d8f009abce,Eastern Europe
d6187c92-24bb-4ebb-9608-e92f5bc7eb49,RSpec
d92ef763-034f-4efd-b37b-39f37a960734,Kodak
43125269-c859-4eb9-aec6-3fd6f45d3fcf,EEO Investigations
94aa7cff-8c4a-4834-80d1-57e8412d0584,CTAs
b439525c-f149-46d5-80c5-48158037739b,YSlow
9827b44c-68ed-4ed1-a50a-9df21c275278,Digital Video
0e130164-7910-480b-a76d-4356df0ee8c0,Self-esteem
78941ce2-d108-43f1-afce-580bc9f127aa,AFM
05ec4a7b-e33a-4f0d-8246-c99755c25322,LDOM
ae7347bc-e400-4958-9d5f-f7d79d123bd1,LP
bd33496c-ad3c-442f-a0fe-0690f44bbe17,z/OS
cb6892c7-e42f-4b27-88bd-ce671d2094f3,RMDS
b6f83b17-e70f-4314-bef3-270467cd6321,Pharmaceutical Industry
81ad1359-814e-44cf-aaef-37c27a8c30c6,Aftersales
73bb1b56-5812-4a9b-8536-9d2a9dda5779,Music Festivals
cfd93f23-3f34-4b39-9a05-118bf069ebfd,JSTOR
2f523ca6-2784-4600-b8a2-8171b9039f2b,Urban Regeneration
da81d380-6c56-4268-86eb-f03849ccfc1c,VMware Server
9f88d475-7a71-44d5-8f0a-37b2cc705211,Overtime
bf39a32b-ed89-48dc-964e-957c1731c2f4,NPR Report Writing
eadffd48-1db6-4f34-8cc3-53b74b7355aa,Beverage Industry
ae6408a8-a812-4cb7-bd91-72f486fca52c,Aerospace Engineering
2dba1f3b-b986-45fc-8219-9eec6ba19ca8,VMware View
38761531-a6e9-4023-94b0-fc46c13c4163,Oligonucleotide Synthesis
c1088826-04ae-4660-84a3-ab08db45a2c1,MRV
d8724b88-569a-4a2e-8c77-7248d89198e5,NCAA Compliance
e14d382f-3fa2-4db7-9867-64afc1f4e8cb,Egyptian Arabic
a05151ef-90e3-4235-9434-75e9035b05a7,Operational Due Diligence
e44a66e9-dedb-4d73-aea1-0b9fc85382b5,Education
d88ad735-93f4-491b-b244-2694a021662a,Microsoft Office
51302d3f-a6ba-4c0b-8ed8-bcd7e1f010d7,Blood Pressure
0066b12e-945d-4327-a160-f609409f8b0a,Performance Management
4831b5e4-462c-423e-b809-7fd8fce8e9e2,JTIDS
bb17a6e4-8fda-400f-a488-cc66d36263a9,SAP BI
e55edb4c-0c4d-471c-b1d6-ba8dcfff6672,Kofax
82cba5ed-5227-4850-845e-b25d2cccf2ce,Long Distance Running
495a6ce5-a41f-407f-a2ea-b20e31207979,RRC
b0a17ca0-260a-4d9f-9002-ea991f2c53f5,TFF
0d2fb7ee-d5e8-4f12-97cd-786f7c843377,LTO
3e00540e-8c48-4e88-9099-811b5bde4bc9,VSTS
b5616ac8-8c6f-4ffa-9dd4-bc942d2ca9d1,FX Derivatives
a5b66e14-bce6-4625-a7c2-c0c4344ceb39,Financial Planning
aa62d223-32f2-45bd-a92f-9e096f489132,OAS
95df603a-ba61-40e6-9c9c-1f8a4dd98c24,EWP
491853aa-aa72-476d-9ab3-71e75a326d1c,VCO
1394d356-e349-4eb2-b35b-3a7c71d37162,OData
3a108f7a-cc7f-4c4a-a4b9-8a58af9df4e7,LDAP Administration
cae10f2f-c0db-47bb-a969-1c60b638572e,Yardi Enterprise
68d7596c-27a4-4db8-9bf9-fb08297e6705,Ppk
7846388f-7a5d-4093-b365-e8856bbf2a6c,GMRA
294cedca-7dd8-43e1-a5cb-892af4eb30af,IB
b54feba0-3e28-485d-972b-e140ec59805e,MQX
866fa68f-8181-4801-823e-d7033f3c6700,Outdoor Education
21c8ea91-f3b1-4716-9e7b-1ee8b2e770d5,HTML Scripting
c153d193-b8c3-4d76-896b-3e2b901d7fc2,Business Intelligence
166e6d4e-0900-4797-ac57-cc62ab18fb32,Know-how
f45956ee-cf1d-4368-83a3-e9b0feaaf39e,CGI
22beabbf-2096-4758-95a3-aba83790c7b6,Enterprise Software
d1ece9aa-2276-49a6-8e82-eadddfad3dab,Nagios
0252a51e-784d-413e-bc69-332ef63ab528,Hospitality Management
ae7ffe7c-e0c8-425a-a5eb-51188186ad37,SSAS 2008
086c4da5-bd43-404c-bb29-fcf221158e25,CQ5
c07f3e10-3ba1-4adb-a8f3-dd645c4e3db5,Healthcare Industry
fbd88015-f302-4691-9898-7bae1f6179b1,NCPDP
325f23c5-1d75-411a-8408-e0056bc24446,Sybase IQ
ec664e69-0ca6-42d0-815c-5cdfef107b9d,JiBX
5645ad9e-2dcd-43de-b6f4-e0c8aea23d81,MMA
336b8fda-904c-48d7-8e8e-70a55f9eeae6,Thin Films
d9ff48a0-db8e-4022-b1eb-3327d5c6436d,International Business
54fdac36-d01a-49d3-baef-95a25e9edf56,CAESAR II
3acbfec0-bc19-485b-be04-49c207f4cf8b,Active-HDL
4a03feca-91a2-4627-a5c2-0b588b13d5f2,NTSC
82865d9d-f7d4-495f-bbb2-7205eafffd91,GTAW
b790efc9-ce45-4fef-8eb3-194f2b687415,AQL
b3729ea6-f3af-4c4e-8073-cb6294ac27dc,Retirement Planning
a69544bb-9c30-45b0-9e93-bd0db20937bb,Flooring
