timestamp,review
2003-07-30 03:01:45,"Poisoning by cannabis (derivatives), undetermined, initial encounter"
1981-09-14 09:23:48,"Encounter for supervision of normal pregnancy, unspecified, first trimester"
1998-05-20 19:00:55,"Salter-Harris Type IV physeal fracture of lower end of humerus, unspecified arm, initial encounter for closed fracture"
1998-06-15 05:20:36,Drug induced acute dystonia
2001-06-12 07:44:16,Laceration without foreign body of right middle finger without damage to nail
2004-02-03 01:59:02,"Accidental malfunction of machine gun, sequela"
2007-01-09 23:18:49,"Displaced comminuted fracture of shaft of left tibia, subsequent encounter for closed fracture with delayed healing"
1999-12-22 11:58:04,Recurrent and persistent hematuria with minor glomerular abnormality
2000-02-22 18:16:15,"Unspecified physeal fracture of phalanx of left toe, initial encounter for open fracture"
2003-01-30 21:58:48,"Laceration without foreign body of unspecified back wall of thorax with penetration into thoracic cavity, initial encounter"
1998-12-03 01:53:20,Pain in unspecified finger(s)
1987-07-20 15:55:39,"Strain of unspecified muscle and tendon at ankle and foot level, unspecified foot"
2015-09-14 02:31:26,"Pedestrian on roller-skates injured in collision with railway train or railway vehicle, unspecified whether traffic or nontraffic accident"
1999-01-03 17:07:08,Persistent hyperplasia of thymus
2014-11-17 11:34:24,"Other vitreous opacities, left eye"
1991-06-29 14:51:33,Rheumatoid myopathy with rheumatoid arthritis of left ankle and foot
1995-02-06 15:27:14,Meconium staining
1995-04-14 14:11:59,Postprocedural adhesions of vagina
1983-08-02 17:45:02,Unspecified open wound of back wall of thorax with penetration into thoracic cavity
2005-03-14 01:56:39,"Strain of muscle, fascia and tendon of triceps, unspecified arm, sequela"
2011-07-25 22:32:29,"Malar fracture, unspecified side, initial encounter for closed fracture"
2008-04-21 06:46:27,"Other specified injury of lesser saphenous vein at lower leg level, right leg, subsequent encounter"
2006-05-30 19:21:18,"Other injury of extensor muscle, fascia and tendon of left index finger at wrist and hand level, initial encounter"
2003-02-09 05:04:59,Disorders of mineral metabolism
1997-03-28 07:01:10,"Poisoning by amphetamines, accidental (unintentional), initial encounter"
2018-06-28 01:06:16,"Other mechanical complication of artificial heart, sequela"
1986-03-30 08:39:28,Tracheostomy complications
2016-12-23 00:59:13,"Exposure to other nonionizing radiation, subsequent encounter"
2001-12-10 09:59:39,Minor laceration of pulmonary blood vessels
1989-05-02 03:25:18,"Unspecified fracture of shaft of left femur, subsequent encounter for closed fracture with routine healing"
2008-08-02 04:29:09,"Fall on same level due to ice and snow, subsequent encounter"
2020-03-06 20:01:19,"Unstable burst fracture of T11-T12 vertebra, initial encounter for closed fracture"
2014-12-14 22:36:06,Chronic tonsillitis
1994-03-13 09:59:19,"Other fracture of unspecified patella, subsequent encounter for open fracture type I or II with malunion"
2004-03-03 20:57:29,"Other injury of muscle, fascia and tendon of long head of biceps, left arm, subsequent encounter"
2002-11-16 13:41:22,Asphyxiation due to cave-in or falling earth
1995-06-16 12:29:43,Nondisplaced fracture of medial condyle of right tibia
1995-12-22 16:30:06,"Nondisplaced longitudinal fracture of right patella, subsequent encounter for open fracture type I or II with nonunion"
1994-03-22 09:22:10,Other complications of enterostomy
1993-06-18 00:43:12,"Contusion and laceration of left cerebrum without loss of consciousness, subsequent encounter"
1984-10-10 11:26:43,"Unspecified sprain of left middle finger, sequela"
2009-01-18 10:55:56,"Passenger in pick-up truck or van injured in collision with other motor vehicles in nontraffic accident, sequela"
1989-11-17 06:54:59,"Unspecified fracture of the lower end of unspecified radius, initial encounter for open fracture type I or II"
2008-05-22 03:10:29,Nondisplaced fracture of distal phalanx of left little finger
1987-06-13 16:07:29,"Pathological fracture in other disease, right ulna, subsequent encounter for fracture with malunion"
2003-06-01 06:07:38,Salter-Harris Type III physeal fracture of upper end of right tibia
2007-04-05 04:13:49,"Unspecified injury of lung, bilateral, initial encounter"
1982-10-18 20:16:19,"Salter-Harris Type III physeal fracture of phalanx of left toe, subsequent encounter for fracture with nonunion"
1988-04-25 01:26:30,Histiocytic sarcoma
1986-11-19 10:04:28,"Unspecified injury at T7-T10 level of thoracic spinal cord, subsequent encounter"
1978-09-29 15:12:58,"Corrosion of unspecified degree of neck, sequela"
2008-06-21 13:06:37,"Displaced fracture of lateral malleolus of right fibula, subsequent encounter for closed fracture with malunion"
2019-11-21 09:00:44,"Unspecified motorcycle rider injured in collision with railway train or railway vehicle in traffic accident, initial encounter"
1997-02-19 11:11:42,Displaced fracture of medial condyle of left tibia
1993-11-22 07:28:52,Newborn affected by abnormality in fetal (intrauterine) heart rate or rhythm during labor
2020-04-15 14:48:09,"Polyhydramnios, second trimester"
1989-07-02 05:13:02,Puncture wound without foreign body of abdominal wall with penetration into peritoneal cavity
2000-05-10 19:38:50,Myoadenylate deaminase deficiency
2012-12-02 14:58:53,"Fracture of unspecified phalanx of right index finger, subsequent encounter for fracture with nonunion"
2002-03-20 18:20:59,"Unspecified fracture of unspecified calcaneus, initial encounter for closed fracture"
2005-02-13 22:38:49,Presence of insulin pump (external) (internal)
1978-09-29 05:13:55,"Nondisplaced bimalleolar fracture of unspecified lower leg, subsequent encounter for open fracture type I or II with routine healing"
1990-02-18 19:27:24,"Toxic effect of contact with other venomous plant, accidental (unintentional), sequela"
2021-08-12 04:15:03,"Poisoning by other antacids and anti-gastric-secretion drugs, accidental (unintentional), initial encounter"
1982-12-30 04:54:29,"Displaced fracture of body of left calcaneus, initial encounter for closed fracture"
2021-12-13 19:52:27,Other difficulties with micturition
2021-05-02 19:55:52,"Displaced apophyseal fracture of unspecified femur, subsequent encounter for open fracture type I or II with nonunion"
1979-10-23 01:04:27,"Laceration without foreign body of right eyelid and periocular area, initial encounter"
1983-07-04 04:00:28,"Unspecified fracture of fifth metacarpal bone, right hand, subsequent encounter for fracture with delayed healing"
2017-12-02 02:53:12,"Displaced fracture of medial phalanx of left lesser toe(s), subsequent encounter for fracture with routine healing"
2012-10-01 14:22:52,Hypersomnia due to other mental disorder
1999-11-15 07:27:10,"Nondisplaced fracture of medial malleolus of left tibia, subsequent encounter for open fracture type IIIA, IIIB, or IIIC with malunion"
2003-12-07 00:25:18,Congenital bronchiectasis
2021-07-03 06:18:47,Struck by parrot
2013-04-23 13:19:35,"Displaced fracture of neck of second metacarpal bone, right hand, initial encounter for closed fracture"
2007-02-19 03:07:14,"Drowning and submersion while in swimming pool, undetermined intent"
2013-02-08 19:17:13,"Pre-existing hypertensive chronic kidney disease complicating pregnancy, first trimester"
1990-06-08 16:54:27,"Reiter's disease, right knee"
1985-05-16 02:48:50,"Multiple fractures of ribs, unspecified side"
2006-08-26 14:24:33,"Displaced fracture of base of second metacarpal bone. left hand, subsequent encounter for fracture with malunion"
1980-04-07 11:38:26,Type 1 diabetes mellitus with circulatory complications
1991-06-09 06:56:42,"Sedative, hypnotic or anxiolytic use, unspecified with sedative, hypnotic or anxiolytic-induced psychotic disorder, unspecified"
1991-06-14 07:56:17,"Injury of other nerves at forearm level, right arm, subsequent encounter"
1979-10-05 16:08:35,Episodic tension-type headache
2012-09-13 07:02:27,"Burn of unspecified degree of multiple right fingers (nail), not including thumb, subsequent encounter"
1985-04-09 21:40:37,"Oligohydramnios, second trimester, fetus 2"
1998-04-01 08:54:06,"Central cord syndrome at C5 level of cervical spinal cord, sequela"
2015-04-01 23:38:04,"Injury of digital nerve of left thumb, subsequent encounter"
1984-08-04 22:00:03,"Other intraarticular fracture of lower end of left radius, subsequent encounter for open fracture type IIIA, IIIB, or IIIC with delayed healing"
2010-08-21 09:01:03,"Malignant neoplasm of upper lobe, bronchus or lung"
2020-03-23 15:18:54,Other disorders of copper metabolism
1990-07-26 22:54:15,Displacement of internal fixation device of bone of left lower leg
2001-10-19 02:08:50,Reactive perforating collagenosis
1994-08-29 16:36:30,"Adverse effect of sulfonamides, sequela"
2010-02-09 05:20:42,"Laceration of unspecified part of small intestine, subsequent encounter"
1995-06-17 16:14:04,"Pressure ulcer of right hip, stage 2"
2016-01-09 04:51:15,"Strain of long flexor muscle, fascia and tendon of right thumb at wrist and hand level, initial encounter"
1987-11-07 12:35:58,"Poisoning by unspecified drugs, medicaments and biological substances, assault, initial encounter"
2015-04-25 12:29:09,"Nondisplaced fracture of body of right talus, subsequent encounter for fracture with nonunion"
1986-02-15 23:12:53,Burn of unspecified degree of left ankle
1996-04-03 08:13:45,Benign neoplasm of other and unspecified parts of small intestine
2012-03-22 05:11:49,"Burn of unspecified degree of right forearm, sequela"
1996-05-31 16:12:53,"Underdosing of other drugs, medicaments and biological substances, initial encounter"
1988-08-06 10:06:26,"Rupture of synovium, right hip"
2002-05-07 03:32:49,"Poisoning by antithrombotic drugs, accidental (unintentional), initial encounter"
1989-10-21 23:50:36,Other rheumatoid arthritis with rheumatoid factor of multiple sites
2007-05-20 15:06:16,"Nondisplaced fracture of intermediate cuneiform of left foot, subsequent encounter for fracture with routine healing"
2005-09-19 19:27:27,"Poisoning by vitamins, undetermined"
1993-05-12 08:57:44,"Struck by raccoon, sequela"
2016-09-25 01:27:46,"Passenger in heavy transport vehicle injured in collision with car, pick-up truck or van in nontraffic accident, subsequent encounter"
2019-06-02 20:52:57,"Puncture wound without foreign body of unspecified great toe with damage to nail, subsequent encounter"
2008-06-13 03:23:19,"Nondisplaced supracondylar fracture with intracondylar extension of lower end of unspecified femur, subsequent encounter for closed fracture with nonunion"
2009-01-10 19:56:18,"Unspecified occupant of heavy transport vehicle injured in collision with pedestrian or animal in nontraffic accident, sequela"
2008-12-16 16:34:11,"Delayed hemolytic transfusion reaction, unspecified incompatibility, subsequent encounter"
1993-12-11 00:54:05,"Person on outside of pick-up truck or van injured in collision with other nonmotor vehicle in traffic accident, subsequent encounter"
1980-04-26 11:56:39,"Pedestrian on skateboard injured in collision with railway train or railway vehicle in nontraffic accident, subsequent encounter"
1980-01-06 23:32:22,"Unspecified physeal fracture of phalanx of unspecified toe, subsequent encounter for fracture with routine healing"
2011-12-30 18:14:54,"Bitten by orca, initial encounter"
1996-09-09 20:49:02,"Preterm newborn, unspecified weeks of gestation"
2021-05-14 12:49:27,Burn of third degree of multiple sites of wrist and hand
2005-04-03 08:32:54,"Deprivation amblyopia, unspecified eye"
2000-07-12 04:57:35,"Osteopathy after poliomyelitis, thigh"
2011-07-13 17:21:20,"Unspecified child maltreatment, suspected"
1986-03-02 04:28:04,"Barton's fracture of unspecified radius, subsequent encounter for open fracture type IIIA, IIIB, or IIIC with routine healing"
1995-06-04 23:59:48,"Vasculitis limited to the skin, unspecified"
1981-06-28 13:06:22,Unspecified focal traumatic brain injury with loss of consciousness greater than 24 hours without return to pre-existing conscious level with patient surviving
1994-08-18 23:03:40,"Fracture of unspecified phalanx of right thumb, initial encounter for open fracture"
1983-11-17 13:19:01,Corrosion of third degree of ankle
2022-02-12 01:04:43,Complete traumatic amputation at level between right shoulder and elbow
1983-08-30 13:17:34,"Displaced comminuted fracture of left patella, initial encounter for open fracture type IIIA, IIIB, or IIIC"
2008-01-10 07:10:19,Fistula of vagina to small intestine
1998-11-08 05:18:13,"Monteggia's fracture of unspecified ulna, subsequent encounter for open fracture type IIIA, IIIB, or IIIC with routine healing"
1984-07-19 12:57:39,"Military operations involving destruction of aircraft due to onboard fire, civilian, sequela"
2002-09-26 21:39:52,Central serous chorioretinopathy
2004-02-02 07:42:20,"Echinococcus multilocularis infection, multiple sites"
1996-02-16 01:59:25,"Degenerative disease of nervous system, unspecified"
1984-06-01 03:16:58,Unspecified car occupant injured in noncollision transport accident in nontraffic accident
1987-04-15 11:20:48,"Salter-Harris Type III physeal fracture of lower end of radius, left arm, subsequent encounter for fracture with nonunion"
2009-04-05 14:38:37,Other specified injury of external jugular vein
1990-04-16 21:09:08,"Other contact with other hoof stock, subsequent encounter"
1998-08-18 03:14:20,"Corrosion of second degree of unspecified shoulder, sequela"
1987-06-02 10:09:37,"Other mechanical complication of intraocular lens, subsequent encounter"
1982-10-28 09:14:40,"Laceration of blood vessel of unspecified finger, subsequent encounter"
1999-02-17 14:05:11,"Stable burst fracture of T9-T10 vertebra, initial encounter for open fracture"
1995-06-21 19:54:12,"Migraine with aura, intractable"
1996-02-19 00:53:06,"Nondisplaced fracture of lateral end of left clavicle, sequela"
2004-04-20 10:56:08,"Displaced comminuted fracture of shaft of left femur, subsequent encounter for open fracture type I or II with nonunion"
1980-11-25 17:29:04,"Other sprain of right middle finger, initial encounter"
2001-09-20 14:35:24,Abnormal histological findings in specimens from male genital organs
2004-10-16 13:07:14,Complete traumatic transmetacarpal amputation of unspecified hand
1985-01-03 11:11:09,"Mediastinal (thymic) large B-cell lymphoma, lymph nodes of axilla and upper limb"
1980-12-10 04:07:07,Lesion of radial nerve
2018-12-18 05:45:14,"Hydroxyapatite deposition disease, shoulder"
1989-02-09 13:32:08,"Unspecified fracture of shaft of right tibia, subsequent encounter for closed fracture with routine healing"
2011-06-05 16:00:58,"Nondisplaced supracondylar fracture without intracondylar extension of lower end of left femur, subsequent encounter for open fracture type I or II with routine healing"
2013-02-07 18:40:47,"Iris atrophy (essential) (progressive), bilateral"
1999-01-03 21:24:47,"Nondisplaced subtrochanteric fracture of unspecified femur, initial encounter for closed fracture"
1980-02-28 11:47:13,"Occupant of streetcar injured in derailment without antecedent collision, sequela"
1988-10-11 21:50:20,"Motorcycle driver injured in collision with other motor vehicles in traffic accident, subsequent encounter"
2022-01-26 14:37:00,"Burn of third degree of unspecified site of left lower limb, except ankle and foot, subsequent encounter"
1987-11-19 23:34:50,"Nondisplaced fracture of lower epiphysis (separation) of unspecified femur, subsequent encounter for open fracture type I or II with nonunion"
1979-04-08 04:27:00,Burn of third degree of scalp [any part]
2003-02-02 10:34:01,"Other superficial bite of scrotum and testes, initial encounter"
1995-11-25 13:25:26,Subluxation stenosis of neural canal of thoracic region
2003-09-06 04:03:18,"Displaced fracture of proximal phalanx of left little finger, subsequent encounter for fracture with delayed healing"
1984-01-08 06:05:12,"Nondisplaced segmental fracture of shaft of ulna, right arm, initial encounter for open fracture type I or II"
1979-09-18 12:57:18,"Toxic effect of zinc and its compounds, assault, initial encounter"
1981-05-15 20:02:49,"Corneal staphyloma, bilateral"
1997-08-23 13:49:59,Fracture of proximal phalanx of lesser toe(s)
1988-01-12 23:24:52,Direct infection of right elbow in infectious and parasitic diseases classified elsewhere
2001-02-14 02:44:28,Congenital dilatation of esophagus
2015-09-14 18:01:47,"Laceration without foreign body of unspecified finger with damage to nail, initial encounter"
1988-03-03 11:08:54,"Other complications of anesthesia during pregnancy, first trimester"
2021-07-16 14:57:24,Subluxation and dislocation of unspecified parts of shoulder girdle
1997-07-13 04:08:08,"Cyst of ora serrata, left eye"
1983-11-05 11:05:19,Mechanical complication of coronary artery bypass graft
2005-06-01 17:11:57,Traumatic hemorrhage of right cerebrum with loss of consciousness of 6 hours to 24 hours
2017-07-16 18:19:02,Encounter for fitting and adjustment of partial artificial right arm
2002-06-15 21:25:10,Other specified disorders of left ear
1996-05-06 01:11:22,"Unspecified open wound of right great toe with damage to nail, subsequent encounter"
2005-12-28 18:03:40,"Unspecified traumatic displaced spondylolisthesis of seventh cervical vertebra, sequela"
2001-11-24 01:18:07,"Poisoning by predominantly alpha-adrenoreceptor agonists, intentional self-harm, initial encounter"
1996-07-05 17:12:30,Salter-Harris Type III physeal fracture of upper end of radius
2015-08-10 23:25:10,Encounter for fitting and adjustment of artificial eye
2018-07-01 10:45:49,Contact with nonvenomous marine animal
1982-05-02 08:57:35,"Corrosion of third degree of left foot, initial encounter"
1991-05-09 03:09:19,"Pedal cycle passenger injured in noncollision transport accident in traffic accident, sequela"
1995-11-25 17:55:31,"Other foreign object in pharynx causing asphyxiation, subsequent encounter"
1992-11-23 12:01:08,"Unspecified injury of ulnar artery at forearm level, right arm, subsequent encounter"
2004-01-31 03:04:23,"Abscess of tendon sheath, thigh"
1981-12-09 12:57:35,"Disturbance of temperature regulation of newborn, unspecified"
2001-12-11 05:07:39,Driver of heavy transport vehicle injured in collision with pedal cycle in nontraffic accident
2002-09-17 20:28:14,"Unspecified fracture of left wrist and hand, subsequent encounter for fracture with delayed healing"
1995-12-16 01:57:59,"Obstructed labor due to brow presentation, fetus 1"
1988-11-27 03:26:58,Contact with squirrel
2009-02-16 01:18:00,Perforation due to foreign body accidentally left in body following endoscopic examination
2000-09-29 13:11:14,Subdural hemorrhage due to birth injury
2021-10-19 05:12:28,"Laceration of other muscle(s) and tendon(s) at lower leg level, left leg, initial encounter"
1980-11-21 23:39:50,"Open bite of right breast, sequela"
2014-11-17 04:46:37,"Breakdown (mechanical) of urinary electronic stimulator device, sequela"
1991-02-13 17:46:44,"Foreign body granuloma of soft tissue, not elsewhere classified, left hand"
1994-01-19 20:06:39,Other lesions of oral mucosa
2019-12-28 05:54:21,Black piedra
2017-04-15 01:48:20,"Bipolar disorder, in full remission, most recent episode mixed"
2001-10-16 17:41:21,"Panniculitis affecting regions of neck and back, sacral and sacrococcygeal region"
2005-03-30 08:38:55,"Pulmonary histoplasmosis capsulati, unspecified"
2002-07-06 20:01:50,"Malignant neoplasm of ribs, sternum and clavicle"
1990-10-13 16:34:35,"Person injured in collision between car and bus (traffic), sequela"
1995-04-11 14:29:48,"Hair causing external constriction, subsequent encounter"
2015-11-20 11:55:25,"Nondisplaced oblique fracture of shaft of unspecified ulna, subsequent encounter for open fracture type I or II with malunion"
1993-08-13 01:10:31,"Unspecified superficial injury of left elbow, sequela"
1987-12-20 16:04:35,"Contracture of muscle, right ankle and foot"
1983-09-13 11:18:09,"Complex tear of medial meniscus, current injury, right knee, sequela"
1986-08-13 18:52:53,"Superficial foreign body of abdominal wall, initial encounter"
2015-03-27 06:21:10,"Unspecified injury of muscle, fascia and tendon of lower back"
1998-03-09 02:03:47,"Salter-Harris Type IV physeal fracture of lower end of radius, right arm, sequela"
1986-06-09 04:27:23,"Poisoning by predominantly beta-adrenoreceptor agonists, assault, subsequent encounter"
1983-05-19 14:56:17,"Burn of third degree of unspecified site of lower limb, except ankle and foot"
2000-09-03 07:53:36,"Nondisplaced comminuted fracture of shaft of ulna, unspecified arm, subsequent encounter for open fracture type I or II with delayed healing"
1980-01-27 01:49:04,"Stable burst fracture of fourth thoracic vertebra, initial encounter for closed fracture"
2015-01-26 21:20:59,"Puncture wound of abdominal wall without foreign body, left upper quadrant without penetration into peritoneal cavity"
2006-02-16 22:06:26,"Driver of bus injured in collision with other motor vehicles in nontraffic accident, initial encounter"
1987-09-25 16:12:53,"Corrosion of second degree of right foot, initial encounter"
2009-07-26 10:56:34,"Colles' fracture of left radius, subsequent encounter for open fracture type I or II with nonunion"
2011-02-07 13:40:48,"Unspecified injury of other extensor muscle, fascia and tendon at forearm level, left arm, subsequent encounter"
1984-07-27 14:40:04,"Unspecified injury of other blood vessels at wrist and hand level of unspecified arm, subsequent encounter"
2006-02-04 15:56:16,Autonomic neuropathy in diseases classified elsewhere
2002-06-12 22:26:03,Actinomycosis
2000-07-08 15:47:28,"Other instability, knee"
1999-05-23 05:31:18,"Corrosion of unspecified degree of left scapular region, sequela"
1981-02-25 06:42:59,"Toxic effect of corrosive acids and acid-like substances, intentional self-harm, sequela"
2005-07-28 09:38:19,Complete traumatic transphalangeal amputation of right middle finger
2001-02-27 18:35:35,"Toxic effect of corrosive alkalis and alkali-like substances, assault, subsequent encounter"
2012-10-31 21:31:48,Cutaneous abscess of right upper limb
2010-05-18 19:30:59,"Fracture of base of skull, left side, subsequent encounter for fracture with delayed healing"
1989-11-12 09:41:51,"Poisoning by unspecified drugs primarily affecting the autonomic nervous system, intentional self-harm, initial encounter"
1986-09-26 14:03:13,Irritant contact dermatitis due to other agents
1989-02-10 11:55:15,"Laceration without foreign body of unspecified lesser toe(s) without damage to nail, subsequent encounter"
2004-04-19 17:26:44,Salter-Harris Type I physeal fracture of lower end of humerus
1999-07-17 13:54:32,"Pedestrian on foot injured in collision with other nonmotor vehicle, unspecified whether traffic or nontraffic accident"
2000-06-10 17:55:29,Myogenic ptosis of eyelid
2001-05-10 00:36:53,"Unspecified fracture of upper end of right tibia, subsequent encounter for open fracture type I or II with malunion"
1996-03-20 04:46:57,"Myositis ossificans traumatica, forearm"
2015-06-27 09:54:08,"Poisoning by unspecified narcotics, accidental (unintentional), sequela"
1980-09-04 16:51:56,"Crushing injury of unspecified wrist and hand, subsequent encounter"
2018-02-11 01:43:28,"Acute toxic conjunctivitis, left eye"
1992-11-22 19:45:04,"Foreign body granuloma of soft tissue, not elsewhere classified, unspecified lower leg"
1983-04-29 10:56:50,New daily persistent headache (NDPH)
1992-04-05 06:20:12,"Pathological dislocation of left elbow, not elsewhere classified"
1986-09-13 07:58:32,"Displaced fracture (avulsion) of medial epicondyle of left humerus, sequela"
1982-01-06 23:38:02,"Poisoning by lysergide [LSD], undetermined, subsequent encounter"
2017-07-31 03:53:10,Malignant neoplasm of fundus of stomach
2015-06-05 00:33:31,"Unspecified injury of liver, sequela"
2016-03-16 02:43:32,Corrosion of first degree of single finger (nail) except thumb
2007-10-02 14:56:03,Nontraumatic compartment syndrome of left lower extremity
2007-08-19 00:07:06,Legal intervention involving unspecified firearm discharge
2017-02-26 18:16:46,Cholesteatoma of right external ear
1998-09-10 07:54:41,"Unspecified open wound, left lower leg, sequela"
1985-12-08 08:09:37,Systemic sclerosis [scleroderma]
2016-08-23 14:49:00,"Unspecified traumatic displaced spondylolisthesis of second cervical vertebra, subsequent encounter for fracture with nonunion"
2012-03-07 10:50:17,Toxic liver disease with chronic active hepatitis
1983-11-18 16:59:10,"Poisoning by, adverse effect of and underdosing of dental drugs, topically applied"
2019-04-11 17:11:35,"Corrosion of unspecified degree of right shoulder, initial encounter"
2003-11-10 15:15:04,"Burn of second degree of unspecified site of right lower limb, except ankle and foot, sequela"
1985-10-24 08:29:08,"Nondisplaced spiral fracture of shaft of unspecified femur, subsequent encounter for closed fracture with routine healing"
2008-01-03 16:34:35,"Displaced fracture of unspecified tibial spine, subsequent encounter for closed fracture with delayed healing"
2005-12-04 21:51:45,"Burn due to (nonpowered) inflatable craft on fire, subsequent encounter"
1994-01-01 21:15:20,Unspecified physeal fracture of upper end of left femur
2017-10-01 11:47:24,"Laceration of muscle(s) and tendon(s) of anterior muscle group at lower leg level, unspecified leg"
1988-11-26 15:37:15,"Adverse effect of barbiturates, sequela"
2020-06-22 16:29:04,Contact with and (suspected) exposure to aromatic amines
1994-01-01 19:17:46,"Nondisplaced dome fracture of left talus, sequela"
2005-10-08 14:00:30,"Passenger in heavy transport vehicle injured in collision with car, pick-up truck or van in traffic accident, initial encounter"
1986-01-15 14:55:53,Cystic fibrosis
1978-10-23 10:03:43,"Adverse effect of hydantoin derivatives, sequela"
2005-11-28 20:06:53,"Corrosion of second degree of unspecified site of right lower limb, except ankle and foot, subsequent encounter"
1983-08-11 15:10:48,"Burn of third degree of unspecified ankle, subsequent encounter"
2011-01-13 18:06:18,"Displaced articular fracture of head of left femur, sequela"
2007-05-26 18:11:46,Other mechanical complication of unspecified internal joint prosthesis
1999-08-03 18:09:02,"Poisoning by antidotes and chelating agents, intentional self-harm"
1992-01-13 14:01:28,"Calcific tendinitis, other site"
2006-08-07 06:28:06,"Complete traumatic metacarpophalangeal amputation of right little finger, initial encounter"
2004-11-16 22:17:51,"Idiopathic chronic gout, left hip, without tophus (tophi)"
1991-09-19 06:32:57,"Injured by rotating propeller, sequela"
2015-02-10 06:24:38,"Exhaustion due to excessive exertion, subsequent encounter"
2008-06-26 08:21:33,"Fracture of coronoid process of right mandible, subsequent encounter for fracture with routine healing"
1996-12-28 19:56:05,Missed abortion
1991-02-25 14:49:04,Medial dislocation of left ulnohumeral joint
1993-10-29 21:01:42,"Other fracture of unspecified femur, subsequent encounter for open fracture type I or II with delayed healing"
2020-12-05 14:24:38,"Strain of extensor muscle, fascia and tendon of left little finger at wrist and hand level, initial encounter"
2009-11-14 05:28:43,Sclerosing keratitis
2003-05-13 04:35:54,"Puncture wound with foreign body of left back wall of thorax without penetration into thoracic cavity, sequela"
1986-09-22 10:45:45,"Salter-Harris Type III physeal fracture of upper end of humerus, right arm, subsequent encounter for fracture with malunion"
2007-12-14 19:31:41,"Unspecified injury of ulnar artery at forearm level, unspecified arm, subsequent encounter"
1998-12-13 19:02:32,"Quadruplet pregnancy with two or more monochorionic fetuses, unspecified trimester"
1985-06-16 04:41:09,Osseous stenosis of neural canal of cervical region
1991-08-17 01:44:27,"Major laceration of femoral vein at hip and thigh level, right leg, initial encounter"
2001-08-03 17:50:56,"Poisoning by oral contraceptives, undetermined, subsequent encounter"
1982-09-26 08:16:37,Fracture of second metatarsal bone
1981-09-06 05:46:00,"Multiple fractures of ribs, bilateral"
1979-05-10 19:40:07,"Spastic ectropion of right eye, unspecified eyelid"
2012-11-07 02:02:56,Dyspareunia
1999-06-16 03:45:41,"Other cysts of oral region, not elsewhere classified"
1991-08-17 23:47:19,"Traumatic compartment syndrome of other sites, initial encounter"
2017-06-27 06:29:18,"Other injury of liver, subsequent encounter"
1991-06-17 00:45:19,"War operations involving explosion of guided missile, civilian"
2022-03-08 03:18:28,"Osteophyte, unspecified hand"
1988-08-10 11:05:12,"Corrosion of third degree of neck, sequela"
1994-05-13 05:55:28,"Other secondary chronic gout, left ankle and foot, with tophus (tophi)"
2012-02-18 06:28:33,"Paralytic calcification and ossification of muscle, lower leg"
1998-07-02 01:27:34,Dysarthria and anarthria
1988-02-02 10:47:49,"Nondisplaced fracture of neck of right radius, subsequent encounter for closed fracture with routine healing"
2012-09-04 19:52:48,Corrosion of second degree of right forearm
2013-07-19 07:04:53,Unspecified fracture of right lower leg
2017-11-14 22:03:28,"Strain of adductor muscle, fascia and tendon of unspecified thigh"
1991-11-06 09:41:49,"Unspecified fracture of the lower end of left radius, subsequent encounter for open fracture type I or II with delayed healing"
1987-06-20 02:49:37,Increased secretion of gastrin
1998-11-02 22:19:51,"Toxic effect of venom of other arthropod, undetermined"
1996-12-30 07:06:45,Post-osseointegration mechanical failure of dental implant
1978-04-13 14:26:51,"Other recurrent vertebral dislocation, site unspecified"
1978-12-06 23:24:32,"Traumatic rupture of other ligament of left ring finger at metacarpophalangeal and interphalangeal joint, initial encounter"
1995-10-31 00:05:09,"Displaced apophyseal fracture of unspecified femur, subsequent encounter for open fracture type IIIA, IIIB, or IIIC with delayed healing"
2011-06-12 00:43:14,Chronic perichondritis of right external ear
1979-06-10 16:38:11,"Struck by ice hockey puck, sequela"
2000-03-20 04:15:06,Puncture wound without foreign body of left buttock
2015-02-16 15:57:26,"Dislocation of metacarpophalangeal joint of left index finger, sequela"
1991-10-08 15:07:57,"Poisoning by unspecified hormone antagonists, assault, subsequent encounter"
1997-05-13 01:41:42,"Adult osteochondrosis of spine, cervicothoracic region"
2012-03-16 18:09:26,Corrosion of first degree of right wrist
1991-08-07 12:44:44,Personal history of malignant neoplasm of larynx
1995-12-24 02:57:25,Disturbances of salivary secretion
1984-10-17 18:19:11,Expulsive choroidal hemorrhage
2019-03-05 22:47:04,"Other malformation of placenta, second trimester"
1980-12-22 21:54:42,"Total perforations of tympanic membrane, right ear"
2007-08-29 03:01:58,"Displaced fracture of proximal phalanx of left thumb, initial encounter for closed fracture"
2017-03-28 15:06:54,Traumatic cerebral edema
1992-06-25 13:07:59,"Unspecified fracture of shaft of right ulna, subsequent encounter for closed fracture with nonunion"
2015-06-14 23:30:23,Mechanical entropion of left upper eyelid
1997-09-16 20:47:07,Torus fracture of lower end of left ulna
1979-06-05 04:00:07,"Salter-Harris Type II physeal fracture of upper end of radius, right arm, subsequent encounter for fracture with malunion"
2008-11-26 21:31:36,"Displaced supracondylar fracture without intracondylar extension of lower end of unspecified femur, subsequent encounter for closed fracture with routine healing"
2003-09-22 16:28:08,Person on outside of pick-up truck or van injured in collision with two- or three-wheeled motor vehicle in traffic accident
1983-12-18 03:47:11,"Unspecified superficial injury of anus, initial encounter"
1996-02-14 08:14:01,"Malignant neoplasm of peripheral nerves and autonomic nervous system, unspecified"
2016-12-01 10:03:35,"Pathological fracture in neoplastic disease, unspecified shoulder"
2010-02-09 11:04:08,Corrosion of unspecified degree of chest wall
2012-05-29 23:28:13,Abrasion of elbow
1995-04-17 17:58:35,"Unspecified fracture of shaft of unspecified radius, initial encounter for open fracture type I or II"
1978-11-13 17:45:25,"Exposure to domestic wiring and appliances, initial encounter"
1979-10-30 09:32:59,"Other calcification of muscle, left forearm"
2012-02-28 18:39:19,Malignant neoplasm of spinal cord
1985-02-11 04:49:49,"War operations involving explosion of unspecified marine weapon, civilian, sequela"
1990-09-21 00:19:55,"Poisoning by unspecified psychostimulants, intentional self-harm, sequela"
2012-06-08 20:53:11,"Crushing injury of right shoulder and upper arm, subsequent encounter"
2018-10-26 21:46:19,"Unspecified injury of unspecified vertebral artery, sequela"
1990-09-21 18:29:47,Personal history of other mental and behavioral disorders
2019-03-20 08:54:16,"Puncture wound without foreign body of anus, initial encounter"
2004-07-13 23:45:23,"Other specified spondylopathies, site unspecified"
2009-12-09 12:14:44,"Laceration without foreign body of abdominal wall, right lower quadrant with penetration into peritoneal cavity, initial encounter"
1993-07-22 14:18:50,"Inhalant use, unspecified with other inhalant-induced disorders"
2008-01-05 16:48:40,"Displaced oblique fracture of shaft of left femur, subsequent encounter for open fracture type I or II with delayed healing"
1982-02-18 16:53:18,Epidural hemorrhage with loss of consciousness greater than 24 hours without return to pre-existing conscious level with patient surviving
1980-12-19 18:32:17,"Other spacecraft accident injuring occupant, subsequent encounter"
1981-10-06 07:16:59,Person boarding or alighting a heavy transport vehicle injured in collision with railway train or railway vehicle
2021-01-12 10:24:22,"Other injury of other extensor muscle, fascia and tendon at forearm level, unspecified arm, sequela"
1987-12-14 13:05:56,Contusion of right ear
2007-10-10 11:11:24,"Unspecified injury of radial artery at wrist and hand level of left arm, subsequent encounter"
2015-06-13 18:20:20,Car driver injured in collision with two- or three-wheeled motor vehicle in traffic accident
2007-10-20 23:26:27,"Respiratory disorder, unspecified"
1979-03-18 21:25:02,Other subluxation and dislocation of foot
1983-10-29 01:54:25,"Poisoning by pertussis vaccine, including combinations with a pertussis component, accidental (unintentional), initial encounter"
1989-06-24 17:12:41,"Unspecified injury of left hip, sequela"
2017-01-23 05:18:10,"External constriction of penis, initial encounter"
1994-09-15 23:33:24,"Nondisplaced fracture of medial malleolus of left tibia, subsequent encounter for closed fracture with routine healing"
2002-02-27 22:09:40,Unspecified fracture of head of left femur
2016-08-16 11:14:36,"Posterior dislocation of left hip, subsequent encounter"
1991-05-23 05:54:44,"Salter-Harris Type III physeal fracture of phalanx of unspecified toe, subsequent encounter for fracture with malunion"
1983-11-11 07:44:01,Stable burst fracture of fifth lumbar vertebra
1979-09-15 01:57:51,"Breakdown (mechanical) of internal fixation device of bones of hand and fingers, subsequent encounter"
1985-10-28 21:16:15,"Scleritis with corneal involvement, unspecified eye"
1980-10-05 06:32:38,"Unspecified fracture of unspecified patella, subsequent encounter for open fracture type IIIA, IIIB, or IIIC with malunion"
2013-03-16 20:47:48,"Displaced fracture of head of left radius, subsequent encounter for open fracture type IIIA, IIIB, or IIIC with malunion"
1995-11-13 14:26:47,"Unspecified fracture of left forearm, sequela"
2001-01-21 09:34:56,"Person boarding or alighting from bus injured in collision with car, pick-up truck or van, initial encounter"
1997-02-04 04:26:55,"Drug or chemical induced diabetes mellitus with mild nonproliferative diabetic retinopathy without macular edema, left eye"
1997-10-29 11:47:58,"Person boarding or alighting a pick-up truck or van injured in collision with other nonmotor vehicle, sequela"
1995-11-25 10:17:04,"Felty's syndrome, unspecified hip"
1996-02-27 07:03:22,"Complete traumatic transphalangeal amputation of left ring finger, subsequent encounter"
2015-04-24 20:23:56,"Laceration of greater saphenous vein at lower leg level, left leg"
1997-02-07 19:30:23,Other  specified congenital deformities of feet
2011-04-05 04:50:48,"Unspecified occupant of bus injured in collision with car, pick-up truck or van in traffic accident, initial encounter"
1997-09-23 08:47:30,"Puncture wound without foreign body of larynx, sequela"
1986-09-28 01:34:20,Borderline lepromatous leprosy
1985-06-16 00:21:32,"Adverse effect of antimycobacterial drugs, subsequent encounter"
2019-05-02 07:26:15,"Military operations involving unintentional restriction of air and airway, civilian, subsequent encounter"
1992-08-24 23:08:18,Personal history of abuse in childhood
1983-05-08 20:49:15,Drug induced acute pancreatitis with uninfected necrosis
2003-12-19 04:39:49,Other necrotizing vasculopathies
2006-09-29 10:47:13,"Poisoning by unspecified narcotics, accidental (unintentional)"
1989-04-07 20:52:48,"Other fracture of right patella, subsequent encounter for closed fracture with routine healing"
1992-04-02 02:12:34,"Laceration of intrinsic muscle and tendon at ankle and foot level, right foot, sequela"
2011-01-14 00:22:23,"Strain of left quadriceps muscle, fascia and tendon, initial encounter"
2014-04-16 14:00:16,Plasmodium falciparum malaria
1989-10-20 14:34:00,"Other helicopter accident injuring occupant, initial encounter"
1990-01-07 00:21:07,"Maternal care for other known or suspected poor fetal growth, first trimester, fetus 4"
2015-09-27 12:55:58,"Nondisplaced segmental fracture of shaft of right tibia, subsequent encounter for open fracture type IIIA, IIIB, or IIIC with nonunion"
1991-08-31 05:52:08,"Burn of first degree of multiple sites of left ankle and foot, initial encounter"
1982-07-28 06:27:38,"Displaced fracture of base of neck of unspecified femur, initial encounter for open fracture type IIIA, IIIB, or IIIC"
1990-11-08 20:09:31,"Unspecified dislocation of left shoulder joint, subsequent encounter"
1998-05-06 03:18:53,"Poisoning by unspecified systemic anti-infective and antiparasitics, undetermined, sequela"
1986-11-06 09:39:08,"Machinery accident on board other powered watercraft, initial encounter"
2019-04-11 23:38:13,"Open bite, unspecified elbow"
2003-08-17 15:01:00,"Motorcycle driver injured in noncollision transport accident in nontraffic accident, initial encounter"
2009-04-19 23:20:22,"Other exposure to uncontrolled fire, not in building or structure, subsequent encounter"
1990-01-09 08:19:37,"Legal intervention involving unspecified firearm discharge, law enforcement official injured, subsequent encounter"
2013-02-16 04:10:08,"Other fractures of lower end of unspecified radius, initial encounter for open fracture type I or II"
1984-06-07 02:44:42,"Strain of muscle and tendon of long flexor muscle of toe at ankle and foot level, right foot"
1980-09-06 02:31:30,"Poisoning by local antifungal, anti-infective and anti-inflammatory drugs, intentional self-harm"
1984-10-03 09:08:21,"Burn of first degree of unspecified multiple fingers (nail), including thumb, subsequent encounter"
1981-08-26 20:16:21,"Person boarding or alighting a three-wheeled motor vehicle injured in collision with other nonmotor vehicle, sequela"
2007-11-08 22:21:47,Corrosion of second degree of left ankle
1996-11-07 20:33:15,Chondritis of right external ear
1996-07-07 01:15:35,"Subacute osteomyelitis, unspecified humerus"
1991-10-10 07:23:49,Injury of peripheral nerves of thorax
2004-11-27 06:34:59,"Other fracture of unspecified patella, subsequent encounter for open fracture type IIIA, IIIB, or IIIC with nonunion"
1999-04-16 23:18:17,"Other secondary chronic gout, left knee, without tophus (tophi)"
1996-12-22 04:42:12,"Military operations involving unintentional restriction of air and airway, civilian, subsequent encounter"
2022-03-15 13:27:22,Wear of articular bearing surface of internal prosthetic joint
2000-06-08 04:29:18,"Displacement of implanted electronic neurostimulator of brain electrode (lead), initial encounter"
1991-10-06 15:40:42,"Posterior dislocation of lens, unspecified eye"
2004-11-29 03:21:10,"Laceration with foreign body of right ear, initial encounter"
2004-04-26 03:36:18,Corrosion of second degree of lower back
1995-03-20 00:28:18,Pain in unspecified joint
2003-03-15 16:41:15,Pericardial effusion (noninflammatory)
2012-06-24 07:21:59,"Person boarding or alighting a motorcycle injured in collision with railway train or railway vehicle, subsequent encounter"
1997-01-28 11:58:42,"Laceration of intercostal blood vessels, right side, initial encounter"
2021-04-29 06:19:19,Unspecified pedal cyclist injured in collision with railway train or railway vehicle in nontraffic accident
2016-01-03 05:57:40,"Flexion deformity, unspecified shoulder"
2009-04-03 04:53:31,"Hemorrhoids in pregnancy, second trimester"
1997-03-13 01:14:37,"Poisoning by unspecified agents primarily acting on the respiratory system, accidental (unintentional)"
2008-03-21 18:30:31,"Other fractures of lower end of left radius, initial encounter for closed fracture"
2020-03-27 04:09:34,"Passenger in pick-up truck or van injured in collision with fixed or stationary object in nontraffic accident, subsequent encounter"
1985-08-27 22:16:11,"Fracture of other part of scapula, left shoulder, initial encounter for closed fracture"
2001-01-11 14:02:42,"Puncture wound with foreign body of right middle finger without damage to nail, sequela"
1981-03-22 18:08:07,Visual deprivation nystagmus
2000-02-24 03:44:20,Rheumatoid arthritis of left hip with involvement of other organs and systems
2006-09-06 00:45:32,"Displaced fracture of posterior column [ilioischial] of right acetabulum, initial encounter for open fracture"
1995-03-04 00:32:08,Driver of three-wheeled motor vehicle injured in collision with two- or three-wheeled motor vehicle in traffic accident
2015-05-13 12:45:11,Malignant neoplasm of trachea
1979-02-26 12:57:30,"Superficial foreign body of lower back and pelvis, subsequent encounter"
2010-08-29 11:51:45,"Partial traumatic amputation at elbow level, unspecified arm, sequela"
1989-10-22 08:56:27,"Nondisplaced fracture of head of right radius, subsequent encounter for closed fracture with routine healing"
1987-02-15 05:00:28,"Labor and delivery complicated by other cord entanglement, without compression, fetus 1"
2013-08-24 08:20:22,"War operations involving explosion due to accidental detonation and discharge of own munitions or munitions launch device, military personnel, sequela"
1996-08-02 15:41:08,"Other specified disorders of bone density and structure, upper arm"
2003-12-19 01:23:54,Barrett's esophagus without dysplasia
2013-02-21 01:10:40,"Unspecified injury of popliteal artery, right leg, subsequent encounter"
2000-04-04 20:42:15,"Unspecified fracture of T7-T8 vertebra, subsequent encounter for fracture with routine healing"
1994-08-22 20:33:02,"Supervision of pregnancy with history of pre-term labor, first trimester"
1985-01-26 07:19:12,"Bent bone of unspecified radius, subsequent encounter for open fracture type I or II with routine healing"
1999-02-05 00:34:00,Retrograde amnesia
1985-07-09 04:21:39,"Displaced comminuted fracture of shaft of ulna, right arm, subsequent encounter for closed fracture with routine healing"
2003-08-03 07:16:20,"Drug-induced gout, left elbow"
2021-10-16 08:06:19,"Military operations involving unspecified explosion and fragments, military personnel, subsequent encounter"
1998-01-13 15:02:26,"Breakdown (mechanical) of other ocular prosthetic devices, implants and grafts, initial encounter"
2010-10-20 12:54:44,"Disease of Bartholin's gland, unspecified"
1984-06-15 21:47:15,"Fatigue fracture of vertebra, lumbosacral region"
1988-07-11 06:34:31,Complete traumatic transphalangeal amputation of left ring finger
1980-02-04 13:44:34,Epilepsy and recurrent seizures
2000-03-21 10:04:31,"Other fracture of lower end of left ulna, subsequent encounter for closed fracture with nonunion"
2009-11-19 23:15:07,"Partial traumatic amputation of unspecified hand at wrist level, sequela"
1988-06-25 10:28:34,"Obstructed labor due to compound presentation, fetus 5"
2000-01-01 22:50:07,Dependence on other enabling machines and devices
1999-09-14 16:27:41,"Nondisplaced comminuted fracture of unspecified patella, subsequent encounter for open fracture type IIIA, IIIB, or IIIC with delayed healing"
2017-10-14 10:52:55,"Urinary catheterization as the cause of abnormal reaction of the patient, or of later complication, without mention of misadventure at the time of the procedure"
1979-10-28 09:43:34,"Myositis ossificans progressiva, right forearm"
2002-10-26 01:28:46,"Poisoning by, adverse effect of and underdosing of antidotes and chelating agents"
2003-12-03 05:53:06,"Unspecified injury of left external jugular vein, subsequent encounter"
2009-08-25 05:14:53,"Salter-Harris Type IV physeal fracture of lower end of humerus, right arm, sequela"
1984-08-02 15:58:12,Abnormal findings in specimens from respiratory organs and thorax
1986-11-05 11:00:55,Other disorders of refraction
1992-12-27 18:26:01,"Adverse effect of immunoglobulin, subsequent encounter"
2015-02-06 17:22:44,"Blister (nonthermal), unspecified foot, sequela"
2008-01-10 22:56:57,Multiple congenital exostoses
2001-09-28 01:42:06,"Superficial foreign body, right great toe, sequela"
2014-05-19 18:50:01,"Corneal ulcer with hypopyon, bilateral"
1992-07-27 07:58:20,Microgenia
2007-08-25 01:12:29,"Poisoning by mineralocorticoids and their antagonists, assault, initial encounter"
1983-01-25 05:52:43,"Laceration with foreign body, right ankle"
1996-12-03 10:40:06,"Other chorioretinal scars, bilateral"
2019-11-15 12:48:24,Injury of femoral nerve at hip and thigh level
2003-02-18 05:58:21,Exposure to other animate mechanical forces
2019-06-18 02:34:50,"Spontaneous rupture of other tendons, other"
1983-01-18 15:44:05,"Legal intervention involving injury by machine gun, bystander injured, sequela"
2017-11-26 13:12:48,"Chronic gout due to renal impairment, multiple sites, with tophus (tophi)"
2007-09-15 02:11:29,"Pathological fracture in neoplastic disease, unspecified site, sequela"
1998-09-08 05:54:51,Boarding-house as the place of occurrence of the external cause
1982-07-21 01:39:18,"Salter-Harris Type I physeal fracture of lower end of right fibula, subsequent encounter for fracture with nonunion"
1985-02-12 04:43:22,Other specified fracture of left ischium
1994-03-16 01:31:00,"Unspecified rotator cuff tear or rupture of left shoulder, not specified as traumatic"
1979-09-19 15:51:53,"Congenital pes planus, unspecified foot"
1987-06-20 21:06:30,"Other secondary chronic gout, left hip, with tophus (tophi)"
1980-09-17 15:36:18,"Poisoning by other viral vaccines, intentional self-harm, sequela"
1993-02-02 11:00:48,"Other tear of medial meniscus, current injury, left knee, initial encounter"
2013-12-29 20:51:46,Laceration with foreign body of cheek and temporomandibular area
1994-05-10 06:53:29,"Other injury of flexor muscle, fascia and tendon of right middle finger at forearm level, sequela"
2003-02-01 08:29:05,Puncture wound with foreign body of ear
1992-11-23 19:43:21,"Ulnar collateral ligament sprain of right elbow, subsequent encounter"
2018-05-20 19:54:27,"Coma scale, best verbal response, oriented, at hospital admission"
1992-10-16 18:05:44,Benign neoplasm of unspecified site of unspecified orbit
1997-06-03 12:39:02,"Pathological fracture in neoplastic disease, other specified site, subsequent encounter for fracture with malunion"
1994-06-12 07:06:00,"Puncture wound with foreign body of left little finger without damage to nail, subsequent encounter"
1991-04-01 23:29:15,"Displaced fracture of shaft of third metacarpal bone, left hand, subsequent encounter for fracture with delayed healing"
2015-02-05 16:03:36,"Fracture of alveolus of left mandible, sequela"
1992-08-17 15:42:33,"Disease of pancreas, unspecified"
1982-08-20 18:46:37,Maternal care for compound presentation
2010-05-21 04:44:58,Quadruplet pregnancy with two or more monoamniotic fetuses
2009-07-15 07:35:14,"Motorcycle driver injured in collision with pedal cycle in traffic accident, sequela"
2006-09-11 17:33:04,"Displaced transverse fracture of left patella, subsequent encounter for open fracture type IIIA, IIIB, or IIIC with routine healing"
2013-04-12 17:03:00,"Poisoning by smallpox vaccines, intentional self-harm, subsequent encounter"
2011-03-25 18:14:23,"Unspecified superficial injury of left eyelid and periocular area, subsequent encounter"
2021-12-23 18:17:07,"External constriction of left little finger, subsequent encounter"
1990-11-29 13:21:17,Other physeal fracture of upper end of right tibia
1986-12-08 00:40:48,"Other osteoporosis with current pathological fracture, right femur, initial encounter for fracture"
2021-04-08 12:06:16,Corrosion of third degree of unspecified thigh
1995-07-12 08:25:54,"Localized swelling, mass and lump, neck"
1984-05-18 13:06:09,Vitiligo of right upper eyelid and periocular area
2019-10-03 09:17:26,"Major laceration of unspecified carotid artery, initial encounter"
2010-11-20 11:36:02,"Subluxation of distal interphalangeal joint of right thumb, subsequent encounter"
2011-06-11 11:07:34,Crushing injury of right ring finger
2003-05-02 13:34:51,"War operations involving fragments from munitions, military personnel, sequela"
1993-08-07 13:45:44,"Frostbite with tissue necrosis of left finger(s), subsequent encounter"
1995-03-17 20:02:05,"Penetrating wound of orbit with or without foreign body, right eye, sequela"
1989-11-03 18:38:59,Other specified injury of internal jugular vein
2004-02-15 15:10:58,"Displaced transverse fracture of shaft of unspecified femur, initial encounter for open fracture type I or II"
1990-12-12 16:56:09,Factitious disorder with predominantly psychological signs and symptoms
1988-06-16 11:17:34,Corrosion of unspecified degree of thumb (nail)
2016-10-21 17:23:45,"Other sprain of left index finger, subsequent encounter"
1995-07-19 12:24:16,Fracture of unspecified phalanx of right thumb
1988-04-26 18:14:37,"Displaced fracture of body of scapula, unspecified shoulder, subsequent encounter for fracture with malunion"
1994-10-10 05:18:24,"Mixed conductive and sensorineural hearing loss, unspecified"
1996-11-26 00:44:13,Displaced fracture of distal phalanx of left thumb
2021-12-22 04:54:08,"Embolism due to vascular prosthetic devices, implants and grafts, sequela"
2007-10-09 18:46:13,"Pedal cycle driver injured in collision with other pedal cycle in traffic accident, sequela"
2017-02-08 04:00:25,"Drowning and submersion due to falling or jumping from burning sailboat, sequela"
2001-08-28 17:41:53,"Legal intervention involving injury by rubber bullet, bystander injured"
1993-11-14 18:37:04,"Laceration of extensor muscle, fascia and tendon of left thumb at wrist and hand level, initial encounter"
1981-12-25 16:46:51,"Minor laceration of thoracic aorta, sequela"
1978-08-04 11:59:49,"Poisoning by unspecified drugs primarily affecting the autonomic nervous system, assault"
1979-03-27 04:18:06,Stress fracture
2018-07-18 21:20:26,"Preterm labor without delivery, second trimester"
1997-07-12 02:32:22,Damage to pelvic organs following failed attempted termination of pregnancy
1979-07-19 07:19:29,"Congenital lordosis, lumbosacral region"
2000-09-07 09:02:58,Unspecified superficial injury of left knee
1986-10-08 07:34:36,"Pathological fracture, left ulna, initial encounter for fracture"
2011-11-20 07:41:05,"Maternal care for excessive fetal growth, first trimester"
1985-01-02 04:52:22,Cytologic evidence of malignancy on smear of anus
2003-10-13 08:22:08,Early congenital syphilitic rhinitis
1981-05-11 06:49:57,"Spontaneous rupture of flexor tendons, unspecified thigh"
1989-03-20 10:37:28,"Laceration of other blood vessels at lower leg level, right leg, initial encounter"
2021-02-15 07:38:30,"Other specified injuries of right thigh, subsequent encounter"
2020-06-28 13:41:39,"Nontraumatic ischemic infarction of muscle, ankle and foot"
1995-12-20 18:45:29,"Stress fracture, unspecified toe(s), subsequent encounter for fracture with delayed healing"
2001-10-26 19:52:17,"Age-related osteoporosis with current pathological fracture, left forearm, subsequent encounter for fracture with delayed healing"
1997-04-30 12:30:41,"Other subluxation of unspecified patella, subsequent encounter"
2005-04-19 01:08:18,Breakdown (mechanical) of esophageal anti-reflux device
1978-04-13 10:38:12,"Drowning and submersion due to fall off water-skis, initial encounter"
1997-08-14 14:52:40,"Strain of muscle(s) and tendon(s) of anterior muscle group at lower leg level, unspecified leg, subsequent encounter"
2004-09-03 03:21:18,"Nondisplaced fracture of posterior process of left talus, initial encounter for open fracture"
2009-11-26 17:10:43,"Pressure ulcer of other site, stage 4"
2010-03-21 04:40:03,Osseous and subluxation stenosis of intervertebral foramina of pelvic region
1992-05-28 18:34:12,"Other incomplete lesion at C5 level of cervical spinal cord, subsequent encounter"
2007-05-21 11:27:32,Personal history of malignant neoplasm of unspecified female genital organ
1993-10-23 19:57:50,"Superficial frostbite of right toe(s), initial encounter"
2011-08-25 02:06:35,"Unspecified physeal fracture of phalanx of right toe, subsequent encounter for fracture with delayed healing"
1998-05-23 07:29:30,Exotropia
1979-02-20 01:59:44,Jumping or diving into swimming pool striking water surface causing other injury
1991-06-09 02:17:32,Hypervitaminosis D
2005-03-01 16:38:25,"Unspecified physeal fracture of lower end of unspecified fibula, subsequent encounter for fracture with routine healing"
1978-11-13 01:08:02,"Glaucoma secondary to eye trauma, unspecified eye, severe stage"
1983-05-11 21:15:37,"Unspecified occupant of heavy transport vehicle injured in collision with railway train or railway vehicle in nontraffic accident, sequela"
1989-09-19 02:11:13,"Injury of other nerves at forearm level, left arm, sequela"
2012-12-19 03:13:24,Goniosynechiae
1980-02-06 19:02:11,"Corrosion of second degree of left ear [any part, except ear drum], subsequent encounter"
2009-04-06 13:18:36,Infection and inflammatory reaction due to cranial or spinal infusion catheter
1989-04-21 14:41:33,"Superficial foreign body of right index finger, subsequent encounter"
1988-01-03 06:13:50,"Strain of adductor muscle, fascia and tendon of unspecified thigh, subsequent encounter"
2015-08-22 13:13:18,"Other early congenital syphilis, symptomatic"
2005-08-19 02:26:51,Minor laceration of unspecified innominate or subclavian artery
2009-05-08 13:06:26,"Unspecified subluxation of right middle finger, sequela"
2016-11-14 12:42:42,Corrosion of third degree of wrist and hand
1992-01-20 13:39:00,Other psychoactive substance dependence with intoxication
2014-07-31 04:06:26,Other specified osteochondropathies of shoulder
1980-02-20 22:55:26,Other atopic dermatitis
2014-08-20 02:12:25,"Whole chromosome trisomy, mosaicism (mitotic nondisjunction)"
2004-02-11 12:09:11,"Injury of other specified blood vessels at neck level, sequela"
1981-03-06 13:10:22,Infant botulism
2006-07-29 08:01:19,Congenital multiple renal cysts
2019-01-25 14:53:24,Neonatal obstruction of left nasolacrimal duct
2013-11-13 00:25:18,Atherosclerosis of other type of bypass graft(s) of the left leg with ulceration
2006-03-22 15:55:27,Contusion of left ring finger with damage to nail
1998-11-27 21:40:50,"Contusion of right index finger with damage to nail, sequela"
1989-11-22 04:58:38,"Corrosion of first degree of trunk, unspecified site, initial encounter"
1991-03-07 13:05:16,"Insect bite (nonvenomous), left foot, initial encounter"
2019-06-09 15:39:56,"Unspecified pedal cyclist injured in collision with car, pick-up truck or van in traffic accident, initial encounter"
1998-06-11 21:39:40,"Strain of unspecified muscle(s) and tendon(s) at lower leg level, unspecified leg, subsequent encounter"
2016-01-20 17:38:06,"War operations involving explosion due to accidental detonation and discharge of own munitions or munitions launch device, military personnel, sequela"
2010-06-04 22:26:21,Nondisplaced osteochondral fracture of unspecified patella
1991-12-23 10:18:04,"Unspecified chronic otitis externa, unspecified ear"
2016-02-10 02:18:55,"Nondisplaced fracture of left tibial spine, initial encounter for open fracture type I or II"
1998-02-16 06:47:46,"Unspecified intracranial injury with loss of consciousness of 30 minutes or less, initial encounter"
2003-12-03 12:22:36,Unspecified hereditary corneal dystrophies
1995-04-07 09:22:45,"Person boarding or alighting a pick-up truck or van injured in collision with railway train or railway vehicle, subsequent encounter"
2018-08-30 05:15:42,"Injury of lateral plantar nerve, unspecified leg, sequela"
1993-09-14 16:50:45,"Motorcycle rider (driver) (passenger) injured in other specified transport accidents, subsequent encounter"
2008-10-15 01:22:53,"Other specified injury of long flexor muscle, fascia and tendon of unspecified thumb at wrist and hand level"
1998-07-29 02:32:37,"Breakdown (mechanical) of internal fixation device of bone of right forearm, subsequent encounter"
1986-01-13 10:54:46,Driver of bus injured in collision with railway train or railway vehicle in nontraffic accident
2021-07-18 00:08:23,"Burn of first degree of unspecified shoulder, initial encounter"
1998-04-16 03:00:09,Occlusion and stenosis of anterior cerebral artery
2007-06-20 21:07:49,Unspecified mononeuropathy of right lower limb
2019-07-22 21:47:45,"Nondisplaced segmental fracture of shaft of left femur, subsequent encounter for open fracture type I or II with nonunion"
1981-06-23 20:21:55,"Displaced spiral fracture of shaft of ulna, right arm, subsequent encounter for closed fracture with routine healing"
2018-08-19 00:52:40,"Underdosing of pyrazolone derivatives, initial encounter"
1988-09-22 17:11:29,"Nondisplaced articular fracture of head of right femur, sequela"
1980-09-24 04:18:21,"Displaced osteochondral fracture of unspecified patella, subsequent encounter for closed fracture with malunion"
1985-05-09 07:53:38,"Stress fracture, right radius, subsequent encounter for fracture with nonunion"
1980-01-01 15:40:28,Influenza due to other identified influenza virus with pneumonia
1988-09-14 05:16:17,"Traumatic hemorrhage of right cerebrum with loss of consciousness of unspecified duration, sequela"
1997-05-28 04:01:18,"Other fracture of lower end of unspecified femur, subsequent encounter for open fracture type IIIA, IIIB, or IIIC with routine healing"
2018-05-21 10:48:28,"Toxic effect of carbon disulfide, assault, subsequent encounter"
1997-05-21 19:34:49,Benign neoplasm of kidney
1985-07-13 05:11:27,"Glaucoma secondary to drugs, left eye, mild stage"
2008-08-02 17:44:42,Abrasion of right hand
1987-09-25 00:47:33,"Other chronic nonsuppurative otitis media, bilateral"
1993-04-07 21:59:42,"Other secondary gout, left knee"
1991-04-16 21:49:27,"War operations involving biological weapons, military personnel, subsequent encounter"
2004-11-07 09:19:57,"Intentional self-harm by other specified means, initial encounter"
1989-08-15 02:59:36,"Unspecified pedal cyclist injured in collision with other pedal cycle in nontraffic accident, subsequent encounter"
2010-12-24 21:18:46,"Unspecified maternal hypertension, unspecified trimester"
1995-12-12 03:25:37,Abnormal cytological findings in specimens from male genital organs
2015-09-07 18:06:14,"Displaced fracture of neck of left radius, subsequent encounter for closed fracture with malunion"
2010-07-26 09:55:44,Struck by sea lion
1992-04-05 05:00:32,"Age-related nuclear cataract, unspecified eye"
2017-04-22 01:53:17,"Nondisplaced spiral fracture of shaft of humerus, left arm"
2009-05-09 12:46:52,"Displacement of intrauterine contraceptive device, sequela"
1986-11-18 14:09:32,"Sedative, hypnotic or anxiolytic abuse with other sedative, hypnotic or anxiolytic-induced disorders"
2020-07-13 16:40:28,Diseases of pulp and periapical tissues
1991-10-23 08:56:30,"Other infective spondylopathies, site unspecified"
2008-02-16 08:05:22,"Nondisplaced fracture of glenoid cavity of scapula, unspecified shoulder, initial encounter for open fracture"
1996-04-16 03:16:54,"Car passenger injured in collision with fixed or stationary object in nontraffic accident, initial encounter"
1988-11-18 09:50:10,"Nondisplaced fracture of first metatarsal bone, unspecified foot, sequela"
1983-01-08 18:13:10,"Displaced bicondylar fracture of right tibia, subsequent encounter for open fracture type I or II with nonunion"
1980-06-20 06:28:47,Puncture wound with foreign body of pharynx and cervical esophagus
2018-05-06 01:52:31,Personal history of other malignant neoplasm of bronchus and lung
2009-12-05 05:16:49,"Salter-Harris Type IV physeal fracture of upper end of humerus, right arm, subsequent encounter for fracture with delayed healing"
1991-07-07 23:32:57,"Valgus deformity, not elsewhere classified, right knee"
2011-01-30 08:41:54,"Injury of femoral nerve at hip and thigh level, unspecified leg, sequela"
2011-10-09 03:47:25,"Contusion and laceration of cerebrum, unspecified, with loss of consciousness of 1 hour to 5 hours 59 minutes, subsequent encounter"
1979-04-27 13:22:03,"Displaced comminuted supracondylar fracture without intercondylar fracture of unspecified humerus, subsequent encounter for fracture with delayed healing"
2014-05-06 01:46:49,Burn of unspecified degree of buttock
2015-11-19 21:58:15,Other embolism in the puerperium
2013-08-08 05:19:08,"Other osteoporosis with current pathological fracture, unspecified forearm, subsequent encounter for fracture with malunion"
2002-12-25 17:12:32,"Contusion, laceration, and hemorrhage of brainstem with loss of consciousness of any duration with death due to other cause prior to regaining consciousness, sequela"
1994-05-27 05:44:24,"Toxic effect of phenol and phenol homologues, undetermined, sequela"
1979-05-09 07:44:25,"Major depressive disorder, single episode, severe with psychotic features"
1988-05-31 17:25:30,"Fall from scooter (nonmotorized), initial encounter"
2012-07-29 18:19:52,"Congenital iodine-deficiency syndrome, mixed type"
1979-03-25 06:11:46,"Military operations involving unspecified explosion and fragments, civilian, initial encounter"
2012-08-25 17:24:42,Unspecified fracture of lower end of left tibia
2016-04-10 01:52:45,Fracture of head and neck of femur
1998-02-20 18:27:50,Optic nerve hypoplasia
2011-01-20 09:38:44,"Unspecified superficial injuries of unspecified back wall of thorax, subsequent encounter"
1989-12-26 08:08:38,Carcinoma in situ of other and unspecified parts of intestine
1995-09-12 04:48:03,Calculus of bile duct without cholangitis or cholecystitis
1978-10-06 18:53:47,Right lower quadrant rebound abdominal tenderness
2014-01-28 02:23:10,Osseous stenosis of neural canal
2002-06-23 01:08:54,"Unspecified occupant of dune buggy injured in traffic accident, subsequent encounter"
1986-05-26 08:31:38,"Injury of left internal carotid artery, intracranial portion, not elsewhere classified with loss of consciousness of 1 hour to 5 hours 59 minutes"
1987-02-12 16:05:54,"Exposure to excessive heat of man-made origin, initial encounter"
2017-08-17 08:19:59,"Toxic effect of venom of centipedes and venomous millipedes, accidental (unintentional), initial encounter"
1990-09-18 22:29:41,Acute infarction of spinal cord (embolic) (nonembolic)
1984-02-18 05:51:24,"Toxic effect of venom of black widow spider, accidental (unintentional), sequela"
2016-03-09 22:02:30,"Toxic effect of contact with other venomous fish, undetermined, initial encounter"
2001-09-04 08:59:16,"Labor and delivery complicated by other cord entanglement, without compression"
1994-10-06 02:29:52,"Fracture of humerus following insertion of orthopedic implant, joint prosthesis, or bone plate, left arm"
1988-06-12 01:39:26,"Partial traumatic amputation of two or more unspecified lesser toes, initial encounter"
1979-12-29 16:35:45,"Displaced subtrochanteric fracture of unspecified femur, subsequent encounter for open fracture type IIIA, IIIB, or IIIC with nonunion"
2007-06-27 11:49:12,"Swimmer's ear, left ear"
1991-08-27 08:51:41,"External constriction of unspecified eyelid and periocular area, sequela"
1991-08-17 19:31:45,"Salter-Harris Type I physeal fracture of upper end of radius, left arm"
2005-10-17 03:30:28,"Nondisplaced oblique fracture of shaft of unspecified femur, subsequent encounter for closed fracture with malunion"
2000-02-09 20:48:48,"Poisoning by, adverse effect of and underdosing of other nonopioid analgesics and antipyretics, not elsewhere classified"
1995-08-17 03:23:16,Jumping or diving from boat striking bottom causing other injury
2007-12-27 01:10:09,Drug or chemical induced diabetes mellitus with foot ulcer
2008-12-03 19:16:10,"Contusion of left thigh, initial encounter"
2008-05-02 17:29:02,"Diseases of the circulatory system complicating pregnancy, childbirth and the puerperium"
2013-06-26 03:48:15,External constriction of penis
1980-10-13 09:20:40,"Hypertrichosis of unspecified eye, unspecified eyelid"
1986-11-23 18:41:39,"Intentional self-harm by airgun, sequela"
2008-05-29 07:53:27,"Laceration of lesser saphenous vein at lower leg level, right leg"
2021-07-19 12:12:33,"Derangement of other lateral meniscus due to old tear or injury, right knee"
1983-05-14 09:12:18,"Partial traumatic amputation of unspecified foot, level unspecified, sequela"
1982-05-16 03:59:33,"Unspecified displaced fracture of third cervical vertebra, subsequent encounter for fracture with routine healing"
1979-10-23 11:58:58,Underdosing of thyroid hormones and substitutes
1992-05-17 01:43:39,Hormone sensitivity malignancy status
2016-06-22 19:51:13,"Nondisplaced comminuted fracture of shaft of left fibula, subsequent encounter for closed fracture with nonunion"
1984-03-04 00:55:00,"Drowning and submersion due to being washed overboard from merchant ship, initial encounter"
1995-04-25 06:11:29,"Complications of other internal prosthetic devices, implants and grafts"
1995-03-21 07:07:17,"Displaced Maisonneuve's fracture of left leg, subsequent encounter for open fracture type I or II with delayed healing"
1990-01-29 09:57:07,Cutaneous abscess of right hand
1988-02-18 05:51:11,Corrosion of other parts of respiratory tract
1996-11-22 03:15:54,Other injury due to other accident to other powered watercraft
2013-05-31 15:24:40,"Corrosion of third degree of left shoulder, subsequent encounter"
1990-04-03 18:45:53,"Displaced other fracture of tuberosity of unspecified calcaneus, initial encounter for open fracture"
2010-12-15 06:01:57,"Malignant neoplasm of heart, mediastinum and pleura"
2010-09-12 20:10:45,"Driver of heavy transport vehicle injured in collision with other motor vehicles in traffic accident, initial encounter"
2006-07-31 06:58:31,Partial traumatic metacarpophalangeal amputation of other finger
2006-12-31 09:38:58,"Poisoning by amphetamines, undetermined, sequela"
1979-11-07 14:11:44,"Laceration of left renal artery, initial encounter"
1989-03-05 03:38:39,"Contact with unspecified hot objects, undetermined intent"
2013-03-23 09:11:38,"Osteitis deformans in neoplastic diseases, thigh"
2009-02-23 18:44:42,Other secondary carnitine deficiency
1986-10-12 08:34:02,"Nondisplaced fracture of lesser tuberosity of unspecified humerus, subsequent encounter for fracture with nonunion"
1997-12-26 21:14:09,"Abdominal migraine, intractable"
1979-10-13 18:47:45,"Acute mastoiditis without complications, left ear"
2005-11-17 21:01:29,"Thrombosis due to internal orthopedic prosthetic devices, implants and grafts, subsequent encounter"
1999-02-17 00:31:38,"Pedestrian on roller-skates injured in collision with heavy transport vehicle or bus in traffic accident, sequela"
2004-10-08 04:01:44,"Unspecified fracture of T7-T8 vertebra, sequela"
1984-10-08 18:15:35,"Strain of long flexor muscle, fascia and tendon of left thumb at wrist and hand level, sequela"
1995-06-23 09:17:31,"Poisoning by other vaccines and biological substances, accidental (unintentional), sequela"
1988-12-13 23:10:07,"Gestational edema, complicating the puerperium"
2018-10-23 10:19:48,"Other osteoporosis with current pathological fracture, unspecified femur, subsequent encounter for fracture with delayed healing"
2018-04-27 05:03:36,"Burn of third degree of back of right hand, subsequent encounter"
1985-01-25 05:53:10,"Toxic effect of ethanol, assault, subsequent encounter"
1985-10-13 23:30:24,Traumatic rupture of radiocarpal ligament
2007-10-12 19:20:44,"Kaschin-Beck disease, unspecified wrist"
1979-04-15 05:24:20,"Other injury of esophagus (thoracic part), sequela"
2010-12-02 17:19:51,"Laceration of other specified muscles and tendons at ankle and foot level, left foot"
2011-04-11 15:37:36,"Displaced comminuted fracture of shaft of radius, left arm, subsequent encounter for open fracture type IIIA, IIIB, or IIIC with malunion"
2005-12-08 11:29:19,Deformity of orbit due to trauma or surgery
1995-10-20 19:28:47,"Crushing injury of right shoulder and upper arm, initial encounter"
1980-04-24 07:14:37,Neonatal tachycardia
2020-04-02 16:16:36,Open bite of right back wall of thorax with penetration into thoracic cavity
2020-05-05 17:10:52,"Toxic effect of chlorine gas, assault, sequela"
2014-04-12 02:01:31,"Fall on same level from slipping, tripping and stumbling with subsequent striking against unspecified object, initial encounter"
2007-03-25 02:20:10,"Other mechanical complication of other implanted electronic stimulator of nervous system, sequela"
2019-08-06 18:20:17,"External constriction of left shoulder, initial encounter"
2005-06-10 23:52:03,Family history of other specific disorders
2014-12-28 12:02:06,Other disorders of unspecified eye following cataract surgery
2015-02-09 15:26:36,"Unspecified injury of left wrist, hand and finger(s), initial encounter"
1999-12-16 09:36:13,"Perforation due to foreign body accidentally left in body following other procedure, initial encounter"
1997-06-13 21:02:54,"Terrorism involving firearms, public safety official injured, subsequent encounter"
2011-03-02 17:08:26,"Nondisplaced transverse fracture of shaft of left femur, subsequent encounter for open fracture type I or II with routine healing"
1979-11-05 13:52:42,Other disorders of psychological development
1987-12-24 14:39:16,"Toxic effect of venom of other arthropod, intentional self-harm"
1993-09-28 12:13:31,"Displaced fracture of shaft of third metacarpal bone, left hand, subsequent encounter for fracture with nonunion"
2002-02-05 20:33:48,Sick-euthyroid syndrome
2014-05-16 20:51:53,Vogt-Koyanagi syndrome
2021-09-28 01:33:37,"Myocarditis, unspecified"
1984-12-12 03:33:41,"Sinus barotrauma, sequela"
2021-02-14 21:02:55,"Nondisplaced articular fracture of head of unspecified femur, subsequent encounter for closed fracture with delayed healing"
2008-01-02 02:51:12,"Dislocation of unspecified interphalangeal joint of right little finger, initial encounter"
2014-03-31 18:50:07,Extreme immaturity of newborn
2017-02-04 15:32:05,"Contusion and laceration of cerebrum, unspecified, with loss of consciousness of any duration with death due to brain injury prior to regaining consciousness, subsequent encounter"
2008-01-18 15:02:08,"Unspecified disorder of synovium and tendon, right upper arm"
1996-07-21 01:34:53,"Insect bite of other specified part of neck, subsequent encounter"
2012-04-15 02:49:52,"Nondisplaced simple supracondylar fracture without intercondylar fracture of left humerus, subsequent encounter for fracture with nonunion"
2004-11-23 18:22:33,"Unspecified asthma, uncomplicated"
2006-11-16 06:49:35,Cocaine abuse with cocaine-induced sexual dysfunction
1979-05-20 00:29:17,"Other surgical procedures as the cause of abnormal reaction of the patient, or of later complication, without mention of misadventure at the time of the procedure"
2000-08-26 21:37:44,"Nondisplaced articular fracture of head of unspecified femur, subsequent encounter for open fracture type IIIA, IIIB, or IIIC with nonunion"
1994-09-26 12:33:10,"Displacement of internal fixation device of unspecified bone of limb, subsequent encounter"
2021-10-02 00:57:47,Chronic vascular disorders of intestine
1984-05-26 21:52:59,Other cataclysmic storms
1991-03-19 14:01:22,"Burn of unspecified degree of left ear [any part, except ear drum], initial encounter"
1985-02-25 17:26:55,Leakage of artificial heart
2010-04-27 04:17:16,"Nondisplaced transverse fracture of shaft of left tibia, subsequent encounter for open fracture type IIIA, IIIB, or IIIC with routine healing"
2016-07-03 02:35:16,"Person injured in unspecified nonmotor-vehicle accident, nontraffic, initial encounter"
1984-01-30 09:49:30,"Malignant melanoma of right lower limb, including hip"
2002-01-08 05:28:57,Subacute and chronic melioidosis
1994-06-24 00:01:58,"Obturator dislocation of right hip, sequela"
2011-09-20 10:04:42,Malignant neoplasm without specification of site
1981-01-02 22:47:04,"Displaced fracture of body of right calcaneus, subsequent encounter for fracture with delayed healing"
1987-08-21 05:35:30,"Stress fracture, unspecified ulna and radius, subsequent encounter for fracture with nonunion"
1985-01-08 08:48:20,"Insect bite (nonvenomous) of right eyelid and periocular area, subsequent encounter"
1983-09-07 12:45:28,"Other meniscus derangements, anterior horn of lateral meniscus"
2017-08-27 18:07:10,"Pigmentary glaucoma, unspecified eye, indeterminate stage"
1986-09-11 23:48:36,"Subluxation of distal end of unspecified ulna, initial encounter"
2016-11-05 21:20:58,Posterior displaced fracture of sternal end of right clavicle
2021-12-28 13:23:55,"Assault by other sharp object, subsequent encounter"
2017-06-06 06:53:47,"Nondisplaced dome fracture of unspecified acetabulum, initial encounter for closed fracture"
1980-08-22 16:10:17,"Nondisplaced transverse fracture of shaft of humerus, right arm, initial encounter for open fracture"
2013-02-02 00:22:33,"Other specified injury of muscle and tendon of long extensor muscle of toe at ankle and foot level, left foot, sequela"
1982-02-10 17:57:03,"Photokeratitis, left eye"
2021-03-23 18:09:12,"External constriction, right ankle, sequela"
1995-01-02 12:02:36,Other physeal fracture of upper end of unspecified fibula
1989-10-04 07:18:15,"Lymphoid leukemia, unspecified"
2009-09-08 12:27:39,"Newborn affected by other malpresentation, malposition and disproportion during labor and delivery"
2003-12-11 19:13:57,"Complication of vein following a procedure, not elsewhere classified, sequela"
1978-05-16 19:09:54,Corrosion of right eyelid and periocular area
2002-08-20 15:25:04,"Fall into hole, subsequent encounter"
2009-10-19 22:31:03,"Foreign body granuloma of soft tissue, not elsewhere classified, left lower leg"
2002-07-28 10:29:01,"Poisoning by, adverse effect of and underdosing of  angiotensin-converting-enzyme inhibitors"
1986-05-01 12:13:12,Displaced segmental fracture of shaft of left tibia
2004-10-30 09:17:59,Personal history of benign neoplasm of the brain
1988-01-05 19:06:11,"Unspecified fracture of lower end of unspecified ulna, subsequent encounter for open fracture type IIIA, IIIB, or IIIC with nonunion"
1980-05-08 03:34:32,"Unspecified injury of pleura, initial encounter"
1994-09-18 15:04:43,Rheumatoid lung disease with rheumatoid arthritis of multiple sites
2018-09-06 20:25:55,"Strain of other muscle(s) and tendon(s) at lower leg level, left leg, subsequent encounter"
1986-02-19 01:32:15,Postprocedural hypopituitarism
2018-09-02 03:10:01,Dislocation and sprain of joints and ligaments of lumbar spine and pelvis
2002-12-25 01:11:21,Rheumatoid arthritis of unspecified knee with involvement of other organs and systems
2017-01-08 05:53:50,"Complete lesion of sacral spinal cord, initial encounter"
1990-07-09 19:44:27,Sprain of joints and ligaments of other parts of head
1983-10-11 14:25:10,"War operations involving thermal radiation effect of nuclear weapon, military personnel, initial encounter"
2021-01-26 01:32:26,"Nondisplaced fracture of left ulna styloid process, subsequent encounter for open fracture type IIIA, IIIB, or IIIC with nonunion"
1999-10-28 04:41:22,"Sedative, hypnotic or anxiolytic abuse with intoxication delirium"
2011-08-07 15:47:14,Meningeal adhesions (cerebral) (spinal)
2003-06-04 13:06:48,Furuncle of face
2018-09-29 13:19:12,"Degeneration of pupillary margin, bilateral"
1980-10-14 21:19:12,Postprocedural hematoma of unspecified eye and adnexa following other procedure
2000-06-25 18:19:22,"Nondisplaced fracture of medial phalanx of left middle finger, subsequent encounter for fracture with malunion"
2009-05-18 18:05:50,"Nondisplaced fracture of distal phalanx of left little finger, initial encounter for closed fracture"
1991-02-01 02:50:54,"Unspecified injury of unspecified wrist, hand and finger(s), initial encounter"
2021-07-18 03:07:20,"Other fracture of shaft of unspecified ulna, subsequent encounter for open fracture type I or II with routine healing"
1988-01-31 19:33:34,"Nondisplaced Maisonneuve's fracture of left leg, subsequent encounter for closed fracture with routine healing"
1981-11-28 15:37:29,"Striking against diving board, subsequent encounter"
2000-06-02 22:40:17,"Acquired clawfoot, left foot"
1979-10-19 06:15:08,"Salter-Harris Type IV physeal fracture of upper end of humerus, left arm, subsequent encounter for fracture with routine healing"
1994-04-29 14:59:46,Other porphyria
2008-09-24 18:17:38,"Displaced dome fracture of right acetabulum, subsequent encounter for fracture with routine healing"
2001-10-12 21:05:29,Other physeal fracture of upper end of left tibia
2006-07-24 15:07:02,"Displaced subtrochanteric fracture of left femur, subsequent encounter for open fracture type I or II with nonunion"
2009-04-13 12:56:09,"Displaced fracture of lateral condyle of right tibia, initial encounter for open fracture type I or II"
2015-07-31 04:55:50,"Injury of radial nerve at wrist and hand level of left arm, subsequent encounter"
2007-06-08 14:06:11,"Atherosclerosis of nonbiological bypass graft(s) of the extremities with gangrene, other extremity"
2020-09-24 04:51:28,"Nondisplaced intertrochanteric fracture of right femur, initial encounter for open fracture type IIIA, IIIB, or IIIC"
1978-06-08 14:57:35,"Fall from, out of or through balcony, initial encounter"
2005-08-30 14:36:21,"Aggressive periodontitis, generalized, moderate"
1978-07-06 03:46:52,Furuncle of other sites
2000-11-23 17:01:02,"Motorcycle passenger injured in collision with other motor vehicles in nontraffic accident, sequela"
1978-10-23 07:22:10,"Nondisplaced spiral fracture of shaft of radius, unspecified arm, subsequent encounter for open fracture type IIIA, IIIB, or IIIC with malunion"
2005-02-12 07:03:59,"Other specified disorders of bone density and structure, right ankle and foot"
1980-05-28 21:30:01,"Unspecified fracture of shaft of right radius, subsequent encounter for closed fracture with routine healing"
1994-10-01 12:21:00,"Toxic effect of chloroform, assault"
1978-06-18 01:20:26,Other subluxation of unspecified patella
2014-04-19 21:17:04,"Laceration without foreign body of unspecified great toe with damage to nail, sequela"
2015-04-28 16:50:17,Acquired clubfoot
2020-03-08 07:30:32,"Other specified injury of right carotid artery, subsequent encounter"
1987-11-13 16:52:23,"Nondisplaced bicondylar fracture of right tibia, subsequent encounter for open fracture type IIIA, IIIB, or IIIC with nonunion"
2017-07-21 19:38:19,"Military operations involving explosion of aerial bomb, civilian"
1986-11-30 20:33:43,"Displaced fracture of head of left radius, subsequent encounter for open fracture type I or II with nonunion"
1981-09-01 03:12:36,Chronic pneumothorax
1980-10-28 19:54:27,Pool of other specified residential institution as the place of occurrence of the external cause
1999-05-07 01:43:36,Malignant melanoma of skin of breast
2014-06-23 11:11:10,"Displaced fracture of fourth metatarsal bone, right foot"
2000-01-17 00:28:46,"Blister (nonthermal) of right shoulder, initial encounter"
2009-11-20 16:57:11,Laceration without foreign body of right forearm
2001-01-03 12:48:56,Drug or chemical induced diabetes mellitus with other skin complications
1978-11-21 06:07:46,"Nondisplaced oblique fracture of shaft of unspecified radius, sequela"
2009-03-17 22:37:05,"Puncture wound with foreign body of unspecified front wall of thorax without penetration into thoracic cavity, subsequent encounter"
2018-08-28 04:46:05,"Pathological fracture, left foot, subsequent encounter for fracture with malunion"
2016-09-25 13:17:49,"Poisoning by drugs affecting uric acid metabolism, assault, sequela"
2020-10-30 18:39:23,"Displaced fracture of neck of unspecified radius, subsequent encounter for closed fracture with delayed healing"
1997-02-24 16:37:00,Encounter for preprocedural examinations
2013-02-14 16:40:58,"Uterine size-date discrepancy, unspecified trimester"
2008-10-11 07:38:20,"Trigger finger, ring finger"
1980-07-25 13:01:54,"Partial loss of ear ossicles, bilateral"
1994-04-03 02:34:56,"Displaced fracture of epiphysis (separation) (upper) of left femur, subsequent encounter for open fracture type IIIA, IIIB, or IIIC with nonunion"
1986-05-09 16:48:42,"Intentional self-harm by sharp glass, initial encounter"
1997-01-23 23:08:56,Personal history of malignant carcinoid tumor of rectum
1997-10-21 10:31:31,Other paralytic syndrome following nontraumatic subarachnoid hemorrhage affecting unspecified side
1978-05-03 15:01:52,Deformity of unspecified orbit due to bone disease
2018-07-16 19:34:49,"Nondisplaced fracture of body of hamate [unciform] bone, left wrist"
2014-05-01 12:48:12,Other specified diabetes mellitus with proliferative diabetic retinopathy without macular edema
1978-05-15 00:08:31,"Nondisplaced fracture of neck of fourth metacarpal bone, left hand, subsequent encounter for fracture with routine healing"
2013-10-14 14:51:35,Occupant of heavy transport vehicle injured in collision with pedal cycle
2020-03-12 03:11:57,Unspecified fracture of lower end of femur
1979-03-10 02:23:27,Unspecified abnormal cytological findings in specimens from vagina
2021-05-08 12:24:28,"Unspecified soft tissue disorder related to use, overuse and pressure, left shoulder"
2018-07-20 23:36:01,"Passenger on bus injured in collision with railway train or railway vehicle in nontraffic accident, sequela"
1995-05-23 12:38:00,"Military operations involving other firearms discharge, military personnel"
1986-08-06 20:26:50,"Displaced comminuted fracture of shaft of ulna, left arm, subsequent encounter for open fracture type IIIA, IIIB, or IIIC with nonunion"
2021-05-13 23:39:37,Injury of unspecified blood vessel at hip and thigh level
2021-05-07 18:13:27,Benign lipomatous neoplasm
2002-04-08 03:30:25,"Displaced fracture of trapezium [larger multangular], left wrist, sequela"
2016-03-17 08:21:13,"Other superficial bite of right thigh, sequela"
1978-11-27 14:07:53,Family history of osteoporosis
1978-09-10 22:39:40,"Salter-Harris Type III physeal fracture of phalanx of left toe, subsequent encounter for fracture with routine healing"
2014-11-11 17:37:26,"Displaced fracture of fifth metatarsal bone, right foot, subsequent encounter for fracture with delayed healing"
1995-06-28 16:07:05,"Stress fracture, left shoulder, subsequent encounter for fracture with routine healing"
2003-01-10 12:14:48,Sanfilippo mucopolysaccharidoses
1981-06-13 01:56:46,"Laceration of other intra-abdominal organs, sequela"
2011-11-17 07:56:54,"Laceration of diaphragm, initial encounter"
2008-12-27 10:12:45,"Osteonecrosis due to previous trauma, right femur"
1997-08-11 01:14:09,Subluxation and dislocation of thoracic vertebra
1998-06-22 05:44:36,"Bipolar disorder, current episode manic severe with psychotic features"
1997-05-11 01:39:23,Acquired absence of other right toe(s)
2002-05-23 01:29:56,"Unspecified helicopter accident injuring occupant, subsequent encounter"
2014-01-04 09:57:19,Rh incompatibility with delayed hemolytic transfusion reaction
1992-07-20 03:55:27,Other symptoms and signs involving the musculoskeletal system
2015-08-17 02:23:08,Clonic hemifacial spasm
1986-07-14 02:37:54,"Toxic effect of carbon dioxide, accidental (unintentional), initial encounter"
1994-08-04 07:15:35,Carcinoma in situ of other parts of respiratory system
1984-02-21 05:33:18,"Other fracture of lower end of right femur, subsequent encounter for open fracture type I or II with delayed healing"
2003-01-02 03:29:01,Other chronic viral hepatitis
1993-09-29 09:23:06,"Nondisplaced spiral fracture of shaft of unspecified femur, subsequent encounter for closed fracture with routine healing"
1985-09-24 19:38:14,"Unspecified fracture of upper end of unspecified ulna, subsequent encounter for open fracture type IIIA, IIIB, or IIIC with delayed healing"
2020-11-01 02:13:05,Other specified injuries of external genitals
1995-03-25 03:13:02,Rheumatoid myopathy with rheumatoid arthritis of left wrist
1990-08-21 01:04:31,Ulnohumeral (joint) sprain of unspecified elbow
2013-02-20 07:10:43,"Contusion of left lesser toe(s) with damage to nail, subsequent encounter"
2019-03-20 10:11:51,"Breakdown (mechanical) of other ocular prosthetic devices, implants and grafts, sequela"
2011-10-30 19:53:01,"External constriction of nose, subsequent encounter"
1995-04-03 04:41:10,Laceration of colon
1979-07-09 00:58:45,"String or thread causing external constriction, initial encounter"
2006-03-20 16:20:24,"Other serum reaction due to other serum, sequela"
2000-04-24 16:35:43,"Other burn on board passenger vessel, subsequent encounter"
1988-09-05 18:15:03,"Corrosion of second degree of unspecified site of unspecified lower limb, except ankle and foot, sequela"
1984-08-14 22:44:50,"Bitten by other marine mammals, sequela"
1988-10-31 00:54:35,"Poisoning by coronary vasodilators, intentional self-harm, subsequent encounter"
2006-07-20 16:18:52,Vomiting
1984-10-31 03:39:08,"Salter-Harris Type II physeal fracture of lower end of right femur, subsequent encounter for fracture with malunion"
2013-09-04 20:43:39,"Other fracture of lower end of unspecified tibia, initial encounter for open fracture type IIIA, IIIB, or IIIC"
2005-04-14 21:35:42,"Poisoning by local antifungal, anti-infective and anti-inflammatory drugs, accidental (unintentional), initial encounter"
2018-01-05 09:03:58,Occlusion and stenosis of bilateral vertebral arteries
1992-10-16 20:02:18,"Subluxation of unspecified scapula, sequela"
2012-10-16 15:31:53,"Open bite of abdominal wall, periumbilic region with penetration into peritoneal cavity, initial encounter"
1983-04-21 13:55:05,"Nondisplaced fracture of proximal phalanx of left thumb, initial encounter for open fracture"
1982-01-19 10:43:19,"Car passenger injured in collision with other nonmotor vehicle in traffic accident, initial encounter"
2010-02-14 21:48:52,"Bent bone of right radius, initial encounter for open fracture type I or II"
1985-05-21 12:54:52,"Displaced dome fracture of left talus, sequela"
2020-01-18 06:46:17,Rheumatoid polyneuropathy with rheumatoid arthritis of right elbow
2001-01-17 13:09:12,Unspecified open wound of right cheek and temporomandibular area
2019-07-21 19:06:17,"Arthropathy following intestinal bypass, left knee"
1992-07-04 22:54:23,"Injury of other nerves at forearm level, unspecified arm, subsequent encounter"
2013-04-17 18:40:02,"Toxic effect of venom of wasps, accidental (unintentional), subsequent encounter"
2008-01-28 06:02:34,"Contact with other hot objects, undetermined intent, initial encounter"
2003-12-27 11:21:53,Driver of bus injured in collision with other and unspecified motor vehicles in nontraffic accident
2006-11-24 00:36:57,"Nondisplaced spiral fracture of shaft of radius, left arm, initial encounter for closed fracture"
2006-08-10 04:42:12,"Adverse effect of unspecified narcotics, sequela"
1990-12-08 08:04:17,"Arenaviral hemorrhagic fever, unspecified"
2014-07-26 18:59:22,"Recurrent dislocation, shoulder"
1978-12-12 02:16:27,Maple-syrup-urine disease
2019-11-24 22:30:06,"Strain of intrinsic muscle and tendon at ankle and foot level, left foot, sequela"
1985-05-03 20:40:33,"Partial traumatic amputation of left breast, sequela"
2013-03-29 04:28:35,"Small cell B-cell lymphoma, spleen"
2011-06-11 19:24:44,"Open bite of left forearm, initial encounter"
2016-02-29 21:52:11,Alcohol dependence with alcohol-induced mood disorder
1993-02-06 01:37:50,"Unspecified fracture of unspecified pubis, subsequent encounter for fracture with nonunion"
1989-08-29 11:34:33,"Other injury of flexor muscle, fascia and tendon of right middle finger at wrist and hand level, sequela"
1979-10-31 12:17:36,"Other fracture of upper end of right tibia, subsequent encounter for open fracture type I or II with routine healing"
2021-09-19 10:22:45,"Sprain of tarsometatarsal ligament of left foot, initial encounter"
2001-05-10 20:58:16,"Type I occipital condyle fracture, left side"
1980-10-01 07:31:29,"Driver of three-wheeled motor vehicle injured in noncollision transport accident in traffic accident, sequela"
1979-08-26 23:49:34,"Corrosion of third degree of left lower leg, sequela"
2021-06-15 01:34:21,"Coma scale, eyes open, never, in the field [EMT or ambulance]"
1998-02-28 10:29:08,"Nondisplaced segmental fracture of shaft of unspecified fibula, subsequent encounter for closed fracture with delayed healing"
2010-08-18 21:05:00,"Retained intrauterine contraceptive device in pregnancy, second trimester"
1987-11-25 01:26:56,"Underdosing of unspecified narcotics, initial encounter"
2021-02-03 23:54:55,"Nondisplaced fracture of lateral malleolus of unspecified fibula, subsequent encounter for open fracture type I or II with delayed healing"
2013-05-05 02:38:38,"Major laceration of right kidney, initial encounter"
1995-09-19 03:56:40,"Displaced intertrochanteric fracture of left femur, subsequent encounter for closed fracture with malunion"
2002-11-28 23:47:52,"Toxic effect of cadmium and its compounds, accidental (unintentional), sequela"
2011-07-27 20:36:43,"Rupture of synovium, unspecified shoulder"
2001-11-19 18:18:35,"Displaced midcervical fracture of left femur, subsequent encounter for open fracture type IIIA, IIIB, or IIIC with malunion"
2014-10-16 17:22:55,Psychomotor deficit following cerebral infarction
1990-05-04 05:48:58,Pedal cycle passenger injured in collision with fixed or stationary object in traffic accident
2009-08-20 13:28:27,"Fracture of unspecified phalanx of left little finger, subsequent encounter for fracture with malunion"
2018-01-18 07:51:18,"Other shellfish poisoning, intentional self-harm, sequela"
1998-12-07 22:49:20,Hematosalpinx
2004-08-18 00:21:29,Phthiriasis
1988-01-06 15:54:05,Corrosion of third degree of unspecified upper arm
1981-09-22 21:57:00,Displaced fracture of posterior column [ilioischial] of unspecified acetabulum
1986-03-12 18:07:52,"Unspecified open wound, left hip, initial encounter"
1980-01-16 12:59:12,"Displaced comminuted fracture of shaft of right femur, initial encounter for closed fracture"
2002-12-21 02:14:13,Other forms of erysipeloid
2019-12-02 16:11:06,"Poisoning by predominantly beta-adrenoreceptor agonists, assault"
1988-05-16 02:06:37,"Legal intervention involving other sharp objects, bystander injured, sequela"
2015-07-06 14:20:56,"Laceration of unspecified muscles, fascia and tendons at forearm level, left arm"
1985-02-07 17:17:30,"Person on outside of heavy transport vehicle injured in collision with railway train or railway vehicle in nontraffic accident, initial encounter"
2008-06-21 20:58:22,"Cystic meniscus, anterior horn of medial meniscus"
2015-02-16 01:33:49,"Other superficial bite of right great toe, initial encounter"
2010-04-13 14:14:50,"Unspecified retinoschisis, bilateral"
2019-04-28 04:53:55,"Poisoning by drugs affecting uric acid metabolism, intentional self-harm, sequela"
2002-08-08 22:45:51,"Fracture of unspecified part of neck of right femur, initial encounter for open fracture type IIIA, IIIB, or IIIC"
1980-09-16 04:21:56,"Displaced fracture of hook process of hamate [unciform] bone, unspecified wrist, subsequent encounter for fracture with malunion"
2002-11-03 12:55:33,"Nondisplaced fracture of medial phalanx of right middle finger, subsequent encounter for fracture with nonunion"
2009-12-04 22:12:22,"Bather struck by powered watercraft, subsequent encounter"
1984-03-28 22:03:31,"Explosion of unspecified explosive materials, subsequent encounter"
1982-10-06 03:07:49,"Decreased fetal movements, unspecified trimester, other fetus"
1984-11-20 03:29:18,"Displaced comminuted fracture of shaft of unspecified femur, sequela"
1997-08-30 21:37:51,"Toxic effect of phenol and phenol homologues, intentional self-harm, subsequent encounter"
1983-02-20 20:38:13,Epistaxis
1993-04-30 01:03:58,"Atherosclerosis of native arteries of extremities with rest pain, unspecified extremity"
1981-02-10 20:58:07,"Stenosis due to internal orthopedic prosthetic devices, implants and grafts"
1998-10-16 23:33:58,"Poisoning by unspecified psychotropic drug, accidental (unintentional), initial encounter"
2002-04-04 20:35:31,Chronic embolism and thrombosis of unspecified deep veins of right lower extremity
1993-03-17 04:06:05,"Poisoning by, adverse effect of and underdosing of hormones and their synthetic substitutes and antagonists, not elsewhere classified"
